Security,I29068JP Index,
Start Date,1/31/2013 0:00,
End Date,5/21/2025 0:00,
Period,D,
,,
Date,PX_LAST,TOT_RETURN_INDEX_GROSS_DVDS
5/21/2025,94.78,94.78
5/20/2025,95.04,95.04
5/19/2025,97.22,97.22
5/16/2025,97.58,97.58
5/15/2025,97.43,97.43
5/14/2025,98.27,98.27
5/13/2025,98.5,98.5
5/12/2025,97.21,97.21
5/9/2025,98.11,98.11
5/8/2025,98.56,98.56
5/7/2025,99,99
5/6/2025,100.66,100.66
5/5/2025,100.66,100.66
5/2/2025,100.66,100.66
5/1/2025,101.34,101.34
4/30/2025,101.4,101.4
4/29/2025,101.38,101.38
4/28/2025,101.38,101.38
4/25/2025,101.48,101.48
4/24/2025,101.81,101.81
4/23/2025,101.63,101.63
4/22/2025,100.67,100.67
4/21/2025,100.22,100.22
4/18/2025,101.12,101.12
4/17/2025,101.28,101.28
4/16/2025,100.89,100.89
4/15/2025,99.18,99.18
4/14/2025,98.83,98.83
4/11/2025,100.37,100.37
4/10/2025,101.25,101.25
4/9/2025,100.9,100.9
4/8/2025,105.33,105.33
4/7/2025,109.26,109.26
4/4/2025,108.51,108.51
4/3/2025,106.39,106.39
4/2/2025,104.8,104.8
4/1/2025,103.83,103.83
3/31/2025,104.16,104.16
3/28/2025,104.05,104.05
3/27/2025,103.02,103.02
3/26/2025,102.63,102.63
3/25/2025,102.58,102.58
3/24/2025,102.82,102.82
3/21/2025,102.9,102.9
3/20/2025,102.8,102.8
3/19/2025,102.8,102.8
3/18/2025,102.67,102.67
3/17/2025,102.36,102.36
3/14/2025,102.81,102.81
3/13/2025,102.91,102.91
3/12/2025,103,103
3/11/2025,102.78,102.78
3/10/2025,102.58,102.58
3/7/2025,103.66,103.66
3/6/2025,104.6,104.6
3/5/2025,106.32,106.32
3/4/2025,107,107
3/3/2025,107.2,107.2
2/28/2025,107.36,107.36
2/27/2025,107.41,107.41
2/26/2025,107.79,107.79
2/25/2025,107.73,107.73
2/24/2025,107.28,107.28
2/21/2025,107.28,107.28
2/20/2025,107.64,107.64
2/19/2025,107.28,107.28
2/18/2025,107.39,107.39
2/17/2025,108.05,108.05
2/14/2025,107.97,107.97
2/13/2025,108,108
2/12/2025,108.23,108.23
2/11/2025,108.36,108.36
2/10/2025,108.36,108.36
2/7/2025,108.62,108.62
2/6/2025,109.05,109.05
2/5/2025,107.71,107.71
2/4/2025,107.89,107.89
2/3/2025,108.39,108.39
1/31/2025,108.72,108.72
1/30/2025,109.21,109.21
1/29/2025,109.79,109.79
1/28/2025,109.44,109.44
1/27/2025,109.15,109.15
1/24/2025,109,109
1/23/2025,109.24,109.24
1/22/2025,109.31,109.31
1/21/2025,109.18,109.18
1/20/2025,108.95,108.95
1/17/2025,108.61,108.61
1/16/2025,107.97,107.97
1/15/2025,107.24,107.24
1/14/2025,107.73,107.73
1/13/2025,108.25,108.25
1/10/2025,108.25,108.25
1/9/2025,108.48,108.48
1/8/2025,108.56,108.56
1/7/2025,109.01,109.01
1/6/2025,109.12,109.12
1/3/2025,109.51,109.51
1/2/2025,109.51,109.51
12/31/2024,109.51,109.51
12/30/2024,109.51,109.51
12/27/2024,109.49,109.49
12/26/2024,110,110
12/25/2024,110.14,110.14
12/24/2024,109.97,109.97
12/23/2024,109.74,109.74
12/20/2024,109.89,109.89
12/19/2024,109.46,109.46
12/18/2024,109.59,109.59
12/17/2024,109.26,109.26
12/16/2024,109.55,109.55
12/13/2024,110.12,110.12
12/12/2024,110.12,110.12
12/11/2024,109.79,109.79
12/10/2024,109.66,109.66
12/9/2024,109.85,109.85
12/6/2024,109.57,109.57
12/5/2024,109.16,109.16
12/4/2024,109.34,109.34
12/3/2024,109.09,109.09
12/2/2024,109.2,109.2
11/29/2024,109.26,109.26
11/28/2024,108.88,108.88
11/27/2024,108.7,108.7
11/26/2024,109.02,109.02
11/25/2024,108.92,108.92
11/22/2024,108.89,108.89
11/21/2024,108.83,108.83
11/20/2024,108.9,108.9
11/19/2024,108.88,108.88
11/18/2024,108.72,108.72
11/15/2024,108.8,108.8
11/14/2024,108.69,108.69
11/13/2024,109.14,109.14
11/12/2024,109.51,109.51
11/11/2024,109.76,109.76
11/8/2024,109.79,109.79
11/7/2024,109.7,109.7
11/6/2024,110.19,110.19
11/5/2024,110.53,110.53
11/4/2024,110.48,110.48
11/1/2024,110.48,110.48
10/31/2024,110.51,110.51
10/30/2024,110.08,110.08
10/29/2024,110.32,110.32
10/28/2024,110.39,110.39
10/25/2024,110.91,110.91
10/24/2024,110.36,110.36
10/23/2024,110.18,110.18
10/22/2024,110.39,110.39
10/21/2024,111.09,111.09
10/18/2024,111.3,111.3
10/17/2024,111.43,111.43
10/16/2024,111.06,111.06
10/15/2024,110.85,110.85
10/14/2024,110.91,110.91
10/11/2024,110.91,110.91
10/10/2024,110.8,110.8
10/9/2024,111.48,111.48
10/8/2024,111.9,111.9
10/7/2024,111.93,111.93
10/4/2024,112.68,112.68
10/3/2024,112.62,112.62
10/2/2024,112.9,112.9
10/1/2024,112.64,112.64
9/30/2024,112.55,112.55
9/27/2024,112.47,112.47
9/26/2024,112.66,112.66
9/25/2024,113.23,113.23
9/24/2024,112.81,112.81
9/23/2024,112.4,112.4
9/20/2024,112.4,112.4
9/19/2024,112.88,112.88
9/18/2024,114.2,114.2
9/17/2024,114.24,114.24
9/16/2024,113.63,113.63
9/13/2024,113.63,113.63
9/12/2024,112.86,112.86
9/11/2024,112.85,112.85
9/10/2024,112.53,112.53
9/9/2024,112.91,112.91
9/6/2024,113.38,113.38
9/5/2024,112.75,112.75
9/4/2024,112.36,112.36
9/3/2024,111.86,111.86
9/2/2024,111.75,111.75
8/30/2024,112.15,112.15
8/29/2024,112.36,112.36
8/28/2024,112.75,112.75
8/27/2024,112.72,112.72
8/26/2024,112.37,112.37
8/23/2024,112.38,112.38
8/22/2024,112.45,112.45
8/21/2024,112.05,112.05
8/20/2024,111.7,111.7
8/19/2024,112.15,112.15
8/16/2024,112.74,112.74
8/15/2024,113.21,113.21
8/14/2024,113.09,113.09
8/13/2024,112.35,112.35
8/12/2024,112.29,112.29
8/9/2024,112.29,112.29
8/8/2024,111.89,111.89
8/7/2024,110.14,110.14
8/6/2024,111.8,111.8
8/5/2024,115.45,115.45
8/2/2024,111.75,111.75
8/1/2024,110.44,110.44
7/31/2024,109.75,109.75
7/30/2024,110.73,110.73
7/29/2024,110.65,110.65
7/26/2024,110.17,110.17
7/25/2024,109.62,109.62
7/24/2024,109.17,109.17
7/23/2024,109.62,109.62
7/22/2024,109.68,109.68
7/19/2024,110.12,110.12
7/18/2024,109.88,109.88
7/17/2024,109.56,109.56
7/16/2024,109.61,109.61
7/15/2024,109.12,109.12
7/12/2024,109.12,109.12
7/11/2024,108.19,108.19
7/10/2024,108.22,108.22
7/9/2024,108.56,108.56
7/8/2024,108.61,108.61
7/5/2024,108.76,108.76
7/4/2024,108.86,108.86
7/3/2024,108.97,108.97
7/2/2024,109.27,109.27
7/1/2024,109.61,109.61
6/28/2024,109.87,109.87
6/27/2024,109.28,109.28
6/26/2024,110.11,110.11
6/25/2024,110.71,110.71
6/24/2024,111.13,111.13
6/21/2024,111.53,111.53
6/20/2024,111.9,111.9
6/19/2024,111.91,111.91
6/18/2024,111.54,111.54
6/17/2024,112.13,112.13
6/14/2024,112.87,112.87
6/13/2024,112.01,112.01
6/12/2024,111.44,111.44
6/11/2024,110.81,110.81
6/10/2024,110.71,110.71
6/7/2024,112.25,112.25
6/6/2024,112.32,112.32
6/5/2024,110.78,110.78
6/4/2024,110.01,110.01
6/3/2024,109.62,109.62
5/31/2024,109.76,109.76
5/30/2024,110.29,110.29
5/29/2024,109.94,109.94
5/28/2024,110.6,110.6
5/27/2024,110.69,110.69
5/24/2024,110.8,110.8
5/23/2024,111.03,111.03
5/22/2024,111.56,111.56
5/21/2024,112.35,112.35
5/20/2024,112.69,112.69
5/17/2024,113.08,113.08
5/16/2024,113.6,113.6
5/15/2024,113.09,113.09
5/14/2024,113.24,113.24
5/13/2024,113.73,113.73
5/10/2024,114.43,114.43
5/9/2024,114.82,114.82
5/8/2024,115.07,115.07
5/7/2024,114.87,114.87
5/6/2024,114.64,114.64
5/3/2024,114.64,114.64
5/2/2024,114.64,114.64
5/1/2024,114.95,114.95
4/30/2024,115.45,115.45
4/29/2024,114.95,114.95
4/26/2024,114.95,114.95
4/25/2024,115.16,115.16
4/24/2024,115.18,115.18
4/23/2024,115.21,115.21
4/22/2024,115.78,115.78
4/19/2024,116.6,116.6
4/18/2024,115.89,115.89
4/17/2024,115.34,115.34
4/16/2024,115.71,115.71
4/15/2024,116,116
4/12/2024,115.96,115.96
4/11/2024,116.02,116.02
4/10/2024,117.57,117.57
4/9/2024,117.87,117.87
4/8/2024,118.14,118.14
4/5/2024,118.52,118.52
4/4/2024,118.36,118.36
4/3/2024,118.5,118.5
4/2/2024,118.5,118.5
4/1/2024,118.94,118.94
3/29/2024,119.38,119.38
3/28/2024,120.22,120.22
3/27/2024,119.56,119.56
3/26/2024,119.05,119.05
3/25/2024,119.14,119.14
3/22/2024,119.17,119.17
3/21/2024,119.26,119.26
3/20/2024,119.23,119.23
3/19/2024,119.23,119.23
3/18/2024,118.91,118.91
3/15/2024,118.23,118.23
3/14/2024,118.54,118.54
3/13/2024,119.16,119.16
3/12/2024,118.89,118.89
3/11/2024,119.01,119.01
3/8/2024,119.79,119.79
3/7/2024,120.12,120.12
3/6/2024,120.37,120.37
3/5/2024,120.25,120.25
3/4/2024,120.26,120.26
3/1/2024,120.56,120.56
2/29/2024,120.41,120.41
2/28/2024,120.98,120.98
2/27/2024,121.55,121.55
2/26/2024,121.66,121.66
2/23/2024,120.84,120.84
2/22/2024,120.84,120.84
2/21/2024,120.7,120.7
2/20/2024,120.16,120.16
2/19/2024,119.45,119.45
2/16/2024,119.38,119.38
2/15/2024,118.93,118.93
2/14/2024,118.83,118.83
2/13/2024,119.12,119.12
2/12/2024,119.33,119.33
2/9/2024,119.33,119.33
2/8/2024,119.71,119.71
2/7/2024,119.5,119.5
2/6/2024,119.04,119.04
2/5/2024,118.96,118.96
2/2/2024,119.76,119.76
2/1/2024,118.87,118.87
1/31/2024,118.22,118.22
1/30/2024,118.48,118.48
1/29/2024,118.12,118.12
1/26/2024,118.34,118.34
1/25/2024,118.07,118.07
1/24/2024,118.58,118.58
1/23/2024,120.48,120.48
1/22/2024,119.68,119.68
1/19/2024,119.69,119.69
1/18/2024,121.02,121.02
1/17/2024,122.81,122.81
1/16/2024,123.42,123.42
1/15/2024,123.77,123.77
1/12/2024,122.89,122.89
1/11/2024,122.85,122.85
1/10/2024,122.57,122.57
1/9/2024,122.38,122.38
1/8/2024,122,122
1/5/2024,122,122
1/4/2024,121.25,121.25
1/3/2024,121.47,121.47
1/2/2024,121.47,121.47
12/29/2023,121.47,121.47
12/28/2023,122.38,122.38
12/27/2023,122.84,122.84
12/26/2023,122.25,122.25
12/25/2023,122.65,122.65
12/22/2023,122.85,122.85
12/21/2023,124.47,124.47
12/20/2023,125.21,125.21
12/19/2023,122.82,122.82
12/18/2023,121.62,121.62
12/15/2023,121.1,121.1
12/14/2023,121.23,121.23
12/13/2023,120.73,120.73
12/12/2023,119.02,119.02
12/11/2023,118.27,118.27
12/8/2023,118.67,118.67
12/7/2023,119.96,119.96
12/6/2023,121.94,121.94
12/5/2023,120.4,120.4
12/4/2023,120.34,120.34
12/1/2023,120.31,120.31
11/30/2023,120.48,120.48
11/29/2023,120.76,120.76
11/28/2023,119.25,119.25
11/27/2023,119.48,119.48
11/24/2023,119.74,119.74
11/23/2023,120.51,120.51
11/22/2023,120.51,120.51
11/21/2023,121.79,121.79
11/20/2023,120.1,120.1
11/17/2023,120.02,120.02
11/16/2023,119.08,119.08
11/15/2023,119.24,119.24
11/14/2023,118.07,118.07
11/13/2023,117.73,117.73
11/10/2023,118.39,118.39
11/9/2023,118.6,118.6
11/8/2023,117.58,117.58
11/7/2023,116.56,116.56
11/6/2023,116.42,116.42
11/3/2023,115.3,115.3
11/2/2023,115.3,115.3
11/1/2023,114.54,114.54
10/31/2023,114.98,114.98
10/30/2023,115.51,115.51
10/27/2023,115.84,115.84
10/26/2023,115.66,115.66
10/25/2023,115.98,115.98
10/24/2023,115.6,115.6
10/23/2023,115.33,115.33
10/20/2023,116.4,116.4
10/19/2023,116.88,116.88
10/18/2023,117.6,117.6
10/17/2023,118.15,118.15
10/16/2023,119.38,119.38
10/13/2023,119.56,119.56
10/12/2023,119.92,119.92
10/11/2023,118.97,118.97
10/10/2023,118.45,118.45
10/9/2023,118.31,118.31
10/6/2023,118.31,118.31
10/5/2023,118.68,118.68
10/4/2023,118.78,118.78
10/3/2023,119.87,119.87
10/2/2023,120.2,120.2
9/29/2023,120.67,120.67
9/28/2023,120.98,120.98
9/27/2023,121.29,121.29
9/26/2023,121.32,121.32
9/25/2023,121.58,121.58
9/22/2023,121.4,121.4
9/21/2023,121.53,121.53
9/20/2023,121.29,121.29
9/19/2023,121.39,121.39
9/18/2023,121.92,121.92
9/15/2023,121.92,121.92
9/14/2023,121.98,121.98
9/13/2023,121.53,121.53
9/12/2023,120.99,120.99
9/11/2023,121.06,121.06
9/8/2023,122.37,122.37
9/7/2023,122.52,122.52
9/6/2023,122.69,122.69
9/5/2023,122.39,122.39
9/4/2023,122.63,122.63
9/1/2023,122.97,122.97
8/31/2023,122.21,122.21
8/30/2023,122.37,122.37
8/29/2023,122.7,122.7
8/28/2023,122.35,122.35
8/25/2023,122.44,122.44
8/24/2023,122.47,122.47
8/23/2023,121.85,121.85
8/22/2023,122.18,122.18
8/21/2023,122.61,122.61
8/18/2023,123.09,123.09
8/17/2023,122.7,122.7
8/16/2023,123.97,123.97
8/15/2023,123.8,123.8
8/14/2023,123.9,123.9
8/11/2023,125.01,125.01
8/10/2023,125.01,125.01
8/9/2023,125.82,125.82
8/8/2023,124.6,124.6
8/7/2023,123.58,123.58
8/4/2023,123.19,123.19
8/3/2023,123.98,123.98
8/2/2023,124.67,124.67
8/1/2023,125.38,125.38
7/31/2023,126.13,126.13
7/28/2023,128.85,128.85
7/27/2023,130.76,130.76
7/26/2023,130.47,130.47
7/25/2023,130,130
7/24/2023,130.49,130.49
7/21/2023,129.29,129.29
7/20/2023,129.3,129.3
7/19/2023,128.63,128.63
7/18/2023,128.07,128.07
7/17/2023,128.79,128.79
7/14/2023,128.79,128.79
7/13/2023,129.65,129.65
7/12/2023,129.91,129.91
7/11/2023,130.54,130.54
7/10/2023,129.98,129.98
7/7/2023,131.59,131.59
7/6/2023,132.63,132.63
7/5/2023,132.66,132.66
7/4/2023,132.09,132.09
7/3/2023,131.83,131.83
6/30/2023,132.08,132.08
6/29/2023,132.95,132.95
6/28/2023,132.83,132.83
6/27/2023,133.23,133.23
6/26/2023,133.33,133.33
6/23/2023,132.59,132.59
6/22/2023,132.51,132.51
6/21/2023,132.85,132.85
6/20/2023,132.77,132.77
6/19/2023,132.35,132.35
6/16/2023,132.19,132.19
6/15/2023,131.87,131.87
6/14/2023,131.81,131.81
6/13/2023,131.91,131.91
6/12/2023,131.34,131.34
6/9/2023,131.31,131.31
6/8/2023,131.11,131.11
6/7/2023,131.55,131.55
6/6/2023,131.26,131.26
6/5/2023,130.91,130.91
6/2/2023,131.15,131.15
6/1/2023,131.34,131.34
5/31/2023,131.41,131.41
5/30/2023,131.4,131.4
5/29/2023,131.16,131.16
5/26/2023,131.4,131.4
5/25/2023,130.98,130.98
5/24/2023,131.54,131.54
5/23/2023,132,132
5/22/2023,132.33,132.33
5/19/2023,131.73,131.73
5/18/2023,132.14,132.14
5/17/2023,132.74,132.74
5/16/2023,131.5,131.5
5/15/2023,131.12,131.12
5/12/2023,131.82,131.82
5/11/2023,132.06,132.06
5/10/2023,130.99,130.99
5/9/2023,130.73,130.73
5/8/2023,131.09,131.09
5/5/2023,130.76,130.76
5/4/2023,130.76,130.76
5/3/2023,130.76,130.76
5/2/2023,130.76,130.76
5/1/2023,131.15,131.15
4/28/2023,131.67,131.67
4/27/2023,129.18,129.18
4/26/2023,129.42,129.42
4/25/2023,128.61,128.61
4/24/2023,128.31,128.31
4/21/2023,128.68,128.68
4/20/2023,128.77,128.77
4/19/2023,129.27,129.27
4/18/2023,128.77,128.77
4/17/2023,128.77,128.77
4/14/2023,129.64,129.64
4/13/2023,129.87,129.87
4/12/2023,129.25,129.25
4/11/2023,129.26,129.26
4/10/2023,129.29,129.29
4/7/2023,129.57,129.57
4/6/2023,128.46,128.46
4/5/2023,127.95,127.95
4/4/2023,127.97,127.97
4/3/2023,129.19,129.19
3/31/2023,130.91,130.91
3/30/2023,131.47,131.47
3/29/2023,131.61,131.61
3/28/2023,129.86,129.86
3/27/2023,128.05,128.05
3/24/2023,128.46,128.46
3/23/2023,128.68,128.68
3/22/2023,128.96,128.96
3/21/2023,130.62,130.62
3/20/2023,130.62,130.62
3/17/2023,129.47,129.47
3/16/2023,129.59,129.59
3/15/2023,129.4,129.4
3/14/2023,132.53,132.53
3/13/2023,128.57,128.57
3/10/2023,125.98,125.98
3/9/2023,124.92,124.92
3/8/2023,124.97,124.97
3/7/2023,125.64,125.64
3/6/2023,125.88,125.88
3/3/2023,125.83,125.83
3/2/2023,126.48,126.48
3/1/2023,127.05,127.05
2/28/2023,126.78,126.78
2/27/2023,124.97,124.97
2/24/2023,124.66,124.66
2/23/2023,124.39,124.39
2/22/2023,124.39,124.39
2/21/2023,123.6,123.6
2/20/2023,123.53,123.53
2/17/2023,123.54,123.54
2/16/2023,124.02,124.02
2/15/2023,124.06,124.06
2/14/2023,123.69,123.69
2/13/2023,123.53,123.53
2/10/2023,122.3,122.3
2/9/2023,122.83,122.83
2/8/2023,122.78,122.78
2/7/2023,122.32,122.32
2/6/2023,122.8,122.8
2/3/2023,123.08,123.08
2/2/2023,122.86,122.86
2/1/2023,121.78,121.78
1/31/2023,120.87,120.87
1/30/2023,121.09,121.09
1/27/2023,121.77,121.77
1/26/2023,122.89,122.89
1/25/2023,122.79,122.79
1/24/2023,122.79,122.79
1/23/2023,122.59,122.59
1/20/2023,122.5,122.5
1/19/2023,122.44,122.44
1/18/2023,122.45,122.45
1/17/2023,122.22,122.22
1/16/2023,121.76,121.76
1/13/2023,120.59,120.59
1/12/2023,120.15,120.15
1/11/2023,121.45,121.45
1/10/2023,121.08,121.08
1/9/2023,121.98,121.98
1/6/2023,121.98,121.98
1/5/2023,121.56,121.56
1/4/2023,121.19,121.19
1/3/2023,121.91,121.91
12/30/2022,121.91,121.91
12/29/2022,121.93,121.93
12/28/2022,123.01,123.01
12/27/2022,123.59,123.59
12/26/2022,124.39,124.39
12/23/2022,124.4,124.4
12/22/2022,123.84,123.84
12/21/2022,123.78,123.78
12/20/2022,123.66,123.66
12/19/2022,124.57,124.57
12/16/2022,125.58,125.58
12/15/2022,126.98,126.98
12/14/2022,127.59,127.59
12/13/2022,127.16,127.16
12/12/2022,126.66,126.66
12/9/2022,127.21,127.21
12/8/2022,126.32,126.32
12/7/2022,125.71,125.71
12/6/2022,125.4,125.4
12/5/2022,125.32,125.32
12/2/2022,125.12,125.12
12/1/2022,124.71,124.71
11/30/2022,124.83,124.83
11/29/2022,124.6,124.6
11/28/2022,125.48,125.48
11/25/2022,125.74,125.74
11/24/2022,126.63,126.63
11/23/2022,126.27,126.27
11/22/2022,126.27,126.27
11/21/2022,126.64,126.64
11/18/2022,127.3,127.3
11/17/2022,127.74,127.74
11/16/2022,126.72,126.72
11/15/2022,126.26,126.26
11/14/2022,125.31,125.31
11/11/2022,126.6,126.6
11/10/2022,124.6,124.6
11/9/2022,124.68,124.68
11/8/2022,122.98,122.98
11/7/2022,123.65,123.65
11/4/2022,124.04,124.04
11/3/2022,124.75,124.75
11/2/2022,124.75,124.75
11/1/2022,125.57,125.57
10/31/2022,126.92,126.92
10/28/2022,126.12,126.12
10/27/2022,124.98,124.98
10/26/2022,123.46,123.46
10/25/2022,122.61,122.61
10/24/2022,121.77,121.77
10/21/2022,123.04,123.04
10/20/2022,124.41,124.41
10/19/2022,125.03,125.03
10/18/2022,124.96,124.96
10/17/2022,125.2,125.2
10/14/2022,126.33,126.33
10/13/2022,126.11,126.11
10/12/2022,126.13,126.13
10/11/2022,127.38,127.38
10/10/2022,128.95,128.95
10/7/2022,128.95,128.95
10/6/2022,129.08,129.08
10/5/2022,129.35,129.35
10/4/2022,129.59,129.59
10/3/2022,129.2,129.2
9/30/2022,127.85,127.85
9/29/2022,127.6,127.6
9/28/2022,126.16,126.16
9/27/2022,126.96,126.96
9/26/2022,128.47,128.47
9/23/2022,129.94,129.94
9/22/2022,129.94,129.94
9/21/2022,129.56,129.56
9/20/2022,129.78,129.78
9/19/2022,130.36,130.36
9/16/2022,130.36,130.36
9/15/2022,131.14,131.14
9/14/2022,132.72,132.72
9/13/2022,131.77,131.77
9/12/2022,130.41,130.41
9/9/2022,129.79,129.79
9/8/2022,130.41,130.41
9/7/2022,130.23,130.23
9/6/2022,131.55,131.55
9/5/2022,131.64,131.64
9/2/2022,131.3,131.3
9/1/2022,132.2,132.2
8/31/2022,132.98,132.98
8/30/2022,132.62,132.62
8/29/2022,132.79,132.79
8/26/2022,133.82,133.82
8/25/2022,133.65,133.65
8/24/2022,133.91,133.91
8/23/2022,133.94,133.94
8/22/2022,134.53,134.53
8/19/2022,135.94,135.94
8/18/2022,135.74,135.74
8/17/2022,136.27,136.27
8/16/2022,135.8,135.8
8/15/2022,135.1,135.1
8/12/2022,135.41,135.41
8/11/2022,135.31,135.31
8/10/2022,135.31,135.31
8/9/2022,135.06,135.06
8/8/2022,134.25,134.25
8/5/2022,134.05,134.05
8/4/2022,133.32,133.32
8/3/2022,132.69,132.69
8/2/2022,133.23,133.23
8/1/2022,132.28,132.28
7/29/2022,133.12,133.12
7/28/2022,132.73,132.73
7/27/2022,133.49,133.49
7/26/2022,133.08,133.08
7/25/2022,132.44,132.44
7/22/2022,131.67,131.67
7/21/2022,130.63,130.63
7/20/2022,130.29,130.29
7/19/2022,130.73,130.73
7/18/2022,131.95,131.95
7/15/2022,131.94,131.94
7/14/2022,131.08,131.08
7/13/2022,130.6,130.6
7/12/2022,129.76,129.76
7/11/2022,130.1,130.1
7/8/2022,131.09,131.09
7/7/2022,131.45,131.45
7/6/2022,131.38,131.38
7/5/2022,131.08,131.08
7/4/2022,132.12,132.12
7/1/2022,132.29,132.29
6/30/2022,131.91,131.91
6/29/2022,130.97,130.97
6/28/2022,130.42,130.42
6/27/2022,130.79,130.79
6/24/2022,131.86,131.86
6/23/2022,132.08,132.08
6/22/2022,131.41,131.41
6/21/2022,131.57,131.57
6/20/2022,132.31,132.31
6/17/2022,133.41,133.41
6/16/2022,133.49,133.49
6/15/2022,132.03,132.03
6/14/2022,133.4,133.4
6/13/2022,133.61,133.61
6/10/2022,135.74,135.74
6/9/2022,136.04,136.04
6/8/2022,136.42,136.42
6/7/2022,136.51,136.51
6/6/2022,136.93,136.93
6/3/2022,137.1,137.1
6/2/2022,136.7,136.7
6/1/2022,137.05,137.05
5/31/2022,137.36,137.36
5/30/2022,137.91,137.91
5/27/2022,138.08,138.08
5/26/2022,137.75,137.75
5/25/2022,139.12,139.12
5/24/2022,138.69,138.69
5/23/2022,138.22,138.22
5/20/2022,138.02,138.02
5/19/2022,137.49,137.49
5/18/2022,137.14,137.14
5/17/2022,137.33,137.33
5/16/2022,137.81,137.81
5/13/2022,137.91,137.91
5/12/2022,137.49,137.49
5/11/2022,137.18,137.18
5/10/2022,136.97,136.97
5/9/2022,136.93,136.93
5/6/2022,137.49,137.49
5/5/2022,138.08,138.08
5/4/2022,138.07,138.07
5/3/2022,138.07,138.07
5/2/2022,138.07,138.07
4/29/2022,138.58,138.58
4/28/2022,138.57,138.57
4/27/2022,138.19,138.19
4/26/2022,137.92,137.92
4/25/2022,137.53,137.53
4/22/2022,137.1,137.1
4/21/2022,137.79,137.79
4/20/2022,138.03,138.03
4/19/2022,138.59,138.59
4/18/2022,138.89,138.89
4/15/2022,139.37,139.37
4/14/2022,138.96,138.96
4/13/2022,137.98,137.98
4/12/2022,137.43,137.43
4/11/2022,137.67,137.67
4/8/2022,138.47,138.47
4/7/2022,137.74,137.74
4/6/2022,137.64,137.64
4/5/2022,139.36,139.36
4/4/2022,139.87,139.87
4/1/2022,140.05,140.05
3/31/2022,140.19,140.19
3/30/2022,138.51,138.51
3/29/2022,136.4,136.4
3/28/2022,137.91,137.91
3/25/2022,139.23,139.23
3/24/2022,140,140
3/23/2022,140.18,140.18
3/22/2022,140.77,140.77
3/21/2022,141.41,141.41
3/18/2022,141.39,141.39
3/17/2022,141.27,141.27
3/16/2022,141.09,141.09
3/15/2022,140.8,140.8
3/14/2022,141.85,141.85
3/11/2022,141.58,141.58
3/10/2022,141.9,141.9
3/9/2022,142.09,142.09
3/8/2022,141.96,141.96
3/7/2022,143.1,143.1
3/4/2022,142.65,142.65
3/3/2022,142.25,142.25
3/2/2022,142.31,142.31
3/1/2022,141.15,141.15
2/28/2022,141.4,141.4
2/25/2022,140.54,140.54
2/24/2022,141.63,141.63
2/23/2022,141.88,141.88
2/22/2022,141.88,141.88
2/21/2022,140.92,140.92
2/18/2022,139.78,139.78
2/17/2022,138.47,138.47
2/16/2022,140.04,140.04
2/15/2022,140.94,140.94
2/14/2022,141.27,141.27
2/11/2022,141.74,141.74
2/10/2022,141.74,141.74
2/9/2022,142.69,142.69
2/8/2022,142.19,142.19
2/7/2022,143.16,143.16
2/4/2022,143.78,143.78
2/3/2022,144.36,144.36
2/2/2022,144.14,144.14
2/1/2022,144.2,144.2
1/31/2022,144.73,144.73
1/28/2022,145.32,145.32
1/27/2022,145.9,145.9
1/26/2022,146.33,146.33
1/25/2022,146.38,146.38
1/24/2022,146.53,146.53
1/21/2022,146.59,146.59
1/20/2022,146.37,146.37
1/19/2022,146.61,146.61
1/18/2022,146.47,146.47
1/17/2022,146.39,146.39
1/14/2022,146.3,146.3
1/13/2022,146.88,146.88
1/12/2022,146.72,146.72
1/11/2022,146.33,146.33
1/10/2022,146.75,146.75
1/7/2022,146.74,146.74
1/6/2022,146.84,146.84
1/5/2022,147.29,147.29
1/4/2022,147.3,147.3
1/3/2022,147.43,147.43
12/31/2021,147.42,147.42
12/30/2021,147.41,147.41
12/29/2021,147.61,147.61
12/28/2021,147.8,147.8
12/27/2021,147.92,147.92
12/24/2021,147.79,147.79
12/23/2021,147.8,147.8
12/22/2021,148.08,148.08
12/21/2021,148.29,148.29
12/20/2021,148.61,148.61
12/17/2021,148.49,148.49
12/16/2021,148.56,148.56
12/15/2021,148.28,148.28
12/14/2021,148.35,148.35
12/13/2021,148.35,148.35
12/10/2021,148.11,148.11
12/9/2021,148.06,148.06
12/8/2021,148.08,148.08
12/7/2021,147.9,147.9
12/6/2021,148.23,148.23
12/3/2021,148.07,148.07
12/2/2021,147.81,147.81
12/1/2021,147.95,147.95
11/30/2021,147.89,147.89
11/29/2021,147.45,147.45
11/26/2021,147.55,147.55
11/25/2021,147.42,147.42
11/24/2021,147.38,147.38
11/23/2021,147.66,147.66
11/22/2021,147.65,147.65
11/19/2021,147.69,147.69
11/18/2021,147.38,147.38
11/17/2021,147.48,147.48
11/16/2021,147.68,147.68
11/15/2021,147.63,147.63
11/12/2021,147.63,147.63
11/11/2021,147.62,147.62
11/10/2021,148.02,148.02
11/9/2021,147.82,147.82
11/8/2021,148.12,148.12
11/5/2021,148.06,148.06
11/4/2021,147.81,147.81
11/3/2021,147.71,147.71
11/2/2021,147.71,147.71
11/1/2021,147.84,147.84
10/29/2021,147.63,147.63
10/28/2021,147.24,147.24
10/27/2021,146.94,146.94
10/26/2021,146.75,146.75
10/25/2021,146.63,146.63
10/22/2021,146.72,146.72
10/21/2021,147.03,147.03
10/20/2021,147.02,147.02
10/19/2021,147.32,147.32
10/18/2021,147.22,147.22
10/15/2021,147.49,147.49
10/14/2021,147.63,147.63
10/13/2021,147.36,147.36
10/12/2021,147.14,147.14
10/11/2021,147.17,147.17
10/8/2021,147.32,147.32
10/7/2021,147.64,147.64
10/6/2021,147.62,147.62
10/5/2021,147.89,147.89
10/4/2021,148.12,148.12
10/1/2021,148.25,148.25
9/30/2021,147.73,147.73
9/29/2021,147.42,147.42
9/28/2021,147.12,147.12
9/27/2021,147.58,147.58
9/24/2021,147.96,147.96
9/23/2021,148.54,148.54
9/22/2021,148.54,148.54
9/21/2021,148.42,148.42
9/20/2021,148.4,148.4
9/17/2021,148.39,148.39
9/16/2021,148.57,148.57
9/15/2021,148.74,148.74
9/14/2021,148.61,148.61
9/13/2021,148.59,148.59
9/10/2021,148.51,148.51
9/9/2021,148.41,148.41
9/8/2021,148.22,148.22
9/7/2021,148.51,148.51
9/6/2021,148.67,148.67
9/3/2021,148.98,148.98
9/2/2021,149.03,149.03
9/1/2021,148.8,148.8
8/31/2021,148.79,148.79
8/30/2021,148.81,148.81
8/27/2021,148.78,148.78
8/26/2021,148.93,148.93
8/25/2021,148.68,148.68
8/24/2021,148.73,148.73
8/23/2021,148.85,148.85
8/20/2021,148.92,148.92
8/19/2021,148.98,148.98
8/18/2021,148.96,148.96
8/17/2021,149.09,149.09
8/16/2021,148.97,148.97
8/13/2021,148.81,148.81
8/12/2021,148.87,148.87
8/11/2021,148.6,148.6
8/10/2021,148.85,148.85
8/9/2021,149.1,149.1
8/6/2021,149.09,149.09
8/5/2021,149.36,149.36
8/4/2021,149.53,149.53
8/3/2021,149.32,149.32
8/2/2021,149.13,149.13
7/30/2021,149.04,149.04
7/29/2021,148.91,148.91
7/28/2021,148.73,148.73
7/27/2021,148.56,148.56
7/26/2021,148.7,148.7
7/23/2021,148.54,148.54
7/22/2021,148.53,148.53
7/21/2021,148.53,148.53
7/20/2021,148.98,148.98
7/19/2021,148.73,148.73
7/16/2021,148.88,148.88
7/15/2021,148.98,148.98
7/14/2021,148.14,148.14
7/13/2021,148.03,148.03
7/12/2021,147.85,147.85
7/9/2021,147.89,147.89
7/8/2021,148.18,148.18
7/7/2021,147.68,147.68
7/6/2021,147.64,147.64
7/5/2021,147.7,147.7
7/2/2021,147.62,147.62
7/1/2021,147.31,147.31
6/30/2021,146.95,146.95
6/29/2021,147.13,147.13
6/28/2021,147.21,147.21
6/25/2021,147.44,147.44
6/24/2021,147.71,147.71
6/23/2021,147.65,147.65
6/22/2021,147.53,147.53
6/21/2021,147.56,147.56
6/18/2021,147.39,147.39
6/17/2021,146.97,146.97
6/16/2021,147.24,147.24
6/15/2021,147.71,147.71
6/14/2021,148.11,148.11
6/11/2021,148.16,148.16
6/10/2021,147.86,147.86
6/9/2021,147.61,147.61
6/8/2021,147.17,147.17
6/7/2021,146.9,146.9
6/4/2021,146.84,146.84
6/3/2021,146.91,146.91
6/2/2021,147.05,147.05
6/1/2021,147.22,147.22
5/31/2021,147.3,147.3
5/28/2021,147.33,147.33
5/27/2021,147.44,147.44
5/26/2021,147.45,147.45
5/25/2021,147.36,147.36
5/24/2021,147.32,147.32
5/21/2021,147.32,147.32
5/20/2021,147.65,147.65
5/19/2021,147.89,147.89
5/18/2021,147.89,147.89
5/17/2021,147.97,147.97
5/14/2021,147.84,147.84
5/13/2021,147.48,147.48
5/12/2021,148.28,148.28
5/11/2021,148.11,148.11
5/10/2021,147.9,147.9
5/7/2021,147.72,147.72
5/6/2021,147.7,147.7
5/5/2021,147.64,147.64
5/4/2021,147.64,147.64
5/3/2021,147.63,147.63
4/30/2021,147.62,147.62
4/29/2021,147.67,147.67
4/28/2021,147.67,147.67
4/27/2021,148.06,148.06
4/26/2021,148.17,148.17
4/23/2021,148.31,148.31
4/22/2021,148.48,148.48
4/21/2021,148.6,148.6
4/20/2021,148.17,148.17
4/19/2021,147.77,147.77
4/16/2021,147.76,147.76
4/15/2021,147.7,147.7
4/14/2021,147.75,147.75
4/13/2021,147.03,147.03
4/12/2021,146.8,146.8
4/9/2021,146.9,146.9
4/8/2021,147.14,147.14
4/7/2021,147.44,147.44
4/6/2021,146.6,146.6
4/5/2021,146.08,146.08
4/2/2021,146.12,146.12
4/1/2021,146.11,146.11
3/31/2021,146.89,146.89
3/30/2021,147.59,147.59
3/29/2021,147.91,147.91
3/26/2021,147.44,147.44
3/25/2021,147.96,147.96
3/24/2021,148.28,148.28
3/23/2021,148.12,148.12
3/22/2021,147.66,147.66
3/19/2021,146.46,146.46
3/18/2021,146.92,146.92
3/17/2021,146.88,146.88
3/16/2021,146.64,146.64
3/15/2021,146.4,146.4
3/12/2021,146.78,146.78
3/11/2021,146.95,146.95
3/10/2021,145.73,145.73
3/9/2021,145.62,145.62
3/8/2021,146.26,146.26
3/5/2021,146.94,146.94
3/4/2021,145.39,145.39
3/3/2021,146.22,146.22
3/2/2021,145.37,145.37
3/1/2021,144.68,144.68
2/26/2021,143.89,143.89
2/25/2021,144.31,144.31
2/24/2021,145.15,145.15
2/23/2021,145.67,145.67
2/22/2021,145.66,145.66
2/19/2021,146.18,146.18
2/18/2021,146.29,146.29
2/17/2021,146.11,146.11
2/16/2021,146.44,146.44
2/15/2021,146.52,146.52
2/12/2021,146.72,146.72
2/11/2021,146.64,146.64
2/10/2021,146.63,146.63
2/9/2021,146.62,146.62
2/8/2021,146.95,146.95
2/5/2021,147.26,147.26
2/4/2021,147.02,147.02
2/3/2021,146.76,146.76
2/2/2021,146.63,146.63
2/1/2021,146.74,146.74
1/29/2021,147.05,147.05
1/28/2021,147.37,147.37
1/27/2021,147.29,147.29
1/26/2021,147.32,147.32
1/25/2021,147.15,147.15
1/22/2021,147.25,147.25
1/21/2021,147.4,147.4
1/20/2021,146.96,146.96
1/19/2021,147.16,147.16
1/18/2021,147.25,147.25
1/15/2021,147.68,147.68
1/14/2021,147.87,147.87
1/13/2021,148.1,148.1
1/12/2021,147.67,147.67
1/11/2021,147.64,147.64
1/8/2021,147.63,147.63
1/7/2021,147.74,147.74
1/6/2021,148,148
1/5/2021,148.24,148.24
1/4/2021,148,148
12/31/2020,148.07,148.07
12/30/2020,148.07,148.07
12/29/2020,148,148
12/28/2020,148.24,148.24
12/25/2020,148.37,148.37
12/24/2020,148.67,148.67
12/23/2020,148.89,148.89
12/22/2020,148.54,148.54
12/21/2020,148.44,148.44
12/18/2020,148.81,148.81
12/17/2020,148.71,148.71
12/16/2020,148.7,148.7
12/15/2020,148.81,148.81
12/14/2020,148.72,148.72
12/11/2020,149.08,149.08
12/10/2020,149.06,149.06
12/9/2020,148.73,148.73
12/8/2020,148.42,148.42
12/7/2020,147.94,147.94
12/4/2020,147.92,147.92
12/3/2020,148.15,148.15
12/2/2020,148.01,148.01
12/1/2020,148.01,148.01
11/30/2020,148.04,148.04
11/27/2020,147.97,147.97
11/26/2020,148.06,148.06
11/25/2020,148.21,148.21
11/24/2020,148.37,148.37
11/23/2020,148.64,148.64
11/20/2020,148.63,148.63
11/19/2020,148.46,148.46
11/18/2020,148.42,148.42
11/17/2020,147.85,147.85
11/16/2020,147.69,147.69
11/13/2020,147.67,147.67
11/12/2020,147.72,147.72
11/11/2020,147.74,147.74
11/10/2020,148,148
11/9/2020,148.54,148.54
11/6/2020,148.58,148.58
11/5/2020,148.87,148.87
11/4/2020,148.01,148.01
11/3/2020,148.03,148.03
11/2/2020,148.03,148.03
10/30/2020,147.95,147.95
10/29/2020,148.31,148.31
10/28/2020,148.24,148.24
10/27/2020,148.16,148.16
10/26/2020,148,148
10/23/2020,148.01,148.01
10/22/2020,148.24,148.24
10/21/2020,148.47,148.47
10/20/2020,148.81,148.81
10/19/2020,148.41,148.41
10/16/2020,148.38,148.38
10/15/2020,148.1,148.1
10/14/2020,147.82,147.82
10/13/2020,147.79,147.79
10/12/2020,147.98,147.98
10/9/2020,148.17,148.17
10/8/2020,148.25,148.25
10/7/2020,148.08,148.08
10/6/2020,148.02,148.02
10/5/2020,148.55,148.55
10/2/2020,148.74,148.74
10/1/2020,148.53,148.53
9/30/2020,148.84,148.84
9/29/2020,148.54,148.54
9/28/2020,148.44,148.44
9/25/2020,148.76,148.76
9/24/2020,149.03,149.03
9/23/2020,149.15,149.15
9/22/2020,149.18,149.18
9/21/2020,149.17,149.17
9/18/2020,149.16,149.16
9/17/2020,149.22,149.22
9/16/2020,149.18,149.18
9/15/2020,149.29,149.29
9/14/2020,149.33,149.33
9/11/2020,149.23,149.23
9/10/2020,148.67,148.67
9/9/2020,148.71,148.71
9/8/2020,148.34,148.34
9/7/2020,147.99,147.99
9/4/2020,148.34,148.34
9/3/2020,148.37,148.37
9/2/2020,148.19,148.19
9/1/2020,148.2,148.2
8/31/2020,148.17,148.17
8/28/2020,147.74,147.74
8/27/2020,148.43,148.43
8/26/2020,148.5,148.5
8/25/2020,148.82,148.82
8/24/2020,148.46,148.46
8/21/2020,147.95,147.95
8/20/2020,148.29,148.29
8/19/2020,148.4,148.4
8/18/2020,148.01,148.01
8/17/2020,147.98,147.98
8/14/2020,147.86,147.86
8/13/2020,148.65,148.65
8/12/2020,148.64,148.64
8/11/2020,149.37,149.37
8/10/2020,149.9,149.9
8/7/2020,149.88,149.88
8/6/2020,149.89,149.89
8/5/2020,149.98,149.98
8/4/2020,149.76,149.76
8/3/2020,149.86,149.86
7/31/2020,150.42,150.42
7/30/2020,149.9,149.9
7/29/2020,149.84,149.84
7/28/2020,149.12,149.12
7/27/2020,148.91,148.91
7/24/2020,148.91,148.91
7/23/2020,148.91,148.91
7/22/2020,148.9,148.9
7/21/2020,148.55,148.55
7/20/2020,148.29,148.29
7/17/2020,148.5,148.5
7/16/2020,148.06,148.06
7/15/2020,147.77,147.77
7/14/2020,148.06,148.06
7/13/2020,148.1,148.1
7/10/2020,149.22,149.22
7/9/2020,149.42,149.42
7/8/2020,148.77,148.77
7/7/2020,147.7,147.7
7/6/2020,147.86,147.86
7/3/2020,147.84,147.84
7/2/2020,147.15,147.15
7/1/2020,147.67,147.67
6/30/2020,148.54,148.54
6/29/2020,148.91,148.91
6/26/2020,148.97,148.97
6/25/2020,149.08,149.08
6/24/2020,149.01,149.01
6/23/2020,149.24,149.24
6/22/2020,149.4,149.4
6/19/2020,149.34,149.34
6/18/2020,149.62,149.62
6/17/2020,149.7,149.7
6/16/2020,150.06,150.06
6/15/2020,150.68,150.68
6/12/2020,150.4,150.4
6/11/2020,150.72,150.72
6/10/2020,150.17,150.17
6/9/2020,150.05,150.05
6/8/2020,149.19,149.19
6/5/2020,149.45,149.45
6/4/2020,150.01,150.01
6/3/2020,150.73,150.73
6/2/2020,150.77,150.77
6/1/2020,150.86,150.86
5/29/2020,151.26,151.26
5/28/2020,151.84,151.84
5/27/2020,151.96,151.96
5/26/2020,151.68,151.68
5/25/2020,151.89,151.89
5/22/2020,152.66,152.66
5/21/2020,152.65,152.65
5/20/2020,152.04,152.04
5/19/2020,151.71,151.71
5/18/2020,151.86,151.86
5/15/2020,151.76,151.76
5/14/2020,152.29,152.29
5/13/2020,152.2,152.2
5/12/2020,152.26,152.26
5/11/2020,151.82,151.82
5/8/2020,152.28,152.28
5/7/2020,152.53,152.53
5/6/2020,153.29,153.29
5/5/2020,153.29,153.29
5/4/2020,153.28,153.28
5/1/2020,153.27,153.27
4/30/2020,153.48,153.48
4/29/2020,153.64,153.64
4/28/2020,153.63,153.63
4/27/2020,153.27,153.27
4/24/2020,153.86,153.86
4/23/2020,153.56,153.56
4/22/2020,152.7,152.7
4/21/2020,151.75,151.75
4/20/2020,151.21,151.21
4/17/2020,151.19,151.19
4/16/2020,151.87,151.87
4/15/2020,151.8,151.8
4/14/2020,151.9,151.9
4/13/2020,152.28,152.28
4/10/2020,152.49,152.49
4/9/2020,152.43,152.43
4/8/2020,152.97,152.97
4/7/2020,152.76,152.76
4/6/2020,153.57,153.57
4/3/2020,154.47,154.47
4/2/2020,154.26,154.26
4/1/2020,153.62,153.62
3/31/2020,153.49,153.49
3/30/2020,154,154
3/27/2020,153.43,153.43
3/26/2020,153.47,153.47
3/25/2020,153.51,153.51
3/24/2020,153.17,153.17
3/23/2020,152.94,152.94
3/20/2020,152.58,152.58
3/19/2020,152.57,152.57
3/18/2020,153.71,153.71
3/17/2020,155.26,155.26
3/16/2020,155.75,155.75
3/13/2020,156.45,156.45
3/12/2020,156.91,156.91
3/11/2020,157.73,157.73
3/10/2020,156.96,156.96
3/9/2020,159.42,159.42
3/6/2020,157.7,157.7
3/5/2020,156.36,156.36
3/4/2020,157.76,157.76
3/3/2020,157.26,157.26
3/2/2020,158.68,158.68
2/28/2020,158.54,158.54
2/27/2020,156.38,156.38
2/26/2020,156.71,156.71
2/25/2020,156.92,156.92
2/24/2020,156.43,156.43
2/21/2020,156.41,156.41
2/20/2020,155.92,155.92
2/19/2020,155.61,155.61
2/18/2020,156.12,156.12
2/17/2020,155.35,155.35
2/14/2020,154.79,154.79
2/13/2020,154.83,154.83
2/12/2020,155.23,155.23
2/11/2020,155.63,155.63
2/10/2020,155.63,155.63
2/7/2020,154.78,154.78
2/6/2020,153.73,153.73
2/5/2020,153.96,153.96
2/4/2020,154.8,154.8
2/3/2020,155,155
1/31/2020,155.56,155.56
1/30/2020,155.87,155.87
1/29/2020,155.4,155.4
1/28/2020,155.2,155.2
1/27/2020,155.54,155.54
1/24/2020,154.22,154.22
1/23/2020,154.06,154.06
1/22/2020,153.14,153.14
1/21/2020,153.19,153.19
1/20/2020,152.1,152.1
1/17/2020,152.5,152.5
1/16/2020,152.47,152.47
1/15/2020,152.66,152.66
1/14/2020,152.75,152.75
1/13/2020,153.01,153.01
1/10/2020,152.99,152.99
1/9/2020,153.31,153.31
1/8/2020,153.75,153.75
1/7/2020,153.21,153.21
1/6/2020,154.38,154.38
1/3/2020,154.04,154.04
1/2/2020,154.03,154.03
12/31/2019,154.02,154.02
12/30/2019,154.02,154.02
12/27/2019,153.46,153.46
12/26/2019,153.11,153.11
12/25/2019,153.35,153.35
12/24/2019,152.63,152.63
12/23/2019,152.85,152.85
12/20/2019,152.88,152.88
12/19/2019,153.77,153.77
12/18/2019,153.8,153.8
12/17/2019,154.18,154.18
12/16/2019,154.15,154.15
12/13/2019,153.52,153.52
12/12/2019,153.45,153.45
12/11/2019,153.18,153.18
12/10/2019,153.41,153.41
12/9/2019,152.96,152.96
12/6/2019,153.1,153.1
12/5/2019,154,154
12/4/2019,153.39,153.39
12/3/2019,152.94,152.94
12/2/2019,153.5,153.5
11/29/2019,154.17,154.17
11/28/2019,154.46,154.46
11/27/2019,154.96,154.96
11/26/2019,154.05,154.05
11/25/2019,153.21,153.21
11/22/2019,153.49,153.49
11/21/2019,154.76,154.76
11/20/2019,154.07,154.07
11/19/2019,153.37,153.37
11/18/2019,153,153
11/15/2019,152.51,152.51
11/14/2019,152.83,152.83
11/13/2019,151.85,151.85
11/12/2019,151.52,151.52
11/11/2019,152.4,152.4
11/8/2019,152.58,152.58
11/7/2019,153.92,153.92
11/6/2019,154.19,154.19
11/5/2019,155.43,155.43
11/4/2019,156.52,156.52
11/1/2019,156.51,156.51
10/31/2019,154.95,154.95
10/30/2019,153.96,153.96
10/29/2019,153.41,153.41
10/28/2019,154.26,154.26
10/25/2019,154.63,154.63
10/24/2019,154.55,154.55
10/23/2019,153.85,153.85
10/22/2019,153.71,153.71
10/21/2019,153.71,153.71
10/18/2019,154.25,154.25
10/17/2019,154.65,154.65
10/16/2019,154.76,154.76
10/15/2019,154.81,154.81
10/14/2019,154.66,154.66
10/11/2019,154.64,154.64
10/10/2019,155.69,155.69
10/9/2019,155.12,155.12
10/8/2019,155.2,155.2
10/7/2019,155.96,155.96
10/4/2019,155.95,155.95
10/3/2019,155.63,155.63
10/2/2019,154.33,154.33
10/1/2019,153.38,153.38
9/30/2019,155.84,155.84
9/27/2019,156.83,156.83
9/26/2019,156.3,156.3
9/25/2019,155.91,155.91
9/24/2019,156.22,156.22
9/23/2019,155.97,155.97
9/20/2019,155.96,155.96
9/19/2019,157.62,157.62
9/18/2019,156.37,156.37
9/17/2019,155.78,155.78
9/16/2019,155.85,155.85
9/13/2019,155.83,155.83
9/12/2019,157.72,157.72
9/11/2019,157.78,157.78
9/10/2019,158.08,158.08
9/9/2019,160.56,160.56
9/6/2019,160.75,160.75
9/5/2019,163.23,163.23
9/4/2019,163.99,163.99
9/3/2019,163.87,163.87
9/2/2019,162.67,162.67
8/30/2019,163.05,163.05
8/29/2019,163.25,163.25
8/28/2019,162.25,162.25
8/27/2019,162.11,162.11
8/26/2019,162.74,162.74
8/23/2019,160.65,160.65
8/22/2019,161.24,161.24
8/21/2019,161.55,161.55
8/20/2019,160.73,160.73
8/19/2019,160.78,160.78
8/16/2019,161.44,161.44
8/15/2019,162.35,162.35
8/14/2019,160.84,160.84
8/13/2019,161.51,161.51
8/12/2019,160.21,160.21
8/9/2019,160.2,160.2
8/8/2019,158.67,158.67
8/7/2019,158.33,158.33
8/6/2019,157.24,157.24
8/5/2019,157.96,157.96
8/2/2019,156.64,156.64
8/1/2019,155.17,155.17
7/31/2019,155.64,155.64
7/30/2019,155.3,155.3
7/29/2019,155.1,155.1
7/26/2019,155.44,155.44
7/25/2019,155.55,155.55
7/24/2019,155.29,155.29
7/23/2019,154.95,154.95
7/22/2019,154.71,154.71
7/19/2019,154.71,154.71
7/18/2019,155.05,155.05
7/17/2019,154.68,154.68
7/16/2019,154.53,154.53
7/15/2019,154.37,154.37
7/12/2019,154.35,154.35
7/11/2019,155.41,155.41
7/10/2019,155.02,155.02
7/9/2019,155.82,155.82
7/8/2019,155.54,155.54
7/5/2019,156.21,156.21
7/4/2019,155.86,155.86
7/3/2019,155.51,155.51
7/2/2019,154.27,154.27
7/1/2019,154.24,154.24
6/28/2019,154.87,154.87
6/27/2019,154.06,154.06
6/26/2019,154.61,154.61
6/25/2019,155.67,155.67
6/24/2019,155.36,155.36
6/21/2019,156.39,156.39
6/20/2019,157.25,157.25
6/19/2019,155.5,155.5
6/18/2019,154.86,154.86
6/17/2019,154.58,154.58
6/14/2019,154.36,154.36
6/13/2019,154.55,154.55
6/12/2019,155.1,155.1
6/11/2019,154.76,154.76
6/10/2019,154.88,154.88
6/7/2019,153.72,153.72
6/6/2019,153.49,153.49
6/5/2019,153.22,153.22
6/4/2019,152.26,152.26
6/3/2019,151.64,151.64
5/31/2019,151.91,151.91
5/30/2019,151.11,151.11
5/29/2019,151.63,151.63
5/28/2019,150.69,150.69
5/27/2019,150.29,150.29
5/24/2019,150.43,150.43
5/23/2019,149.99,149.99
5/22/2019,149.7,149.7
5/21/2019,149.2,149.2
5/20/2019,149.13,149.13
5/17/2019,149.59,149.59
5/16/2019,150.03,150.03
5/15/2019,149.28,149.28
5/14/2019,149.25,149.25
5/13/2019,149.04,149.04
5/10/2019,149.28,149.28
5/9/2019,149.34,149.34
5/8/2019,149.51,149.51
5/7/2019,149.2,149.2
5/6/2019,148.44,148.44
5/3/2019,148.43,148.43
5/2/2019,148.43,148.43
5/1/2019,148.42,148.42
4/30/2019,148.42,148.42
4/29/2019,148.41,148.41
4/26/2019,148.4,148.4
4/25/2019,147.86,147.86
4/24/2019,148.54,148.54
4/23/2019,148.2,148.2
4/22/2019,147.88,147.88
4/19/2019,147.74,147.74
4/18/2019,148.47,148.47
4/17/2019,147.82,147.82
4/16/2019,148.8,148.8
4/15/2019,148.81,148.81
4/12/2019,149.64,149.64
4/11/2019,149.85,149.85
4/10/2019,149.33,149.33
4/9/2019,148.89,148.89
4/8/2019,149.06,149.06
4/5/2019,148.7,148.7
4/4/2019,148.97,148.97
4/3/2019,149.16,149.16
4/2/2019,148.99,148.99
4/1/2019,149.06,149.06
3/29/2019,149.77,149.77
3/28/2019,149.88,149.88
3/27/2019,148.59,148.59
3/26/2019,148.58,148.58
3/25/2019,149.49,149.49
3/22/2019,148.9,148.9
3/21/2019,147.5,147.5
3/20/2019,147.5,147.5
3/19/2019,147.77,147.77
3/18/2019,147.17,147.17
3/15/2019,147.3,147.3
3/14/2019,147.56,147.56
3/13/2019,147.35,147.35
3/12/2019,146.91,146.91
3/11/2019,147.09,147.09
3/8/2019,147.03,147.03
3/7/2019,145.92,145.92
3/6/2019,145.52,145.52
3/5/2019,145.19,145.19
3/4/2019,145.26,145.26
3/1/2019,145.75,145.75
2/28/2019,146.3,146.3
2/27/2019,146.13,146.13
2/26/2019,146.33,146.33
2/25/2019,146.93,146.93
2/22/2019,147.1,147.1
2/21/2019,147.3,147.3
2/20/2019,146.97,146.97
2/19/2019,146.81,146.81
2/18/2019,146.56,146.56
2/15/2019,146.51,146.51
2/14/2019,145.75,145.75
2/13/2019,145.8,145.8
2/12/2019,146.2,146.2
2/11/2019,146.96,146.96
2/8/2019,146.95,146.95
2/7/2019,146.09,146.09
2/6/2019,146.45,146.45
2/5/2019,146.43,146.43
2/4/2019,146.19,146.19
2/1/2019,146.32,146.32
1/31/2019,144.97,144.97
1/30/2019,144.6,144.6
1/29/2019,144.84,144.84
1/28/2019,144.79,144.79
1/25/2019,144.65,144.65
1/24/2019,144.41,144.41
1/23/2019,144.18,144.18
1/22/2019,143.88,143.88
1/21/2019,143.51,143.51
1/18/2019,143.47,143.47
1/17/2019,143.46,143.46
1/16/2019,143.51,143.51
1/15/2019,143.4,143.4
1/14/2019,143.4,143.4
1/11/2019,143.38,143.38
1/10/2019,142.9,142.9
1/9/2019,142.54,142.54
1/8/2019,142.91,142.91
1/7/2019,143.33,143.33
1/4/2019,144,144
1/3/2019,142.35,142.35
1/2/2019,142.35,142.35
12/31/2018,142.34,142.34
12/28/2018,142.32,142.32
12/27/2018,141.73,141.73
12/26/2018,142.18,142.18
12/25/2018,142.37,142.37
12/24/2018,141.31,141.31
12/21/2018,141.3,141.3
12/20/2018,141.93,141.93
12/19/2018,140.96,140.96
12/18/2018,140.87,140.87
12/17/2018,140.42,140.42
12/14/2018,140.14,140.14
12/13/2018,139.66,139.66
12/12/2018,139.74,139.74
12/11/2018,139.76,139.76
12/10/2018,139.78,139.78
12/7/2018,139.49,139.49
12/6/2018,139.95,139.95
12/5/2018,139.81,139.81
12/4/2018,140.03,140.03
12/3/2018,139.17,139.17
11/30/2018,139.1,139.1
11/29/2018,139.11,139.11
11/28/2018,138.79,138.79
11/27/2018,139.11,139.11
11/26/2018,138.96,138.96
11/23/2018,138.67,138.67
11/22/2018,138.66,138.66
11/21/2018,138.51,138.51
11/20/2018,138.14,138.14
11/19/2018,138.3,138.3
11/16/2018,137.8,137.8
11/15/2018,137.7,137.7
11/14/2018,137.53,137.53
11/13/2018,137.31,137.31
11/12/2018,137,137
11/9/2018,136.81,136.81
11/8/2018,136.72,136.72
11/7/2018,136.86,136.86
11/6/2018,136.86,136.86
11/5/2018,137.05,137.05
11/2/2018,137.11,137.11
11/1/2018,137.13,137.13
10/31/2018,137.24,137.24
10/30/2018,137.53,137.53
10/29/2018,137.68,137.68
10/26/2018,137.62,137.62
10/25/2018,137.47,137.47
10/24/2018,136.5,136.5
10/23/2018,136.05,136.05
10/22/2018,135.9,135.9
10/19/2018,136.01,136.01
10/18/2018,136.04,136.04
10/17/2018,136.15,136.15
10/16/2018,136.01,136.01
10/15/2018,136.16,136.16
10/12/2018,136.23,136.23
10/11/2018,136.38,136.38
10/10/2018,135.82,135.82
10/9/2018,135.75,135.75
10/8/2018,135.83,135.83
10/5/2018,135.82,135.82
10/4/2018,135.66,135.66
10/3/2018,136.58,136.58
10/2/2018,136.47,136.47
10/1/2018,136.45,136.45
9/28/2018,136.84,136.84
9/27/2018,137.11,137.11
9/26/2018,136.57,136.57
9/25/2018,136.77,136.77
9/24/2018,137.22,137.22
9/21/2018,137.21,137.21
9/20/2018,138.03,138.03
9/19/2018,138.15,138.15
9/18/2018,138.21,138.21
9/17/2018,138.45,138.45
9/14/2018,138.44,138.44
9/13/2018,138.51,138.51
9/12/2018,138.64,138.64
9/11/2018,138.61,138.61
9/10/2018,138.31,138.31
9/7/2018,138.43,138.43
9/6/2018,138.47,138.47
9/5/2018,138.21,138.21
9/4/2018,137.97,137.97
9/3/2018,138.06,138.06
8/31/2018,138.16,138.16
8/30/2018,138.15,138.15
8/29/2018,138.53,138.53
8/28/2018,138.58,138.58
8/27/2018,138.68,138.68
8/24/2018,138.35,138.35
8/23/2018,138.27,138.27
8/22/2018,138.47,138.47
8/21/2018,138.65,138.65
8/20/2018,138.15,138.15
8/17/2018,138.2,138.2
8/16/2018,138.19,138.19
8/15/2018,138.32,138.32
8/14/2018,138.54,138.54
8/13/2018,138.73,138.73
8/10/2018,138.37,138.37
8/9/2018,137.99,137.99
8/8/2018,138.02,138.02
8/7/2018,138.22,138.22
8/6/2018,138.25,138.25
8/3/2018,138.33,138.33
8/2/2018,138.72,138.72
8/1/2018,139.06,139.06
7/31/2018,140.86,140.86
7/30/2018,138.7,138.7
7/27/2018,139.17,139.17
7/26/2018,139.4,139.4
7/25/2018,139.89,139.89
7/24/2018,139.44,139.44
7/23/2018,140.11,140.11
7/20/2018,142.82,142.82
7/19/2018,142.82,142.82
7/18/2018,142.84,142.84
7/17/2018,142.82,142.82
7/16/2018,142.71,142.71
7/13/2018,142.69,142.69
7/12/2018,142.65,142.65
7/11/2018,142.56,142.56
7/10/2018,142.72,142.72
7/9/2018,142.77,142.77
7/6/2018,142.71,142.71
7/5/2018,142.58,142.58
7/4/2018,141.99,141.99
7/3/2018,141.8,141.8
7/2/2018,141.68,141.68
6/29/2018,141.59,141.59
6/28/2018,141.52,141.52
6/27/2018,141.39,141.39
6/26/2018,141.51,141.51
6/25/2018,141.63,141.63
6/22/2018,141.58,141.58
6/21/2018,141.47,141.47
6/20/2018,141.56,141.56
6/19/2018,141.56,141.56
6/18/2018,141.42,141.42
6/15/2018,141.34,141.34
6/14/2018,141.12,141.12
6/13/2018,141.04,141.04
6/12/2018,141,141
6/11/2018,141.3,141.3
6/8/2018,141.28,141.28
6/7/2018,141.04,141.04
6/6/2018,140.85,140.85
6/5/2018,140.98,140.98
6/4/2018,140.92,140.92
6/1/2018,141.19,141.19
5/31/2018,141.35,141.35
5/30/2018,141.72,141.72
5/29/2018,141.22,141.22
5/28/2018,140.71,140.71
5/25/2018,140.61,140.61
5/24/2018,140.42,140.42
5/23/2018,140.25,140.25
5/22/2018,140.05,140.05
5/21/2018,139.93,139.93
5/18/2018,139.84,139.84
5/17/2018,139.89,139.89
5/16/2018,140.21,140.21
5/15/2018,140.32,140.32
5/14/2018,140.49,140.49
5/11/2018,140.64,140.64
5/10/2018,140.68,140.68
5/9/2018,140.67,140.67
5/8/2018,140.63,140.63
5/7/2018,140.93,140.93
5/4/2018,140.92,140.92
5/3/2018,140.92,140.92
5/2/2018,140.91,140.91
5/1/2018,141.05,141.05
4/30/2018,140.34,140.34
4/27/2018,140.33,140.33
4/26/2018,140.11,140.11
4/25/2018,140.23,140.23
4/24/2018,140.37,140.37
4/23/2018,140.51,140.51
4/20/2018,140.76,140.76
4/19/2018,141.44,141.44
4/18/2018,141.53,141.53
4/17/2018,141.33,141.33
4/16/2018,141.48,141.48
4/13/2018,141.54,141.54
4/12/2018,141.28,141.28
4/11/2018,140.96,140.96
4/10/2018,140.75,140.75
4/9/2018,140.53,140.53
4/6/2018,140.43,140.43
4/5/2018,140.79,140.79
4/4/2018,141.28,141.28
4/3/2018,141.06,141.06
4/2/2018,140.34,140.34
3/30/2018,140.4,140.4
3/29/2018,140.5,140.5
3/28/2018,140.59,140.59
3/27/2018,140.44,140.44
3/26/2018,140.52,140.52
3/23/2018,140.45,140.45
3/22/2018,140.03,140.03
3/21/2018,139.98,139.98
3/20/2018,139.98,139.98
3/19/2018,139.92,139.92
3/16/2018,139.87,139.87
3/15/2018,139.87,139.87
3/14/2018,139.82,139.82
3/13/2018,139.85,139.85
3/12/2018,139.84,139.84
3/9/2018,139.78,139.78
3/8/2018,139.95,139.95
3/7/2018,140.09,140.09
3/6/2018,140.01,140.01
3/5/2018,140.05,140.05
3/2/2018,139.44,139.44
3/1/2018,139.79,139.79
2/28/2018,139.65,139.65
2/27/2018,139.63,139.63
2/26/2018,139.61,139.61
2/23/2018,139.65,139.65
2/22/2018,139.26,139.26
2/21/2018,139.03,139.03
2/20/2018,138.83,138.83
2/19/2018,138.86,138.86
2/16/2018,139,139
2/15/2018,138.86,138.86
2/14/2018,138.84,138.84
2/13/2018,138.55,138.55
2/12/2018,138.21,138.21
2/9/2018,138.2,138.2
2/8/2018,137.96,137.96
2/7/2018,138.19,138.19
2/6/2018,138.2,138.2
2/5/2018,137.96,137.96
2/2/2018,137.97,137.97
2/1/2018,137.95,137.95
1/31/2018,138.07,138.07
1/30/2018,137.87,137.87
1/29/2018,138.1,138.1
1/26/2018,138.02,138.02
1/25/2018,137.72,137.72
1/24/2018,137.77,137.77
1/23/2018,137.94,137.94
1/22/2018,137.72,137.72
1/19/2018,137.51,137.51
1/18/2018,137.41,137.41
1/17/2018,137.46,137.46
1/16/2018,137.52,137.52
1/15/2018,137.53,137.53
1/12/2018,137.48,137.48
1/11/2018,137.24,137.24
1/10/2018,137.07,137.07
1/9/2018,137.57,137.57
1/8/2018,138,138
1/5/2018,137.98,137.98
1/4/2018,138.1,138.1
1/3/2018,138.14,138.14
1/2/2018,138.13,138.13
12/29/2017,138.12,138.12
12/28/2017,137.98,137.98
12/27/2017,137.89,137.89
12/26/2017,137.92,137.92
12/25/2017,137.95,137.95
12/22/2017,137.88,137.88
12/21/2017,137.76,137.76
12/20/2017,137.98,137.98
12/19/2017,138.26,138.26
12/18/2017,138.2,138.2
12/15/2017,138.08,138.08
12/14/2017,138.05,138.05
12/13/2017,137.86,137.86
12/12/2017,137.79,137.79
12/11/2017,137.72,137.72
12/8/2017,137.61,137.61
12/7/2017,137.31,137.31
12/6/2017,137.06,137.06
12/5/2017,136.97,136.97
12/4/2017,137.09,137.09
12/1/2017,137.36,137.36
11/30/2017,137.36,137.36
11/29/2017,137.25,137.25
11/28/2017,136.96,136.96
11/27/2017,137.17,137.17
11/24/2017,137.44,137.44
11/23/2017,137.89,137.89
11/22/2017,137.88,137.88
11/21/2017,137.7,137.7
11/20/2017,137.51,137.51
11/17/2017,137.48,137.48
11/16/2017,137.44,137.44
11/15/2017,137.33,137.33
11/14/2017,137.14,137.14
11/13/2017,137.42,137.42
11/10/2017,137.65,137.65
11/9/2017,137.85,137.85
11/8/2017,137.74,137.74
11/7/2017,137.51,137.51
11/6/2017,137.47,137.47
11/3/2017,136.66,136.66
11/2/2017,136.65,136.65
11/1/2017,136.39,136.39
10/31/2017,136.1,136.1
10/30/2017,136.07,136.07
10/27/2017,136,136
10/26/2017,136.13,136.13
10/25/2017,136.04,136.04
10/24/2017,135.84,135.84
10/23/2017,135.6,135.6
10/20/2017,135.5,135.5
10/19/2017,135.72,135.72
10/18/2017,135.85,135.85
10/17/2017,135.86,135.86
10/16/2017,135.94,135.94
10/13/2017,136.05,136.05
10/12/2017,135.98,135.98
10/11/2017,135.76,135.76
10/10/2017,135.79,135.79
10/9/2017,135.91,135.91
10/6/2017,135.89,135.89
10/5/2017,136.15,136.15
10/4/2017,136.06,136.06
10/3/2017,135.72,135.72
10/2/2017,135.81,135.81
9/29/2017,135.91,135.91
9/28/2017,135.53,135.53
9/27/2017,136.55,136.55
9/26/2017,137.11,137.11
9/25/2017,137.32,137.32
9/22/2017,137.37,137.37
9/21/2017,137.12,137.12
9/20/2017,136.92,136.92
9/19/2017,136.73,136.73
9/18/2017,137.04,137.04
9/15/2017,137.02,137.02
9/14/2017,136.71,136.71
9/13/2017,137.04,137.04
9/12/2017,137.13,137.13
9/11/2017,137.55,137.55
9/8/2017,137.59,137.59
9/7/2017,137.38,137.38
9/6/2017,137.73,137.73
9/5/2017,137.58,137.58
9/4/2017,137.27,137.27
9/1/2017,137.24,137.24
8/31/2017,137.04,137.04
8/30/2017,136.92,136.92
8/29/2017,136.99,136.99
8/28/2017,137.03,137.03
8/25/2017,137.08,137.08
8/24/2017,137.27,137.27
8/23/2017,137.03,137.03
8/22/2017,136.73,136.73
8/21/2017,136.48,136.48
8/18/2017,136.37,136.37
8/17/2017,136.07,136.07
8/16/2017,136.36,136.36
8/15/2017,136.51,136.51
8/14/2017,136.54,136.54
8/11/2017,136.34,136.34
8/10/2017,136.34,136.34
8/9/2017,136.04,136.04
8/8/2017,135.66,135.66
8/7/2017,135.8,135.8
8/4/2017,135.94,135.94
8/3/2017,135.76,135.76
8/2/2017,135.59,135.59
8/1/2017,135.47,135.47
7/31/2017,135.69,135.69
7/28/2017,135.77,135.77
7/27/2017,135.89,135.89
7/26/2017,135.75,135.75
7/25/2017,135.77,135.77
7/24/2017,135.76,135.76
7/21/2017,135.89,135.89
7/20/2017,135.8,135.8
7/19/2017,135.76,135.76
7/18/2017,135.89,135.89
7/17/2017,135.68,135.68
7/14/2017,135.66,135.66
7/13/2017,135.51,135.51
7/12/2017,134.74,134.74
7/11/2017,134.71,134.71
7/10/2017,134.92,134.92
7/7/2017,135.05,135.05
7/6/2017,135.29,135.29
7/5/2017,135.55,135.55
7/4/2017,135.75,135.75
7/3/2017,136.02,136.02
6/30/2017,136.08,136.08
6/29/2017,136.93,136.93
6/28/2017,137.02,137.02
6/27/2017,137.4,137.4
6/26/2017,137.33,137.33
6/23/2017,137.55,137.55
6/22/2017,137.78,137.78
6/21/2017,137.41,137.41
6/20/2017,137.1,137.1
6/19/2017,137.03,137.03
6/16/2017,137.31,137.31
6/15/2017,137.44,137.44
6/14/2017,136.89,136.89
6/13/2017,136.54,136.54
6/12/2017,136.59,136.59
6/9/2017,136.56,136.56
6/8/2017,136.56,136.56
6/7/2017,137.27,137.27
6/6/2017,137.08,137.08
6/5/2017,136.91,136.91
6/2/2017,136.64,136.64
6/1/2017,136.89,136.89
5/31/2017,136.99,136.99
5/30/2017,137.08,137.08
5/29/2017,137.11,137.11
5/26/2017,137.03,137.03
5/25/2017,136.82,136.82
5/24/2017,136.93,136.93
5/23/2017,137.03,137.03
5/22/2017,136.94,136.94
5/19/2017,137.04,137.04
5/18/2017,136.52,136.52
5/17/2017,136.07,136.07
5/16/2017,136.09,136.09
5/15/2017,136.1,136.1
5/12/2017,135.91,135.91
5/11/2017,136.12,136.12
5/10/2017,136.25,136.25
5/9/2017,136.52,136.52
5/8/2017,137.01,137.01
5/5/2017,137.23,137.23
5/4/2017,137.23,137.23
5/3/2017,137.22,137.22
5/2/2017,137.22,137.22
5/1/2017,137.57,137.57
4/28/2017,137.39,137.39
4/27/2017,137.16,137.16
4/26/2017,137.14,137.14
4/25/2017,137.78,137.78
4/24/2017,137.9,137.9
4/21/2017,138.18,138.18
4/20/2017,138.1,138.1
4/19/2017,138.01,138.01
4/18/2017,137.9,137.9
4/17/2017,138.48,138.48
4/14/2017,137.82,137.82
4/13/2017,137.15,137.15
4/12/2017,136.75,136.75
4/11/2017,136.11,136.11
4/10/2017,135.82,135.82
4/7/2017,135.89,135.89
4/6/2017,135.66,135.66
4/5/2017,135.07,135.07
4/4/2017,135.4,135.4
4/3/2017,135.57,135.57
3/31/2017,135.7,135.7
3/30/2017,136.13,136.13
3/29/2017,136.41,136.41
3/28/2017,136.08,136.08
3/27/2017,135.91,135.91
3/24/2017,135.79,135.79
3/23/2017,135.93,135.93
3/22/2017,135.82,135.82
3/21/2017,135.55,135.55
3/20/2017,135.5,135.5
3/17/2017,135.47,135.47
3/16/2017,135.53,135.53
3/15/2017,134.67,134.67
3/14/2017,134.77,134.77
3/13/2017,134.61,134.61
3/10/2017,134.97,134.97
3/9/2017,135.04,135.04
3/8/2017,135.13,135.13
3/7/2017,135.99,135.99
3/6/2017,136.05,136.05
3/3/2017,135.64,135.64
3/2/2017,135.11,135.11
3/1/2017,135.86,135.86
2/28/2017,136.78,136.78
2/27/2017,136.63,136.63
2/24/2017,135.95,135.95
2/23/2017,135.36,135.36
2/22/2017,134.17,134.17
2/21/2017,133.86,133.86
2/20/2017,133.79,133.79
2/17/2017,133.86,133.86
2/16/2017,134.12,134.12
2/15/2017,134.33,134.33
2/14/2017,134.52,134.52
2/13/2017,135.18,135.18
2/10/2017,135.31,135.31
2/9/2017,134.63,134.63
2/8/2017,133.94,133.94
2/7/2017,133.98,133.98
2/6/2017,134.16,134.16
2/3/2017,134.94,134.94
2/2/2017,134.95,134.95
2/1/2017,135.69,135.69
1/31/2017,135.73,135.73
1/30/2017,135.77,135.77
1/27/2017,135.74,135.74
1/26/2017,135.68,135.68
1/25/2017,136.38,136.38
1/24/2017,136.96,136.96
1/23/2017,136.68,136.68
1/20/2017,136.59,136.59
1/19/2017,137.5,137.5
1/18/2017,138.11,138.11
1/17/2017,138.23,138.23
1/16/2017,138.14,138.14
1/13/2017,138.14,138.14
1/12/2017,137.9,137.9
1/11/2017,137.56,137.56
1/10/2017,138.14,138.14
1/9/2017,138.01,138.01
1/6/2017,138,138
1/5/2017,137.68,137.68
1/4/2017,138.15,138.15
1/3/2017,138.76,138.76
12/30/2016,138.75,138.75
12/29/2016,138.89,138.89
12/28/2016,139.22,139.22
12/27/2016,139.35,139.35
12/26/2016,139.57,139.57
12/23/2016,139.79,139.79
12/22/2016,139.79,139.79
12/21/2016,139.95,139.95
12/20/2016,139.48,139.48
12/19/2016,139.16,139.16
12/16/2016,138.9,138.9
12/15/2016,137.64,137.64
12/14/2016,137.52,137.52
12/13/2016,136.02,136.02
12/12/2016,136.55,136.55
12/9/2016,139.13,139.13
12/8/2016,140.72,140.72
12/7/2016,140.97,140.97
12/6/2016,141.25,141.25
12/5/2016,142.29,142.29
12/2/2016,142.01,142.01
12/1/2016,142.55,142.55
11/30/2016,142.97,142.97
11/29/2016,143.15,143.15
11/28/2016,142.78,142.78
11/25/2016,141.52,141.52
11/24/2016,140.92,140.92
11/23/2016,141.3,141.3
11/22/2016,141.3,141.3
11/21/2016,141.7,141.7
11/18/2016,141.99,141.99
11/17/2016,143.13,143.13
11/16/2016,142.34,142.34
11/15/2016,143.02,143.02
11/14/2016,143.64,143.64
11/11/2016,144.21,144.21
11/10/2016,144.81,144.81
11/9/2016,146.02,146.02
11/8/2016,145.39,145.39
11/7/2016,145.23,145.23
11/4/2016,145.72,145.72
11/3/2016,145.42,145.42
11/2/2016,145.42,145.42
11/1/2016,144.94,144.94
10/31/2016,144.87,144.87
10/28/2016,144.61,144.61
10/27/2016,145.35,145.35
10/26/2016,145.76,145.76
10/25/2016,145.69,145.69
10/24/2016,145.31,145.31
10/21/2016,145.07,145.07
10/20/2016,145,145
10/19/2016,145.07,145.07
10/18/2016,144.85,144.85
10/17/2016,144.91,144.91
10/14/2016,145.16,145.16
10/13/2016,145.23,145.23
10/12/2016,144.92,144.92
10/11/2016,144.39,144.39
10/10/2016,144.84,144.84
10/7/2016,144.82,144.82
10/6/2016,145.19,145.19
10/5/2016,145.4,145.4
10/4/2016,146.48,146.48
10/3/2016,146.26,146.26
9/30/2016,146.66,146.66
9/29/2016,146.62,146.62
9/28/2016,145.95,145.95
9/27/2016,145.27,145.27
9/26/2016,145.44,145.44
9/23/2016,145.55,145.55
9/22/2016,144.41,144.41
9/21/2016,144.4,144.4
9/20/2016,144.26,144.26
9/19/2016,143.16,143.16
9/16/2016,143.15,143.15
9/15/2016,143.21,143.21
9/14/2016,142.74,142.74
9/13/2016,143.82,143.82
9/12/2016,143.69,143.69
9/9/2016,145.21,145.21
9/8/2016,146.25,146.25
9/7/2016,147.48,147.48
9/6/2016,145.11,145.11
9/5/2016,144.63,144.63
9/2/2016,145.01,145.01
9/1/2016,146.79,146.79
8/31/2016,147.61,147.61
8/30/2016,148.35,148.35
8/29/2016,148.78,148.78
8/26/2016,149.87,149.87
8/25/2016,150.51,150.51
8/24/2016,150.48,150.48
8/23/2016,150.82,150.82
8/22/2016,149.45,149.45
8/19/2016,150.23,150.23
8/18/2016,149.51,149.51
8/17/2016,149.39,149.39
8/16/2016,149.4,149.4
8/15/2016,149.99,149.99
8/12/2016,149.85,149.85
8/11/2016,149,149
8/10/2016,148.99,148.99
8/9/2016,147.43,147.43
8/8/2016,147.56,147.56
8/5/2016,148.67,148.67
8/4/2016,147.91,147.91
8/3/2016,149.45,149.45
8/2/2016,150.45,150.45
8/1/2016,151.61,151.61
7/29/2016,152.56,152.56
7/28/2016,153.33,153.33
7/27/2016,152.66,152.66
7/26/2016,152.7,152.7
7/25/2016,152.38,152.38
7/22/2016,152.68,152.68
7/21/2016,152.5,152.5
7/20/2016,154.44,154.44
7/19/2016,154.81,154.81
7/18/2016,154.86,154.86
7/15/2016,154.85,154.85
7/14/2016,156.47,156.47
7/13/2016,157.32,157.32
7/12/2016,156.98,156.98
7/11/2016,158.21,158.21
7/8/2016,158.77,158.77
7/7/2016,159.43,159.43
7/6/2016,159.81,159.81
7/5/2016,159.81,159.81
7/4/2016,159.07,159.07
7/1/2016,158.35,158.35
6/30/2016,157.25,157.25
6/29/2016,158.63,158.63
6/28/2016,159.92,159.92
6/27/2016,158.2,158.2
6/24/2016,156.92,156.92
6/23/2016,154.24,154.24
6/22/2016,152.86,152.86
6/21/2016,152.3,152.3
6/20/2016,152.37,152.37
6/17/2016,153.43,153.43
6/16/2016,156.47,156.47
6/15/2016,154.5,154.5
6/14/2016,153.67,153.67
6/13/2016,153.35,153.35
6/10/2016,152.46,152.46
6/9/2016,151.18,151.18
6/8/2016,151.01,151.01
6/7/2016,151.35,151.35
6/6/2016,150.75,150.75
6/3/2016,150.15,150.15
6/2/2016,150.13,150.13
6/1/2016,149.88,149.88
5/31/2016,150.84,150.84
5/30/2016,150.16,150.16
5/27/2016,150.6,150.6
5/26/2016,150.18,150.18
5/25/2016,149.49,149.49
5/24/2016,149.77,149.77
5/23/2016,149.77,149.77
5/20/2016,149.91,149.91
5/19/2016,149.15,149.15
5/18/2016,148.98,148.98
5/17/2016,149.14,149.14
5/16/2016,148.84,148.84
5/13/2016,149.13,149.13
5/12/2016,150.16,150.16
5/11/2016,150.5,150.5
5/10/2016,150.18,150.18
5/9/2016,151.33,151.33
5/6/2016,151.67,151.67
5/5/2016,151.12,151.12
5/4/2016,151.11,151.11
5/3/2016,151.11,151.11
5/2/2016,151.1,151.1
4/29/2016,149.29,149.29
4/28/2016,149.27,149.27
4/27/2016,147.61,147.61
4/26/2016,149.06,149.06
4/25/2016,146.72,146.72
4/22/2016,149.14,149.14
4/21/2016,151.22,151.22
4/20/2016,150.78,150.78
4/19/2016,149.44,149.44
4/18/2016,148.42,148.42
4/15/2016,147.73,147.73
4/14/2016,147.39,147.39
4/13/2016,147.21,147.21
4/12/2016,147.47,147.47
4/11/2016,147.43,147.43
4/8/2016,146.8,146.8
4/7/2016,145.61,145.61
4/6/2016,145.6,145.6
4/5/2016,146.46,146.46
4/4/2016,147,147
4/1/2016,146.68,146.68
3/31/2016,142.88,142.88
3/30/2016,143.94,143.94
3/29/2016,143.64,143.64
3/28/2016,143.72,143.72
3/25/2016,143.84,143.84
3/24/2016,143.43,143.43
3/23/2016,145.74,145.74
3/22/2016,146.39,146.39
3/21/2016,145.59,145.59
3/18/2016,145.57,145.57
3/17/2016,141.69,141.69
3/16/2016,140.08,140.08
3/15/2016,139.26,139.26
3/14/2016,138.13,138.13
3/11/2016,136.53,136.53
3/10/2016,137.5,137.5
3/9/2016,138.46,138.46
3/8/2016,144.7,144.7
3/7/2016,138.69,138.69
3/4/2016,137.72,137.72
3/3/2016,136.41,136.41
3/2/2016,135.78,135.78
3/1/2016,135.62,135.62
2/29/2016,133.85,133.85
2/26/2016,133.7,133.7
2/25/2016,134.27,134.27
2/24/2016,132.08,132.08
2/23/2016,130.27,130.27
2/22/2016,129.97,129.97
2/19/2016,128.99,128.99
2/18/2016,129,129
2/17/2016,128.61,128.61
2/16/2016,127.87,127.87
2/15/2016,125.62,125.62
2/12/2016,126,126
2/11/2016,127.92,127.92
2/10/2016,127.92,127.92
2/9/2016,128.56,128.56
2/8/2016,127.92,127.92
2/5/2016,127.86,127.86
2/4/2016,127.86,127.86
2/3/2016,127.74,127.74
2/2/2016,127.47,127.47
2/1/2016,129.02,129.02
1/29/2016,127.71,127.71
1/28/2016,124.86,124.86
1/27/2016,125.45,125.45
1/26/2016,124.98,124.98
1/25/2016,124.68,124.68
1/22/2016,124.66,124.66
1/21/2016,124.6,124.6
1/20/2016,124.3,124.3
1/19/2016,124.13,124.13
1/18/2016,124.39,124.39
1/15/2016,123.55,123.55
1/14/2016,123.53,123.53
1/13/2016,124.85,124.85
1/12/2016,124.71,124.71
1/11/2016,124.43,124.43
1/8/2016,124.41,124.41
1/7/2016,123.9,123.9
1/6/2016,123.42,123.42
1/5/2016,123.29,123.29
1/4/2016,122.82,122.82
12/31/2015,122.76,122.76
12/30/2015,122.75,122.75
12/29/2015,122.61,122.61
12/28/2015,122.75,122.75
12/25/2015,122.68,122.68
12/24/2015,122.67,122.67
12/23/2015,122.78,122.78
12/22/2015,122.78,122.78
12/21/2015,122.79,122.79
12/18/2015,122.54,122.54
12/17/2015,121.13,121.13
12/16/2015,120.88,120.88
12/15/2015,120.73,120.73
12/14/2015,120.57,120.57
12/11/2015,120.5,120.5
12/10/2015,120.57,120.57
12/9/2015,120.33,120.33
12/8/2015,119.92,119.92
12/7/2015,119.55,119.55
12/4/2015,119.49,119.49
12/3/2015,119.77,119.77
12/2/2015,119.56,119.56
12/1/2015,119.82,119.82
11/30/2015,119.82,119.82
11/27/2015,119.84,119.84
11/26/2015,119.82,119.82
11/25/2015,119.57,119.57
11/24/2015,119.28,119.28
11/23/2015,119.29,119.29
11/20/2015,119.27,119.27
11/19/2015,119.58,119.58
11/18/2015,119.31,119.31
11/17/2015,119.38,119.38
11/16/2015,119.55,119.55
11/13/2015,119.35,119.35
11/12/2015,119.44,119.44
11/11/2015,119.38,119.38
11/10/2015,119.62,119.62
11/9/2015,119.17,119.17
11/6/2015,119.71,119.71
11/5/2015,119.87,119.87
11/4/2015,119.86,119.86
11/3/2015,119.99,119.99
11/2/2015,119.98,119.98
10/30/2015,120.3,120.3
10/29/2015,120.29,120.29
10/28/2015,120.37,120.37
10/27/2015,120.24,120.24
10/26/2015,119.98,119.98
10/23/2015,120.33,120.33
10/22/2015,120.09,120.09
10/21/2015,119.72,119.72
10/20/2015,119.96,119.96
10/19/2015,119.96,119.96
10/16/2015,120.17,120.17
10/15/2015,119.95,119.95
10/14/2015,120.34,120.34
10/13/2015,120.34,120.34
10/12/2015,120.21,120.21
10/9/2015,120.19,120.19
10/8/2015,119.92,119.92
10/7/2015,119.73,119.73
10/6/2015,119.8,119.8
10/5/2015,119.95,119.95
10/2/2015,119.81,119.81
10/1/2015,119.36,119.36
9/30/2015,118.88,118.88
9/29/2015,119.41,119.41
9/28/2015,119.05,119.05
9/25/2015,119.72,119.72
9/24/2015,119.56,119.56
9/23/2015,119.3,119.3
9/22/2015,119.3,119.3
9/21/2015,119.29,119.29
9/18/2015,119.28,119.28
9/17/2015,118.26,118.26
9/16/2015,118.01,118.01
9/15/2015,118.11,118.11
9/14/2015,118.25,118.25
9/11/2015,118.28,118.28
9/10/2015,118.53,118.53
9/9/2015,118.64,118.64
9/8/2015,118.89,118.89
9/7/2015,118.61,118.61
9/4/2015,118.54,118.54
9/3/2015,117.92,117.92
9/2/2015,117.84,117.84
9/1/2015,117.97,117.97
8/31/2015,117.98,117.98
8/28/2015,118.03,118.03
8/27/2015,117.82,117.82
8/26/2015,118.29,118.29
8/25/2015,118.28,118.28
8/24/2015,118.73,118.73
8/21/2015,118.6,118.6
8/20/2015,118.42,118.42
8/19/2015,117.88,117.88
8/18/2015,117.94,117.94
8/17/2015,117.47,117.47
8/14/2015,117.69,117.69
8/13/2015,117.57,117.57
8/12/2015,118.05,118.05
8/11/2015,117.23,117.23
8/10/2015,117.33,117.33
8/7/2015,117.09,117.09
8/6/2015,116.82,116.82
8/5/2015,117.63,117.63
8/4/2015,117.98,117.98
8/3/2015,117.51,117.51
7/31/2015,117.72,117.72
7/30/2015,117.48,117.48
7/29/2015,117.61,117.61
7/28/2015,117.76,117.76
7/27/2015,117.63,117.63
7/24/2015,117.83,117.83
7/23/2015,117.85,117.85
7/22/2015,117.78,117.78
7/21/2015,117.08,117.08
7/20/2015,116.78,116.78
7/17/2015,116.76,116.76
7/16/2015,116.55,116.55
7/15/2015,116.7,116.7
7/14/2015,116.4,116.4
7/13/2015,116.36,116.36
7/10/2015,116.74,116.74
7/9/2015,116.81,116.81
7/8/2015,117.38,117.38
7/7/2015,116.29,116.29
7/6/2015,116.3,116.3
7/3/2015,116.09,116.09
7/2/2015,115.71,115.71
7/1/2015,116.36,116.36
6/30/2015,116.9,116.9
6/29/2015,116.94,116.94
6/26/2015,116.17,116.17
6/25/2015,116.04,116.04
6/24/2015,116.44,116.44
6/23/2015,116.47,116.47
6/22/2015,117.28,117.28
6/19/2015,116.73,116.73
6/18/2015,116.11,116.11
6/17/2015,115.58,115.58
6/16/2015,115.34,115.34
6/15/2015,115.32,115.32
6/12/2015,115.19,115.19
6/11/2015,115,115
6/10/2015,115.35,115.35
6/9/2015,115.64,115.64
6/8/2015,114.41,114.41
6/5/2015,114.71,114.71
6/4/2015,114.81,114.81
6/3/2015,115.32,115.32
6/2/2015,115.91,115.91
6/1/2015,115.9,115.9
5/29/2015,116.35,116.35
5/28/2015,115.69,115.69
5/27/2015,116.45,116.45
5/26/2015,115.92,115.92
5/25/2015,116,116
5/22/2015,116.08,116.08
5/21/2015,116.19,116.19
5/20/2015,116.69,116.69
5/19/2015,117.52,117.52
5/18/2015,117.74,117.74
5/15/2015,117.09,117.09
5/14/2015,115.72,115.72
5/13/2015,115.46,115.46
5/12/2015,115.65,115.65
5/11/2015,116.97,116.97
5/8/2015,116.73,116.73
5/7/2015,116.62,116.62
5/6/2015,118.25,118.25
5/5/2015,118.25,118.25
5/4/2015,118.24,118.24
5/1/2015,118.23,118.23
4/30/2015,118.84,118.84
4/29/2015,119.24,119.24
4/28/2015,119.24,119.24
4/27/2015,119.28,119.28
4/24/2015,119.83,119.83
4/23/2015,119.51,119.51
4/22/2015,119.8,119.8
4/21/2015,119.8,119.8
4/20/2015,120.27,120.27
4/17/2015,120.14,120.14
4/16/2015,119.35,119.35
4/15/2015,118.85,118.85
4/14/2015,118.4,118.4
4/13/2015,117.85,117.85
4/10/2015,118.15,118.15
4/9/2015,117.71,117.71
4/8/2015,117.93,117.93
4/7/2015,117.75,117.75
4/6/2015,117.92,117.92
4/3/2015,118.15,118.15
4/2/2015,119.28,119.28
4/1/2015,118.56,118.56
3/31/2015,118.63,118.63
3/30/2015,118.71,118.71
3/27/2015,117.96,117.96
3/26/2015,120.4,120.4
3/25/2015,120.16,120.16
3/24/2015,120.15,120.15
3/23/2015,119.25,119.25
3/20/2015,119.47,119.47
3/19/2015,120.57,120.57
3/18/2015,118.61,118.61
3/17/2015,116.2,116.2
3/16/2015,115.85,115.85
3/13/2015,115.57,115.57
3/12/2015,115.96,115.96
3/11/2015,115.16,115.16
3/10/2015,114.38,114.38
3/9/2015,115.41,115.41
3/6/2015,116.62,116.62
3/5/2015,116.14,116.14
3/4/2015,115.06,115.06
3/3/2015,115.23,115.23
3/2/2015,116.49,116.49
2/27/2015,116.79,116.79
2/26/2015,116.66,116.66
2/25/2015,117.58,117.58
2/24/2015,116.91,116.91
2/23/2015,116.5,116.5
2/20/2015,116.04,116.04
2/19/2015,116.65,116.65
2/18/2015,115.56,115.56
2/17/2015,115.67,115.67
2/16/2015,113.91,113.91
2/13/2015,115.58,115.58
2/12/2015,116.53,116.53
2/11/2015,116.64,116.64
2/10/2015,116.64,116.64
2/9/2015,117.65,117.65
2/6/2015,118.96,118.96
2/5/2015,118.16,118.16
2/4/2015,116.56,116.56
2/3/2015,118.32,118.32
2/2/2015,119.9,119.9
1/30/2015,119.64,119.64
1/29/2015,119.33,119.33
1/28/2015,119.45,119.45
1/27/2015,118.87,118.87
1/26/2015,118.88,118.88
1/23/2015,118.74,118.74
1/22/2015,119.25,119.25
1/21/2015,123.64,123.64
1/20/2015,124.61,124.61
1/19/2015,124.61,124.61
1/16/2015,124.11,124.11
1/15/2015,124.01,124.01
1/14/2015,123.76,123.76
1/13/2015,123.36,123.36
1/12/2015,122.62,122.62
1/9/2015,122.6,122.6
1/8/2015,123.66,123.66
1/7/2015,122.53,122.53
1/6/2015,122.26,122.26
1/5/2015,120.24,120.24
1/2/2015,120.32,120.32
12/31/2014,120.31,120.31
12/30/2014,120.31,120.31
12/29/2014,119.75,119.75
12/26/2014,119.74,119.74
12/25/2014,120.22,120.22
12/24/2014,119.37,119.37
12/23/2014,118.86,118.86
12/22/2014,118.86,118.86
12/19/2014,118.55,118.55
12/18/2014,118.31,118.31
12/17/2014,117.82,117.82
12/16/2014,117.47,117.47
12/15/2014,117.24,117.24
12/12/2014,116.87,116.87
12/11/2014,117.1,117.1
12/10/2014,117.22,117.22
12/9/2014,116.45,116.45
12/8/2014,115.59,115.59
12/5/2014,115.69,115.69
12/4/2014,115.7,115.7
12/3/2014,116.37,116.37
12/2/2014,116.52,116.52
12/1/2014,116.5,116.5
11/28/2014,116.13,116.13
11/27/2014,116.09,116.09
11/26/2014,115.79,115.79
11/25/2014,115.53,115.53
11/24/2014,115.23,115.23
11/21/2014,115.22,115.22
11/20/2014,115.97,115.97
11/19/2014,115.33,115.33
11/18/2014,114.19,114.19
11/17/2014,115.19,115.19
11/14/2014,114.79,114.79
11/13/2014,113.71,113.71
11/12/2014,112.8,112.8
11/11/2014,113.8,113.8
11/10/2014,113.94,113.94
11/7/2014,113.37,113.37
11/6/2014,113.43,113.43
11/5/2014,113.79,113.79
11/4/2014,115.14,115.14
11/3/2014,112.45,112.45
10/31/2014,112.43,112.43
10/30/2014,110.9,110.9
10/29/2014,111.32,111.32
10/28/2014,111.43,111.43
10/27/2014,111.46,111.46
10/24/2014,111.54,111.54
10/23/2014,111.32,111.32
10/22/2014,111.49,111.49
10/21/2014,111.44,111.44
10/20/2014,111.01,111.01
10/17/2014,111.42,111.42
10/16/2014,111.21,111.21
10/15/2014,111.3,111.3
10/14/2014,111.07,111.07
10/13/2014,111.08,111.08
10/10/2014,111.06,111.06
10/9/2014,111.49,111.49
10/8/2014,111.19,111.19
10/7/2014,111.04,111.04
10/6/2014,111.14,111.14
10/3/2014,110.91,110.91
10/2/2014,111.04,111.04
10/1/2014,111.11,111.11
9/30/2014,111.5,111.5
9/29/2014,111.42,111.42
9/26/2014,111.23,111.23
9/25/2014,110.86,110.86
9/24/2014,110.54,110.54
9/23/2014,110.22,110.22
9/22/2014,110.22,110.22
9/19/2014,109.69,109.69
9/18/2014,109.74,109.74
9/17/2014,110.04,110.04
9/16/2014,109.54,109.54
9/15/2014,109.72,109.72
9/12/2014,109.7,109.7
9/11/2014,109.61,109.61
9/10/2014,110.04,110.04
9/9/2014,110.31,110.31
9/8/2014,110.5,110.5
9/5/2014,110.35,110.35
9/4/2014,110.43,110.43
9/3/2014,110.59,110.59
9/2/2014,110.68,110.68
9/1/2014,110.96,110.96
8/29/2014,111.06,111.06
8/28/2014,110.94,110.94
8/27/2014,110.75,110.75
8/26/2014,110.85,110.85
8/25/2014,110.7,110.7
8/22/2014,110.43,110.43
8/21/2014,110.02,110.02
8/20/2014,110.35,110.35
8/19/2014,110.45,110.45
8/18/2014,110.32,110.32
8/15/2014,110.12,110.12
8/14/2014,110.18,110.18
8/13/2014,110.21,110.21
8/12/2014,110.1,110.1
8/11/2014,109.85,109.85
8/8/2014,109.97,109.97
8/7/2014,109.58,109.58
8/6/2014,109.8,109.8
8/5/2014,109.88,109.88
8/4/2014,109.67,109.67
8/1/2014,109.72,109.72
7/31/2014,109.73,109.73
7/30/2014,109.89,109.89
7/29/2014,110.06,110.06
7/28/2014,110.23,110.23
7/25/2014,110.06,110.06
7/24/2014,110.24,110.24
7/23/2014,109.8,109.8
7/22/2014,109.66,109.66
7/21/2014,109.94,109.94
7/18/2014,109.93,109.93
7/17/2014,109.87,109.87
7/16/2014,109.29,109.29
7/15/2014,109.3,109.3
7/14/2014,109.28,109.28
7/11/2014,109.09,109.09
7/10/2014,108.97,108.97
7/9/2014,109.24,109.24
7/8/2014,109.25,109.25
7/7/2014,109.03,109.03
7/4/2014,109.3,109.3
7/3/2014,109.5,109.5
7/2/2014,109.68,109.68
7/1/2014,109.78,109.78
6/30/2014,109.6,109.6
6/27/2014,109.68,109.68
6/26/2014,109.34,109.34
6/25/2014,108.95,108.95
6/24/2014,108.74,108.74
6/23/2014,108.79,108.79
6/20/2014,108.77,108.77
6/19/2014,108.66,108.66
6/18/2014,109.44,109.44
6/17/2014,109.42,109.42
6/16/2014,109.31,109.31
6/13/2014,108.99,108.99
6/12/2014,108.8,108.8
6/11/2014,108.4,108.4
6/10/2014,108.54,108.54
6/9/2014,108.52,108.52
6/6/2014,108.58,108.58
6/5/2014,108.26,108.26
6/4/2014,108.52,108.52
6/3/2014,108.7,108.7
6/2/2014,108.59,108.59
5/30/2014,108.83,108.83
5/29/2014,109.03,109.03
5/28/2014,108.82,108.82
5/27/2014,108.62,108.62
5/26/2014,108.59,108.59
5/23/2014,108.57,108.57
5/22/2014,108.53,108.53
5/21/2014,108.63,108.63
5/20/2014,108.52,108.52
5/19/2014,108.58,108.58
5/16/2014,108.46,108.46
5/15/2014,108.39,108.39
5/14/2014,108.18,108.18
5/13/2014,108.08,108.08
5/12/2014,108.06,108.06
5/9/2014,108.24,108.24
5/8/2014,108.41,108.41
5/7/2014,108.4,108.4
5/6/2014,108.17,108.17
5/5/2014,108.17,108.17
5/2/2014,108.15,108.15
5/1/2014,108.14,108.14
4/30/2014,108.07,108.07
4/29/2014,108.27,108.27
4/28/2014,108.27,108.27
4/25/2014,108.26,108.26
4/24/2014,108.36,108.36
4/23/2014,108.19,108.19
4/22/2014,108.39,108.39
4/21/2014,108.42,108.42
4/18/2014,108.59,108.59
4/17/2014,108.49,108.49
4/16/2014,108.61,108.61
4/15/2014,108.4,108.4
4/14/2014,108.43,108.43
4/11/2014,108.31,108.31
4/10/2014,108.23,108.23
4/9/2014,108.13,108.13
4/8/2014,108.28,108.28
4/7/2014,108.69,108.69
4/4/2014,108.37,108.37
4/3/2014,108.26,108.26
4/2/2014,108.5,108.5
4/1/2014,108.71,108.71
3/31/2014,107.87,107.87
3/28/2014,108.06,108.06
3/27/2014,107.96,107.96
3/26/2014,108.08,108.08
3/25/2014,108.26,108.26
3/24/2014,108.26,108.26
3/21/2014,108.64,108.64
3/20/2014,108.63,108.63
3/19/2014,108.15,108.15
3/18/2014,107.74,107.74
3/17/2014,107.94,107.94
3/14/2014,107.92,107.92
3/13/2014,107.72,107.72
3/12/2014,108.12,108.12
3/11/2014,108.29,108.29
3/10/2014,108.46,108.46
3/7/2014,108.44,108.44
3/6/2014,108.82,108.82
3/5/2014,109.1,109.1
3/4/2014,109.41,109.41
3/3/2014,109.34,109.34
2/28/2014,108.91,108.91
2/27/2014,108.74,108.74
2/26/2014,109.06,109.06
2/25/2014,109.16,109.16
2/24/2014,108.82,108.82
2/21/2014,108.71,108.71
2/20/2014,109.04,109.04
2/19/2014,108.69,108.69
2/18/2014,109.19,109.19
2/17/2014,109.3,109.3
2/14/2014,109.49,109.49
2/13/2014,109.06,109.06
2/12/2014,108.65,108.65
2/11/2014,108.85,108.85
2/10/2014,108.84,108.84
2/7/2014,109.13,109.13
2/6/2014,109.93,109.93
2/5/2014,110.05,110.05
2/4/2014,109.73,109.73
2/3/2014,109.21,109.21
1/31/2014,108.88,108.88
1/30/2014,108.98,108.98
1/29/2014,108.59,108.59
1/28/2014,108.58,108.58
1/27/2014,109.01,109.01
1/24/2014,109.19,109.19
1/23/2014,108.4,108.4
1/22/2014,107.58,107.58
1/21/2014,107.38,107.38
1/20/2014,107.77,107.77
1/17/2014,107.55,107.55
1/16/2014,107.84,107.84
1/15/2014,108.15,108.15
1/14/2014,108.25,108.25
1/13/2014,107.66,107.66
1/10/2014,107.64,107.64
1/9/2014,107.57,107.57
1/8/2014,107.46,107.46
1/7/2014,107.31,107.31
1/6/2014,106.99,106.99
1/3/2014,106.77,106.77
1/2/2014,106.77,106.77
12/31/2013,106.76,106.76
12/30/2013,106.75,106.75
12/27/2013,107.11,107.11
12/26/2013,107.35,107.35
12/25/2013,107.55,107.55
12/24/2013,107.63,107.63
12/23/2013,107.62,107.62
12/20/2013,107.61,107.61
12/19/2013,107.54,107.54
12/18/2013,107.72,107.72
12/17/2013,106.85,106.85
12/16/2013,106.52,106.52
12/13/2013,106.57,106.57
12/12/2013,106.95,106.95
12/11/2013,106.88,106.88
12/10/2013,107.17,107.17
12/9/2013,107.37,107.37
12/6/2013,107.15,107.15
12/5/2013,107.75,107.75
12/4/2013,107.44,107.44
12/3/2013,107.44,107.44
12/2/2013,107.73,107.73
11/29/2013,108.02,108.02
11/28/2013,108.21,108.21
11/27/2013,108.31,108.31
11/26/2013,107.72,107.72
11/25/2013,107.16,107.16
11/22/2013,107.55,107.55
11/21/2013,107.54,107.54
11/20/2013,107.74,107.74
11/19/2013,107.61,107.61
11/18/2013,107.67,107.67
11/15/2013,107.66,107.66
11/14/2013,108.11,108.11
11/13/2013,108.2,108.2
11/12/2013,108.36,108.36
11/11/2013,108.66,108.66
11/8/2013,108.58,108.58
11/7/2013,108.17,108.17
11/6/2013,107.83,107.83
11/5/2013,107.72,107.72
11/4/2013,107.81,107.81
11/1/2013,107.8,107.8
10/31/2013,108.14,108.14
10/30/2013,108.37,108.37
10/29/2013,107.9,107.9
10/28/2013,108.19,108.19
10/25/2013,108.09,108.09
10/24/2013,108.57,108.57
10/23/2013,109.07,109.07
10/22/2013,108.5,108.5
10/21/2013,108.17,108.17
10/18/2013,108.36,108.36
10/17/2013,107.92,107.92
10/16/2013,107.88,107.88
10/15/2013,107.37,107.37
10/14/2013,107.87,107.87
10/11/2013,107.85,107.85
10/10/2013,108.15,108.15
10/9/2013,108.01,108.01
10/8/2013,107.61,107.61
10/7/2013,107.96,107.96
10/4/2013,108.17,108.17
10/3/2013,108.36,108.36
10/2/2013,107.94,107.94
10/1/2013,107.09,107.09
9/30/2013,106.68,106.68
9/27/2013,106.59,106.59
9/26/2013,106.5,106.5
9/25/2013,106.89,106.89
9/24/2013,106.51,106.51
9/23/2013,105.91,105.91
9/20/2013,105.9,105.9
9/19/2013,105.83,105.83
9/18/2013,104.94,104.94
9/17/2013,104.92,104.92
9/16/2013,104.62,104.62
9/13/2013,104.6,104.6
9/12/2013,104.71,104.71
9/11/2013,104.49,104.49
9/10/2013,104.64,104.64
9/9/2013,104.18,104.18
9/6/2013,103.7,103.7
9/5/2013,104.06,104.06
9/4/2013,104.06,104.06
9/3/2013,104.26,104.26
9/2/2013,104.81,104.81
8/30/2013,105.08,105.08
8/29/2013,105.34,105.34
8/28/2013,104.89,104.89
8/27/2013,104.31,104.31
8/26/2013,104.05,104.05
8/23/2013,103.94,103.94
8/22/2013,104.11,104.11
8/21/2013,104.19,104.19
8/20/2013,104.19,104.19
8/19/2013,104.02,104.02
8/16/2013,103.97,103.97
8/15/2013,104.17,104.17
8/14/2013,104.63,104.63
8/13/2013,105.03,105.03
8/12/2013,104.64,104.64
8/9/2013,104.34,104.34
8/8/2013,104.25,104.25
8/7/2013,103.68,103.68
8/6/2013,103.43,103.43
8/5/2013,103.92,103.92
8/2/2013,103.7,103.7
8/1/2013,103.89,103.89
7/31/2013,103.88,103.88
7/30/2013,103.86,103.86
7/29/2013,103.66,103.66
7/26/2013,103.56,103.56
7/25/2013,102.99,102.99
7/24/2013,103.15,103.15
7/23/2013,103.23,103.23
7/22/2013,103.48,103.48
7/19/2013,103.27,103.27
7/18/2013,103.34,103.34
7/17/2013,103.34,103.34
7/16/2013,102.97,102.97
7/15/2013,103.05,103.05
7/12/2013,103.04,103.04
7/11/2013,103.12,103.12
7/10/2013,102.66,102.66
7/9/2013,102.64,102.64
7/8/2013,102.38,102.38
7/5/2013,102.82,102.82
7/4/2013,103.07,103.07
7/3/2013,102.22,102.22
7/2/2013,102.24,102.24
7/1/2013,102.74,102.74
6/28/2013,103.55,103.55
6/27/2013,103.69,103.69
6/26/2013,103.49,103.49
6/25/2013,103.03,103.03
6/24/2013,102.17,102.17
6/21/2013,102.52,102.52
6/20/2013,102.94,102.94
6/19/2013,103.53,103.53
6/18/2013,104.06,104.06
6/17/2013,104.06,104.06
6/14/2013,104.26,104.26
6/13/2013,104.09,104.09
6/12/2013,103.8,103.8
6/11/2013,103.96,103.96
6/10/2013,104.3,104.3
6/7/2013,104.41,104.41
6/6/2013,104.07,104.07
6/5/2013,103.67,103.67
6/4/2013,104.08,104.08
6/3/2013,105.68,105.68
5/31/2013,104.9,104.9
5/30/2013,103.85,103.85
5/29/2013,103.32,103.32
5/28/2013,103.22,103.22
5/27/2013,103.66,103.66
5/24/2013,103.17,103.17
5/23/2013,102.97,102.97
5/22/2013,102.36,102.36
5/21/2013,102.9,102.9
5/20/2013,103.33,103.33
5/17/2013,103.86,103.86
5/16/2013,103.89,103.89
5/15/2013,104,104
5/14/2013,104.11,104.11
5/13/2013,104.62,104.62
5/10/2013,105.56,105.56
5/9/2013,106.57,106.57
5/8/2013,106.93,106.93
5/7/2013,107.16,107.16
5/6/2013,107.88,107.88
5/3/2013,107.86,107.86
5/2/2013,107.85,107.85
5/1/2013,107.79,107.79
4/30/2013,107.37,107.37
4/29/2013,107.29,107.29
4/26/2013,107.27,107.27
4/25/2013,107.14,107.14
4/24/2013,107.26,107.26
4/23/2013,107.78,107.78
4/22/2013,107.24,107.24
4/19/2013,108.3,108.3
4/18/2013,107.09,107.09
4/17/2013,106.3,106.3
4/16/2013,107.09,107.09
4/15/2013,106.78,106.78
4/12/2013,107.99,107.99
4/11/2013,108.96,108.96
4/10/2013,110.19,110.19
4/9/2013,111.58,111.58
4/8/2013,113.18,113.18
4/5/2013,115.54,115.54
4/4/2013,115.27,115.27
4/3/2013,108.96,108.96
4/2/2013,109.15,109.15
4/1/2013,108.4,108.4
3/29/2013,109.13,109.13
3/28/2013,108.34,108.34
3/27/2013,107.92,107.92
3/26/2013,107.71,107.71
3/25/2013,108.42,108.42
3/22/2013,107.17,107.17
3/21/2013,106.16,106.16
3/20/2013,105.3,105.3
3/19/2013,105.3,105.3
3/18/2013,104.98,104.98
3/15/2013,104.42,104.42
3/14/2013,104.28,104.28
3/13/2013,104.87,104.87
3/12/2013,104.51,104.51
3/11/2013,103.93,103.93
3/8/2013,104.47,104.47
3/7/2013,103.67,103.67
3/6/2013,104.22,104.22
3/5/2013,104.75,104.75
3/4/2013,105.76,105.76
3/1/2013,104.06,104.06
2/28/2013,103.26,103.26
2/27/2013,102.5,102.5
2/26/2013,102.12,102.12
2/25/2013,101.58,101.58
2/22/2013,101.29,101.29
2/21/2013,100.86,100.86
2/20/2013,101.13,101.13
2/19/2013,101.38,101.38
2/18/2013,101.29,101.29
2/15/2013,100.92,100.92
1/31/2013,99.98,99.98
