Security,I29065JP Index,
Start Date,1/31/2013 0:00,
End Date,5/21/2025 0:00,
Period,D,
,,
Date,PX_LAST,TOT_RETURN_INDEX_GROSS_DVDS
5/21/2025,99.08,99.08
5/20/2025,99.04,99.04
5/19/2025,99.08,99.08
5/16/2025,99.15,99.15
5/15/2025,99.05,99.05
5/14/2025,99.16,99.16
5/13/2025,99.11,99.11
5/12/2025,99.36,99.36
5/9/2025,99.48,99.48
5/8/2025,99.53,99.53
5/7/2025,99.6,99.6
5/6/2025,99.64,99.64
5/5/2025,99.64,99.64
5/2/2025,99.64,99.64
5/1/2025,99.57,99.57
4/30/2025,99.39,99.39
4/29/2025,99.38,99.38
4/28/2025,99.38,99.38
4/25/2025,99.34,99.34
4/24/2025,99.39,99.39
4/23/2025,99.32,99.32
4/22/2025,99.43,99.43
4/21/2025,99.52,99.52
4/18/2025,99.56,99.56
4/17/2025,99.48,99.48
4/16/2025,99.59,99.59
4/15/2025,99.4,99.4
4/14/2025,99.67,99.67
4/11/2025,99.53,99.53
4/10/2025,99.24,99.24
4/9/2025,99.49,99.49
4/8/2025,99.4,99.4
4/7/2025,99.78,99.78
4/4/2025,99.57,99.57
4/3/2025,98.93,98.93
4/2/2025,98.54,98.54
4/1/2025,98.46,98.46
3/31/2025,98.46,98.46
3/28/2025,98.3,98.3
3/27/2025,98.19,98.19
3/26/2025,98.2,98.2
3/25/2025,98.22,98.22
3/24/2025,98.32,98.32
3/21/2025,98.35,98.35
3/20/2025,98.38,98.38
3/19/2025,98.38,98.38
3/18/2025,98.43,98.43
3/17/2025,98.42,98.42
3/14/2025,98.34,98.34
3/13/2025,98.24,98.24
3/12/2025,98.3,98.3
3/11/2025,98.36,98.36
3/10/2025,98.19,98.19
3/7/2025,98.31,98.31
3/6/2025,98.33,98.33
3/5/2025,98.45,98.45
3/4/2025,98.48,98.48
3/3/2025,98.57,98.57
2/28/2025,98.65,98.65
2/27/2025,98.54,98.54
2/26/2025,98.61,98.61
2/25/2025,98.58,98.58
2/24/2025,98.48,98.48
2/21/2025,98.48,98.48
2/20/2025,98.4,98.4
2/19/2025,98.41,98.41
2/18/2025,98.41,98.41
2/17/2025,98.55,98.55
2/14/2025,98.64,98.64
2/13/2025,98.64,98.64
2/12/2025,98.64,98.64
2/11/2025,98.66,98.66
2/10/2025,98.66,98.66
2/7/2025,98.7,98.7
2/6/2025,98.86,98.86
2/5/2025,98.84,98.84
2/4/2025,98.91,98.91
2/3/2025,98.98,98.98
1/31/2025,98.94,98.94
1/30/2025,99.02,99.02
1/29/2025,99.06,99.06
1/28/2025,99.08,99.08
1/27/2025,99.02,99.02
1/24/2025,98.97,98.97
1/23/2025,99.04,99.04
1/22/2025,99.09,99.09
1/21/2025,99.15,99.15
1/20/2025,99.14,99.14
1/17/2025,99.1,99.1
1/16/2025,99.08,99.08
1/15/2025,99.01,99.01
1/14/2025,99.13,99.13
1/13/2025,99.2,99.2
1/10/2025,99.2,99.2
1/9/2025,99.25,99.25
1/8/2025,99.23,99.23
1/7/2025,99.32,99.32
1/6/2025,99.39,99.39
1/3/2025,99.48,99.48
1/2/2025,99.48,99.48
12/31/2024,99.48,99.48
12/30/2024,99.48,99.48
12/27/2024,99.46,99.46
12/26/2024,99.49,99.49
12/25/2024,99.56,99.56
12/24/2024,99.54,99.54
12/23/2024,99.57,99.57
12/20/2024,99.6,99.6
12/19/2024,99.48,99.48
12/18/2024,99.53,99.53
12/17/2024,99.48,99.48
12/16/2024,99.54,99.54
12/13/2024,99.59,99.59
12/12/2024,99.51,99.51
12/11/2024,99.45,99.45
12/10/2024,99.48,99.48
12/9/2024,99.51,99.51
12/6/2024,99.45,99.45
12/5/2024,99.44,99.44
12/4/2024,99.47,99.47
12/3/2024,99.37,99.37
12/2/2024,99.36,99.36
11/29/2024,99.44,99.44
11/28/2024,99.45,99.45
11/27/2024,99.39,99.39
11/26/2024,99.42,99.42
11/25/2024,99.4,99.4
11/22/2024,99.38,99.38
11/21/2024,99.4,99.4
11/20/2024,99.49,99.49
11/19/2024,99.52,99.52
11/18/2024,99.52,99.52
11/15/2024,99.52,99.52
11/14/2024,99.56,99.56
11/13/2024,99.6,99.6
11/12/2024,99.7,99.7
11/11/2024,99.74,99.74
11/8/2024,99.72,99.72
11/7/2024,99.75,99.75
11/6/2024,99.87,99.87
11/5/2024,99.95,99.95
11/4/2024,99.95,99.95
11/1/2024,99.95,99.95
10/31/2024,100.01,100.01
10/30/2024,99.97,99.97
10/29/2024,99.92,99.92
10/28/2024,99.91,99.91
10/25/2024,99.95,99.95
10/24/2024,99.94,99.94
10/23/2024,99.9,99.9
10/22/2024,99.89,99.89
10/21/2024,99.96,99.96
10/18/2024,99.92,99.92
10/17/2024,99.94,99.94
10/16/2024,99.99,99.99
10/15/2024,99.95,99.95
10/14/2024,100,100
10/11/2024,100,100
10/10/2024,99.98,99.98
10/9/2024,100.02,100.02
10/8/2024,100.04,100.04
10/7/2024,100.07,100.07
10/4/2024,100.23,100.23
10/3/2024,100.26,100.26
10/2/2024,100.27,100.27
10/1/2024,100.19,100.19
9/30/2024,100.29,100.29
9/27/2024,100.43,100.43
9/26/2024,100.33,100.33
9/25/2024,100.33,100.33
9/24/2024,100.34,100.34
9/23/2024,100.15,100.15
9/20/2024,100.15,100.15
9/19/2024,100.19,100.19
9/18/2024,100.24,100.24
9/17/2024,100.21,100.21
9/16/2024,100.18,100.18
9/13/2024,100.18,100.18
9/12/2024,100.15,100.15
9/11/2024,100.19,100.19
9/10/2024,100.09,100.09
9/9/2024,100.11,100.11
9/6/2024,100.18,100.18
9/5/2024,100.16,100.16
9/4/2024,100.14,100.14
9/3/2024,100.07,100.07
9/2/2024,100.13,100.13
8/30/2024,100.18,100.18
8/29/2024,100.17,100.17
8/28/2024,100.14,100.14
8/27/2024,100.17,100.17
8/26/2024,100.18,100.18
8/23/2024,100.13,100.13
8/22/2024,100.18,100.18
8/21/2024,100.22,100.22
8/20/2024,100.14,100.14
8/19/2024,100.1,100.1
8/16/2024,100.16,100.16
8/15/2024,100.34,100.34
8/14/2024,100.41,100.41
8/13/2024,100.38,100.38
8/12/2024,100.37,100.37
8/9/2024,100.37,100.37
8/8/2024,100.49,100.49
8/7/2024,100.46,100.46
8/6/2024,100.4,100.4
8/5/2024,100.56,100.56
8/2/2024,99.82,99.82
8/1/2024,99.57,99.57
7/31/2024,99.59,99.59
7/30/2024,99.85,99.85
7/29/2024,99.81,99.81
7/26/2024,99.72,99.72
7/25/2024,99.73,99.73
7/24/2024,99.79,99.79
7/23/2024,99.85,99.85
7/22/2024,99.88,99.88
7/19/2024,99.87,99.87
7/18/2024,99.9,99.9
7/17/2024,99.95,99.95
7/16/2024,99.98,99.98
7/15/2024,99.91,99.91
7/12/2024,99.91,99.91
7/11/2024,99.84,99.84
7/10/2024,99.86,99.86
7/9/2024,99.84,99.84
7/8/2024,99.78,99.78
7/5/2024,99.82,99.82
7/4/2024,99.83,99.83
7/3/2024,99.78,99.78
7/2/2024,99.74,99.74
7/1/2024,99.78,99.78
6/28/2024,99.82,99.82
6/27/2024,99.76,99.76
6/26/2024,99.93,99.93
6/25/2024,99.95,99.95
6/24/2024,99.95,99.95
6/21/2024,99.95,99.95
6/20/2024,100.01,100.01
6/19/2024,100.03,100.03
6/18/2024,100.01,100.01
6/17/2024,100.02,100.02
6/14/2024,99.98,99.98
6/13/2024,99.86,99.86
6/12/2024,99.79,99.79
6/11/2024,99.67,99.67
6/10/2024,99.65,99.65
6/7/2024,99.81,99.81
6/6/2024,99.88,99.88
6/5/2024,99.79,99.79
6/4/2024,99.66,99.66
6/3/2024,99.56,99.56
5/31/2024,99.54,99.54
5/30/2024,99.57,99.57
5/29/2024,99.57,99.57
5/28/2024,99.7,99.7
5/27/2024,99.71,99.71
5/24/2024,99.72,99.72
5/23/2024,99.73,99.73
5/22/2024,99.72,99.72
5/21/2024,99.73,99.73
5/20/2024,99.78,99.78
5/17/2024,99.81,99.81
5/16/2024,99.87,99.87
5/15/2024,99.77,99.77
5/14/2024,99.8,99.8
5/13/2024,99.84,99.84
5/10/2024,99.92,99.92
5/9/2024,99.95,99.95
5/8/2024,100.06,100.06
5/7/2024,100.09,100.09
5/6/2024,100.02,100.02
5/3/2024,100.02,100.02
5/2/2024,100.02,100.02
5/1/2024,100.03,100.03
4/30/2024,100.1,100.1
4/29/2024,99.98,99.98
4/26/2024,99.98,99.98
4/25/2024,100,100
4/24/2024,100.01,100.01
4/23/2024,100,100
4/22/2024,100.02,100.02
4/19/2024,100.14,100.14
4/18/2024,100.08,100.08
4/17/2024,100.03,100.03
4/16/2024,100.05,100.05
4/15/2024,100.08,100.08
4/12/2024,100.07,100.07
4/11/2024,100.09,100.09
4/10/2024,100.27,100.27
4/9/2024,100.32,100.32
4/8/2024,100.33,100.33
4/5/2024,100.37,100.37
4/4/2024,100.42,100.42
4/3/2024,100.44,100.44
4/2/2024,100.39,100.39
4/1/2024,100.41,100.41
3/29/2024,100.44,100.44
3/28/2024,100.45,100.45
3/27/2024,100.4,100.4
3/26/2024,100.35,100.35
3/25/2024,100.34,100.34
3/22/2024,100.3,100.3
3/21/2024,100.34,100.34
3/20/2024,100.42,100.42
3/19/2024,100.42,100.42
3/18/2024,100.38,100.38
3/15/2024,100.35,100.35
3/14/2024,100.35,100.35
3/13/2024,100.35,100.35
3/12/2024,100.33,100.33
3/11/2024,100.33,100.33
3/8/2024,100.32,100.32
3/7/2024,100.33,100.33
3/6/2024,100.38,100.38
3/5/2024,100.41,100.41
3/4/2024,100.39,100.39
3/1/2024,100.36,100.36
2/29/2024,100.38,100.38
2/28/2024,100.45,100.45
2/27/2024,100.47,100.47
2/26/2024,100.5,100.5
2/23/2024,100.46,100.46
2/22/2024,100.46,100.46
2/21/2024,100.48,100.48
2/20/2024,100.49,100.49
2/19/2024,100.5,100.5
2/16/2024,100.52,100.52
2/15/2024,100.56,100.56
2/14/2024,100.48,100.48
2/13/2024,100.56,100.56
2/12/2024,100.6,100.6
2/9/2024,100.6,100.6
2/8/2024,100.67,100.67
2/7/2024,100.64,100.64
2/6/2024,100.62,100.62
2/5/2024,100.61,100.61
2/2/2024,100.76,100.76
2/1/2024,100.73,100.73
1/31/2024,100.65,100.65
1/30/2024,100.73,100.73
1/29/2024,100.7,100.7
1/26/2024,100.72,100.72
1/25/2024,100.63,100.63
1/24/2024,100.66,100.66
1/23/2024,100.93,100.93
1/22/2024,100.93,100.93
1/19/2024,100.89,100.89
1/18/2024,100.9,100.9
1/17/2024,100.99,100.99
1/16/2024,101.04,101.04
1/15/2024,101.08,101.08
1/12/2024,101.02,101.02
1/11/2024,101.01,101.01
1/10/2024,100.96,100.96
1/9/2024,100.97,100.97
1/8/2024,100.91,100.91
1/5/2024,100.91,100.91
1/4/2024,100.87,100.87
1/3/2024,100.86,100.86
1/2/2024,100.86,100.86
12/29/2023,100.86,100.86
12/28/2023,100.91,100.91
12/27/2023,100.86,100.86
12/26/2023,100.77,100.77
12/25/2023,100.81,100.81
12/22/2023,100.76,100.76
12/21/2023,100.84,100.84
12/20/2023,100.88,100.88
12/19/2023,100.67,100.67
12/18/2023,100.61,100.61
12/15/2023,100.53,100.53
12/14/2023,100.67,100.67
12/13/2023,100.71,100.71
12/12/2023,100.59,100.59
12/11/2023,100.43,100.43
12/8/2023,100.45,100.45
12/7/2023,100.48,100.48
12/6/2023,100.79,100.79
12/5/2023,100.75,100.75
12/4/2023,100.74,100.74
12/1/2023,100.69,100.69
11/30/2023,100.7,100.7
11/29/2023,100.71,100.71
11/28/2023,100.51,100.51
11/27/2023,100.46,100.46
11/24/2023,100.44,100.44
11/23/2023,100.57,100.57
11/22/2023,100.57,100.57
11/21/2023,100.65,100.65
11/20/2023,100.55,100.55
11/17/2023,100.52,100.52
11/16/2023,100.38,100.38
11/15/2023,100.37,100.37
11/14/2023,100.19,100.19
11/13/2023,100.12,100.12
11/10/2023,100.14,100.14
11/9/2023,100.19,100.19
11/8/2023,100.17,100.17
11/7/2023,100.09,100.09
11/6/2023,100.1,100.1
11/3/2023,100,100
11/2/2023,100,100
11/1/2023,99.91,99.91
10/31/2023,100,100
10/30/2023,100.19,100.19
10/27/2023,100.26,100.26
10/26/2023,100.27,100.27
10/25/2023,100.33,100.33
10/24/2023,100.34,100.34
10/23/2023,100.29,100.29
10/20/2023,100.32,100.32
10/19/2023,100.3,100.3
10/18/2023,100.37,100.37
10/17/2023,100.46,100.46
10/16/2023,100.51,100.51
10/13/2023,100.47,100.47
10/12/2023,100.49,100.49
10/11/2023,100.42,100.42
10/10/2023,100.41,100.41
10/9/2023,100.34,100.34
10/6/2023,100.34,100.34
10/5/2023,100.35,100.35
10/4/2023,100.31,100.31
10/3/2023,100.38,100.38
10/2/2023,100.35,100.35
9/29/2023,100.38,100.38
9/28/2023,100.43,100.43
9/27/2023,100.48,100.48
9/26/2023,100.46,100.46
9/25/2023,100.47,100.47
9/22/2023,100.43,100.43
9/21/2023,100.43,100.43
9/20/2023,100.48,100.48
9/19/2023,100.47,100.47
9/18/2023,100.5,100.5
9/15/2023,100.5,100.5
9/14/2023,100.5,100.5
9/13/2023,100.5,100.5
9/12/2023,100.5,100.5
9/11/2023,100.46,100.46
9/8/2023,100.69,100.69
9/7/2023,100.67,100.67
9/6/2023,100.66,100.66
9/5/2023,100.64,100.64
9/4/2023,100.67,100.67
9/1/2023,100.68,100.68
8/31/2023,100.63,100.63
8/30/2023,100.6,100.6
8/29/2023,100.63,100.63
8/28/2023,100.6,100.6
8/25/2023,100.61,100.61
8/24/2023,100.61,100.61
8/23/2023,100.57,100.57
8/22/2023,100.59,100.59
8/21/2023,100.64,100.64
8/18/2023,100.68,100.68
8/17/2023,100.66,100.66
8/16/2023,100.71,100.71
8/15/2023,100.73,100.73
8/14/2023,100.71,100.71
8/11/2023,100.77,100.77
8/10/2023,100.77,100.77
8/9/2023,100.82,100.82
8/8/2023,100.75,100.75
8/7/2023,100.73,100.73
8/4/2023,100.69,100.69
8/3/2023,100.74,100.74
8/2/2023,100.8,100.8
8/1/2023,100.84,100.84
7/31/2023,100.87,100.87
7/28/2023,100.93,100.93
7/27/2023,101.11,101.11
7/26/2023,101.11,101.11
7/25/2023,101.08,101.08
7/24/2023,101.11,101.11
7/21/2023,101.05,101.05
7/20/2023,101.07,101.07
7/19/2023,101.06,101.06
7/18/2023,101.01,101.01
7/17/2023,100.99,100.99
7/14/2023,100.99,100.99
7/13/2023,101,101
7/12/2023,100.97,100.97
7/11/2023,101.03,101.03
7/10/2023,100.93,100.93
7/7/2023,101.04,101.04
7/6/2023,101.16,101.16
7/5/2023,101.19,101.19
7/4/2023,101.19,101.19
7/3/2023,101.18,101.18
6/30/2023,101.18,101.18
6/29/2023,101.17,101.17
6/28/2023,101.14,101.14
6/27/2023,101.18,101.18
6/26/2023,101.2,101.2
6/23/2023,101.17,101.17
6/22/2023,101.12,101.12
6/21/2023,101.12,101.12
6/20/2023,101.11,101.11
6/19/2023,101.11,101.11
6/16/2023,101.11,101.11
6/15/2023,101.09,101.09
6/14/2023,101.09,101.09
6/13/2023,101.13,101.13
6/12/2023,101.1,101.1
6/9/2023,101.09,101.09
6/8/2023,101.09,101.09
6/7/2023,101.11,101.11
6/6/2023,101.1,101.1
6/5/2023,101.1,101.1
6/2/2023,101.13,101.13
6/1/2023,101.1,101.1
5/31/2023,101.08,101.08
5/30/2023,101.06,101.06
5/29/2023,101.05,101.05
5/26/2023,101.03,101.03
5/25/2023,101,101
5/24/2023,101.03,101.03
5/23/2023,101.04,101.04
5/22/2023,101.07,101.07
5/19/2023,101.03,101.03
5/18/2023,101.05,101.05
5/17/2023,101.08,101.08
5/16/2023,101.01,101.01
5/15/2023,101,101
5/12/2023,101.04,101.04
5/11/2023,101.03,101.03
5/10/2023,100.97,100.97
5/9/2023,100.94,100.94
5/8/2023,100.97,100.97
5/5/2023,100.95,100.95
5/4/2023,100.95,100.95
5/3/2023,100.95,100.95
5/2/2023,100.95,100.95
5/1/2023,101,101
4/28/2023,100.99,100.99
4/27/2023,100.86,100.86
4/26/2023,100.84,100.84
4/25/2023,100.79,100.79
4/24/2023,100.81,100.81
4/21/2023,100.79,100.79
4/20/2023,100.78,100.78
4/19/2023,100.78,100.78
4/18/2023,100.78,100.78
4/17/2023,100.78,100.78
4/14/2023,100.82,100.82
4/13/2023,100.81,100.81
4/12/2023,100.81,100.81
4/11/2023,100.81,100.81
4/10/2023,100.78,100.78
4/7/2023,100.78,100.78
4/6/2023,100.76,100.76
4/5/2023,100.73,100.73
4/4/2023,100.78,100.78
4/3/2023,100.88,100.88
3/31/2023,100.97,100.97
3/30/2023,100.97,100.97
3/29/2023,101.01,101.01
3/28/2023,101.01,101.01
3/27/2023,101.04,101.04
3/24/2023,101.05,101.05
3/23/2023,101,101
3/22/2023,100.96,100.96
3/21/2023,101.05,101.05
3/20/2023,101.05,101.05
3/17/2023,100.97,100.97
3/16/2023,100.95,100.95
3/15/2023,100.86,100.86
3/14/2023,100.89,100.89
3/13/2023,100.7,100.7
3/10/2023,100.67,100.67
3/9/2023,100.58,100.58
3/8/2023,100.67,100.67
3/7/2023,100.67,100.67
3/6/2023,100.65,100.65
3/3/2023,100.68,100.68
3/2/2023,100.64,100.64
3/1/2023,100.62,100.62
2/28/2023,100.6,100.6
2/27/2023,100.54,100.54
2/24/2023,100.57,100.57
2/23/2023,100.5,100.5
2/22/2023,100.5,100.5
2/21/2023,100.54,100.54
2/20/2023,100.6,100.6
2/17/2023,100.61,100.61
2/16/2023,100.62,100.62
2/15/2023,100.63,100.63
2/14/2023,100.65,100.65
2/13/2023,100.67,100.67
2/10/2023,100.6,100.6
2/9/2023,100.61,100.61
2/8/2023,100.67,100.67
2/7/2023,100.69,100.69
2/6/2023,100.71,100.71
2/3/2023,100.73,100.73
2/2/2023,100.63,100.63
2/1/2023,100.64,100.64
1/31/2023,100.61,100.61
1/30/2023,100.66,100.66
1/27/2023,100.61,100.61
1/26/2023,100.67,100.67
1/25/2023,100.65,100.65
1/24/2023,100.66,100.66
1/23/2023,100.73,100.73
1/20/2023,100.62,100.62
1/19/2023,100.55,100.55
1/18/2023,100.52,100.52
1/17/2023,100.25,100.25
1/16/2023,100.28,100.28
1/13/2023,100.21,100.21
1/12/2023,100.24,100.24
1/11/2023,100.37,100.37
1/10/2023,100.4,100.4
1/9/2023,100.5,100.5
1/6/2023,100.5,100.5
1/5/2023,100.43,100.43
1/4/2023,100.37,100.37
1/3/2023,100.34,100.34
12/30/2022,100.34,100.34
12/29/2022,100.3,100.3
12/28/2022,100.31,100.31
12/27/2022,100.33,100.33
12/26/2022,100.37,100.37
12/23/2022,100.44,100.44
12/22/2022,100.44,100.44
12/21/2022,100.41,100.41
12/20/2022,100.52,100.52
12/19/2022,100.64,100.64
12/16/2022,100.69,100.69
12/15/2022,100.67,100.67
12/14/2022,100.68,100.68
12/13/2022,100.66,100.66
12/12/2022,100.65,100.65
12/9/2022,100.66,100.66
12/8/2022,100.63,100.63
12/7/2022,100.67,100.67
12/6/2022,100.65,100.65
12/5/2022,100.69,100.69
12/2/2022,100.72,100.72
12/1/2022,100.74,100.74
11/30/2022,100.7,100.7
11/29/2022,100.72,100.72
11/28/2022,100.75,100.75
11/25/2022,100.74,100.74
11/24/2022,100.81,100.81
11/23/2022,100.78,100.78
11/22/2022,100.78,100.78
11/21/2022,100.78,100.78
11/18/2022,100.8,100.8
11/17/2022,100.89,100.89
11/16/2022,100.89,100.89
11/15/2022,100.9,100.9
11/14/2022,100.91,100.91
11/11/2022,100.95,100.95
11/10/2022,100.91,100.91
11/9/2022,100.91,100.91
11/8/2022,100.84,100.84
11/7/2022,100.84,100.84
11/4/2022,100.82,100.82
11/3/2022,100.85,100.85
11/2/2022,100.85,100.85
11/1/2022,100.86,100.86
10/31/2022,100.85,100.85
10/28/2022,100.87,100.87
10/27/2022,100.85,100.85
10/26/2022,100.75,100.75
10/25/2022,100.66,100.66
10/24/2022,100.61,100.61
10/21/2022,100.6,100.6
10/20/2022,100.64,100.64
10/19/2022,100.73,100.73
10/18/2022,100.77,100.77
10/17/2022,100.78,100.78
10/14/2022,100.8,100.8
10/13/2022,100.8,100.8
10/12/2022,100.84,100.84
10/11/2022,100.83,100.83
10/10/2022,100.88,100.88
10/7/2022,100.88,100.88
10/6/2022,100.91,100.91
10/5/2022,100.91,100.91
10/4/2022,100.91,100.91
10/3/2022,100.86,100.86
9/30/2022,100.81,100.81
9/29/2022,100.79,100.79
9/28/2022,100.78,100.78
9/27/2022,100.77,100.77
9/26/2022,100.82,100.82
9/23/2022,100.9,100.9
9/22/2022,100.9,100.9
9/21/2022,100.85,100.85
9/20/2022,100.88,100.88
9/19/2022,100.89,100.89
9/16/2022,100.89,100.89
9/15/2022,100.91,100.91
9/14/2022,100.93,100.93
9/13/2022,100.97,100.97
9/12/2022,100.94,100.94
9/9/2022,100.97,100.97
9/8/2022,101.03,101.03
9/7/2022,100.99,100.99
9/6/2022,101.03,101.03
9/5/2022,101.04,101.04
9/2/2022,101,101
9/1/2022,101.01,101.01
8/31/2022,101.03,101.03
8/30/2022,101.04,101.04
8/29/2022,100.97,100.97
8/26/2022,101.02,101.02
8/25/2022,101,101
8/24/2022,101.01,101.01
8/23/2022,101.01,101.01
8/22/2022,101,101
8/19/2022,101.03,101.03
8/18/2022,101.02,101.02
8/17/2022,101.05,101.05
8/16/2022,101.07,101.07
8/15/2022,101.04,101.04
8/12/2022,101.04,101.04
8/11/2022,101.08,101.08
8/10/2022,101.08,101.08
8/9/2022,101.16,101.16
8/8/2022,101.15,101.15
8/5/2022,101.16,101.16
8/4/2022,101.14,101.14
8/3/2022,101.1,101.1
8/2/2022,101.12,101.12
8/1/2022,101.09,101.09
7/29/2022,101.11,101.11
7/28/2022,101.05,101.05
7/27/2022,101.04,101.04
7/26/2022,101.04,101.04
7/25/2022,101.06,101.06
7/22/2022,101.01,101.01
7/21/2022,100.97,100.97
7/20/2022,100.94,100.94
7/19/2022,100.94,100.94
7/18/2022,100.92,100.92
7/15/2022,100.92,100.92
7/14/2022,100.94,100.94
7/13/2022,100.96,100.96
7/12/2022,100.91,100.91
7/11/2022,100.88,100.88
7/8/2022,100.93,100.93
7/7/2022,100.96,100.96
7/6/2022,100.95,100.95
7/5/2022,100.92,100.92
7/4/2022,100.94,100.94
7/1/2022,100.94,100.94
6/30/2022,100.88,100.88
6/29/2022,100.81,100.81
6/28/2022,100.78,100.78
6/27/2022,100.81,100.81
6/24/2022,100.85,100.85
6/23/2022,100.82,100.82
6/22/2022,100.75,100.75
6/21/2022,100.73,100.73
6/20/2022,100.75,100.75
6/17/2022,100.83,100.83
6/16/2022,100.84,100.84
6/15/2022,100.71,100.71
6/14/2022,100.74,100.74
6/13/2022,100.83,100.83
6/10/2022,100.94,100.94
6/9/2022,100.95,100.95
6/8/2022,100.94,100.94
6/7/2022,100.91,100.91
6/6/2022,100.92,100.92
6/3/2022,100.94,100.94
6/2/2022,100.91,100.91
6/1/2022,100.92,100.92
5/31/2022,100.89,100.89
5/30/2022,100.9,100.9
5/27/2022,100.89,100.89
5/26/2022,100.88,100.88
5/25/2022,100.93,100.93
5/24/2022,100.89,100.89
5/23/2022,100.87,100.87
5/20/2022,100.87,100.87
5/19/2022,100.86,100.86
5/18/2022,100.86,100.86
5/17/2022,100.87,100.87
5/16/2022,100.87,100.87
5/13/2022,100.87,100.87
5/12/2022,100.85,100.85
5/11/2022,100.85,100.85
5/10/2022,100.85,100.85
5/9/2022,100.83,100.83
5/6/2022,100.83,100.83
5/5/2022,100.86,100.86
5/4/2022,100.86,100.86
5/3/2022,100.86,100.86
5/2/2022,100.86,100.86
4/29/2022,100.9,100.9
4/28/2022,100.9,100.9
4/27/2022,100.87,100.87
4/26/2022,100.87,100.87
4/25/2022,100.87,100.87
4/22/2022,100.86,100.86
4/21/2022,100.85,100.85
4/20/2022,100.8,100.8
4/19/2022,100.82,100.82
4/18/2022,100.83,100.83
4/15/2022,100.82,100.82
4/14/2022,100.82,100.82
4/13/2022,100.82,100.82
4/12/2022,100.81,100.81
4/11/2022,100.81,100.81
4/8/2022,100.83,100.83
4/7/2022,100.78,100.78
4/6/2022,100.74,100.74
4/5/2022,100.84,100.84
4/4/2022,100.84,100.84
4/1/2022,100.81,100.81
3/31/2022,100.77,100.77
3/30/2022,100.73,100.73
3/29/2022,100.64,100.64
3/28/2022,100.67,100.67
3/25/2022,100.68,100.68
3/24/2022,100.7,100.7
3/23/2022,100.7,100.7
3/22/2022,100.69,100.69
3/21/2022,100.73,100.73
3/18/2022,100.72,100.72
3/17/2022,100.73,100.73
3/16/2022,100.73,100.73
3/15/2022,100.7,100.7
3/14/2022,100.77,100.77
3/11/2022,100.78,100.78
3/10/2022,100.79,100.79
3/9/2022,100.84,100.84
3/8/2022,100.86,100.86
3/7/2022,100.87,100.87
3/4/2022,100.82,100.82
3/3/2022,100.81,100.81
3/2/2022,100.9,100.9
3/1/2022,100.8,100.8
2/28/2022,100.78,100.78
2/25/2022,100.71,100.71
2/24/2022,100.75,100.75
2/23/2022,100.72,100.72
2/22/2022,100.72,100.72
2/21/2022,100.68,100.68
2/18/2022,100.64,100.64
2/17/2022,100.65,100.65
2/16/2022,100.68,100.68
2/15/2022,100.7,100.7
2/14/2022,100.74,100.74
2/11/2022,100.75,100.75
2/10/2022,100.74,100.74
2/9/2022,100.8,100.8
2/8/2022,100.8,100.8
2/7/2022,100.83,100.83
2/4/2022,100.83,100.83
2/3/2022,100.9,100.9
2/2/2022,100.89,100.89
2/1/2022,100.88,100.88
1/31/2022,100.91,100.91
1/28/2022,100.91,100.91
1/27/2022,100.91,100.91
1/26/2022,100.97,100.97
1/25/2022,100.98,100.98
1/24/2022,100.99,100.99
1/21/2022,101,101
1/20/2022,100.99,100.99
1/19/2022,101,101
1/18/2022,100.94,100.94
1/17/2022,100.95,100.95
1/14/2022,100.95,100.95
1/13/2022,101.01,101.01
1/12/2022,101.02,101.02
1/11/2022,100.96,100.96
1/10/2022,101.04,101.04
1/7/2022,101.04,101.04
1/6/2022,101.05,101.05
1/5/2022,101.09,101.09
1/4/2022,101.1,101.1
1/3/2022,101.12,101.12
12/31/2021,101.11,101.11
12/30/2021,101.11,101.11
12/29/2021,101.14,101.14
12/28/2021,101.14,101.14
12/27/2021,101.15,101.15
12/24/2021,101.15,101.15
12/23/2021,101.16,101.16
12/22/2021,101.16,101.16
12/21/2021,101.21,101.21
12/20/2021,101.24,101.24
12/17/2021,101.22,101.22
12/16/2021,101.22,101.22
12/15/2021,101.22,101.22
12/14/2021,101.22,101.22
12/13/2021,101.19,101.19
12/10/2021,101.19,101.19
12/9/2021,101.2,101.2
12/8/2021,101.2,101.2
12/7/2021,101.2,101.2
12/6/2021,101.23,101.23
12/3/2021,101.22,101.22
12/2/2021,101.22,101.22
12/1/2021,101.21,101.21
11/30/2021,101.23,101.23
11/29/2021,101.21,101.21
11/26/2021,101.21,101.21
11/25/2021,101.18,101.18
11/24/2021,101.21,101.21
11/23/2021,101.22,101.22
11/22/2021,101.22,101.22
11/19/2021,101.2,101.2
11/18/2021,101.18,101.18
11/17/2021,101.19,101.19
11/16/2021,101.19,101.19
11/15/2021,101.19,101.19
11/12/2021,101.18,101.18
11/11/2021,101.19,101.19
11/10/2021,101.22,101.22
11/9/2021,101.22,101.22
11/8/2021,101.23,101.23
11/5/2021,101.22,101.22
11/4/2021,101.17,101.17
11/3/2021,101.16,101.16
11/2/2021,101.16,101.16
11/1/2021,101.15,101.15
10/29/2021,101.14,101.14
10/28/2021,101.15,101.15
10/27/2021,101.11,101.11
10/26/2021,101.1,101.1
10/25/2021,101.13,101.13
10/22/2021,101.13,101.13
10/21/2021,101.16,101.16
10/20/2021,101.15,101.15
10/19/2021,101.17,101.17
10/18/2021,101.16,101.16
10/15/2021,101.17,101.17
10/14/2021,101.16,101.16
10/13/2021,101.16,101.16
10/12/2021,101.16,101.16
10/11/2021,101.16,101.16
10/8/2021,101.17,101.17
10/7/2021,101.19,101.19
10/6/2021,101.18,101.18
10/5/2021,101.22,101.22
10/4/2021,101.24,101.24
10/1/2021,101.23,101.23
9/30/2021,101.18,101.18
9/29/2021,101.19,101.19
9/28/2021,101.19,101.19
9/27/2021,101.21,101.21
9/24/2021,101.22,101.22
9/23/2021,101.25,101.25
9/22/2021,101.25,101.25
9/21/2021,101.24,101.24
9/20/2021,101.23,101.23
9/17/2021,101.23,101.23
9/16/2021,101.25,101.25
9/15/2021,101.26,101.26
9/14/2021,101.24,101.24
9/13/2021,101.24,101.24
9/10/2021,101.24,101.24
9/9/2021,101.24,101.24
9/8/2021,101.23,101.23
9/7/2021,101.23,101.23
9/6/2021,101.24,101.24
9/3/2021,101.25,101.25
9/2/2021,101.26,101.26
9/1/2021,101.27,101.27
8/31/2021,101.29,101.29
8/30/2021,101.29,101.29
8/27/2021,101.28,101.28
8/26/2021,101.3,101.3
8/25/2021,101.29,101.29
8/24/2021,101.3,101.3
8/23/2021,101.32,101.32
8/20/2021,101.34,101.34
8/19/2021,101.33,101.33
8/18/2021,101.34,101.34
8/17/2021,101.34,101.34
8/16/2021,101.34,101.34
8/13/2021,101.31,101.31
8/12/2021,101.33,101.33
8/11/2021,101.3,101.3
8/10/2021,101.33,101.33
8/9/2021,101.36,101.36
8/6/2021,101.36,101.36
8/5/2021,101.38,101.38
8/4/2021,101.38,101.38
8/3/2021,101.36,101.36
8/2/2021,101.35,101.35
7/30/2021,101.35,101.35
7/29/2021,101.35,101.35
7/28/2021,101.35,101.35
7/27/2021,101.36,101.36
7/26/2021,101.37,101.37
7/23/2021,101.37,101.37
7/22/2021,101.37,101.37
7/21/2021,101.37,101.37
7/20/2021,101.37,101.37
7/19/2021,101.36,101.36
7/16/2021,101.34,101.34
7/15/2021,101.36,101.36
7/14/2021,101.35,101.35
7/13/2021,101.33,101.33
7/12/2021,101.32,101.32
7/9/2021,101.33,101.33
7/8/2021,101.33,101.33
7/7/2021,101.3,101.3
7/6/2021,101.3,101.3
7/5/2021,101.32,101.32
7/2/2021,101.31,101.31
7/1/2021,101.31,101.31
6/30/2021,101.27,101.27
6/29/2021,101.27,101.27
6/28/2021,101.25,101.25
6/25/2021,101.26,101.26
6/24/2021,101.25,101.25
6/23/2021,101.25,101.25
6/22/2021,101.26,101.26
6/21/2021,101.29,101.29
6/18/2021,101.26,101.26
6/17/2021,101.26,101.26
6/16/2021,101.3,101.3
6/15/2021,101.31,101.31
6/14/2021,101.31,101.31
6/11/2021,101.33,101.33
6/10/2021,101.32,101.32
6/9/2021,101.29,101.29
6/8/2021,101.28,101.28
6/7/2021,101.28,101.28
6/4/2021,101.26,101.26
6/3/2021,101.27,101.27
6/2/2021,101.27,101.27
6/1/2021,101.28,101.28
5/31/2021,101.28,101.28
5/28/2021,101.27,101.27
5/27/2021,101.29,101.29
5/26/2021,101.28,101.28
5/25/2021,101.28,101.28
5/24/2021,101.27,101.27
5/21/2021,101.26,101.26
5/20/2021,101.26,101.26
5/19/2021,101.28,101.28
5/18/2021,101.28,101.28
5/17/2021,101.3,101.3
5/14/2021,101.27,101.27
5/13/2021,101.26,101.26
5/12/2021,101.29,101.29
5/11/2021,101.3,101.3
5/10/2021,101.29,101.29
5/7/2021,101.29,101.29
5/6/2021,101.29,101.29
5/5/2021,101.29,101.29
5/4/2021,101.29,101.29
5/3/2021,101.29,101.29
4/30/2021,101.29,101.29
4/29/2021,101.29,101.29
4/28/2021,101.29,101.29
4/27/2021,101.31,101.31
4/26/2021,101.33,101.33
4/23/2021,101.33,101.33
4/22/2021,101.33,101.33
4/21/2021,101.33,101.33
4/20/2021,101.3,101.3
4/19/2021,101.31,101.31
4/16/2021,101.32,101.32
4/15/2021,101.3,101.3
4/14/2021,101.3,101.3
4/13/2021,101.28,101.28
4/12/2021,101.27,101.27
4/9/2021,101.27,101.27
4/8/2021,101.28,101.28
4/7/2021,101.24,101.24
4/6/2021,101.22,101.22
4/5/2021,101.21,101.21
4/2/2021,101.23,101.23
4/1/2021,101.26,101.26
3/31/2021,101.27,101.27
3/30/2021,101.28,101.28
3/29/2021,101.29,101.29
3/26/2021,101.28,101.28
3/25/2021,101.26,101.26
3/24/2021,101.3,101.3
3/23/2021,101.27,101.27
3/22/2021,101.28,101.28
3/19/2021,101.23,101.23
3/18/2021,101.26,101.26
3/17/2021,101.27,101.27
3/16/2021,101.28,101.28
3/15/2021,101.24,101.24
3/12/2021,101.19,101.19
3/11/2021,101.2,101.2
3/10/2021,101.16,101.16
3/9/2021,101.13,101.13
3/8/2021,101.18,101.18
3/5/2021,101.28,101.28
3/4/2021,101.16,101.16
3/3/2021,101.17,101.17
3/2/2021,101.19,101.19
3/1/2021,101.14,101.14
2/26/2021,101.09,101.09
2/25/2021,101.09,101.09
2/24/2021,101.15,101.15
2/23/2021,101.15,101.15
2/22/2021,101.15,101.15
2/19/2021,101.18,101.18
2/18/2021,101.2,101.2
2/17/2021,101.17,101.17
2/16/2021,101.24,101.24
2/15/2021,101.26,101.26
2/12/2021,101.29,101.29
2/11/2021,101.24,101.24
2/10/2021,101.24,101.24
2/9/2021,101.26,101.26
2/8/2021,101.27,101.27
2/5/2021,101.29,101.29
2/4/2021,101.3,101.3
2/3/2021,101.29,101.29
2/2/2021,101.27,101.27
2/1/2021,101.29,101.29
1/29/2021,101.3,101.3
1/28/2021,101.31,101.31
1/27/2021,101.33,101.33
1/26/2021,101.34,101.34
1/25/2021,101.33,101.33
1/22/2021,101.31,101.31
1/21/2021,101.32,101.32
1/20/2021,101.3,101.3
1/19/2021,101.28,101.28
1/18/2021,101.26,101.26
1/15/2021,101.28,101.28
1/14/2021,101.28,101.28
1/13/2021,101.3,101.3
1/12/2021,101.29,101.29
1/11/2021,101.27,101.27
1/8/2021,101.27,101.27
1/7/2021,101.26,101.26
1/6/2021,101.3,101.3
1/5/2021,101.34,101.34
1/4/2021,101.3,101.3
12/31/2020,101.31,101.31
12/30/2020,101.31,101.31
12/29/2020,101.32,101.32
12/28/2020,101.32,101.32
12/25/2020,101.32,101.32
12/24/2020,101.34,101.34
12/23/2020,101.36,101.36
12/22/2020,101.36,101.36
12/21/2020,101.37,101.37
12/18/2020,101.37,101.37
12/17/2020,101.34,101.34
12/16/2020,101.36,101.36
12/15/2020,101.39,101.39
12/14/2020,101.39,101.39
12/11/2020,101.38,101.38
12/10/2020,101.37,101.37
12/9/2020,101.37,101.37
12/8/2020,101.37,101.37
12/7/2020,101.35,101.35
12/4/2020,101.35,101.35
12/3/2020,101.34,101.34
12/2/2020,101.35,101.35
12/1/2020,101.35,101.35
11/30/2020,101.34,101.34
11/27/2020,101.36,101.36
11/26/2020,101.38,101.38
11/25/2020,101.38,101.38
11/24/2020,101.37,101.37
11/23/2020,101.4,101.4
11/20/2020,101.4,101.4
11/19/2020,101.38,101.38
11/18/2020,101.38,101.38
11/17/2020,101.36,101.36
11/16/2020,101.37,101.37
11/13/2020,101.35,101.35
11/12/2020,101.33,101.33
11/11/2020,101.29,101.29
11/10/2020,101.31,101.31
11/9/2020,101.37,101.37
11/6/2020,101.36,101.36
11/5/2020,101.35,101.35
11/4/2020,101.3,101.3
11/3/2020,101.29,101.29
11/2/2020,101.29,101.29
10/30/2020,101.31,101.31
10/29/2020,101.33,101.33
10/28/2020,101.34,101.34
10/27/2020,101.33,101.33
10/26/2020,101.33,101.33
10/23/2020,101.31,101.31
10/22/2020,101.34,101.34
10/21/2020,101.36,101.36
10/20/2020,101.39,101.39
10/19/2020,101.38,101.38
10/16/2020,101.37,101.37
10/15/2020,101.37,101.37
10/14/2020,101.34,101.34
10/13/2020,101.34,101.34
10/12/2020,101.32,101.32
10/9/2020,101.31,101.31
10/8/2020,101.31,101.31
10/7/2020,101.29,101.29
10/6/2020,101.29,101.29
10/5/2020,101.33,101.33
10/2/2020,101.35,101.35
10/1/2020,101.34,101.34
9/30/2020,101.35,101.35
9/29/2020,101.36,101.36
9/28/2020,101.35,101.35
9/25/2020,101.4,101.4
9/24/2020,101.41,101.41
9/23/2020,101.43,101.43
9/22/2020,101.39,101.39
9/21/2020,101.39,101.39
9/18/2020,101.39,101.39
9/17/2020,101.36,101.36
9/16/2020,101.35,101.35
9/15/2020,101.34,101.34
9/14/2020,101.33,101.33
9/11/2020,101.31,101.31
9/10/2020,101.3,101.3
9/9/2020,101.3,101.3
9/8/2020,101.3,101.3
9/7/2020,101.29,101.29
9/4/2020,101.28,101.28
9/3/2020,101.28,101.28
9/2/2020,101.25,101.25
9/1/2020,101.24,101.24
8/31/2020,101.24,101.24
8/28/2020,101.2,101.2
8/27/2020,101.25,101.25
8/26/2020,101.25,101.25
8/25/2020,101.29,101.29
8/24/2020,101.29,101.29
8/21/2020,101.27,101.27
8/20/2020,101.3,101.3
8/19/2020,101.3,101.3
8/18/2020,101.29,101.29
8/17/2020,101.27,101.27
8/14/2020,101.25,101.25
8/13/2020,101.29,101.29
8/12/2020,101.27,101.27
8/11/2020,101.3,101.3
8/10/2020,101.37,101.37
8/7/2020,101.36,101.36
8/6/2020,101.38,101.38
8/5/2020,101.41,101.41
8/4/2020,101.41,101.41
8/3/2020,101.4,101.4
7/31/2020,101.42,101.42
7/30/2020,101.4,101.4
7/29/2020,101.4,101.4
7/28/2020,101.39,101.39
7/27/2020,101.4,101.4
7/24/2020,101.41,101.41
7/23/2020,101.41,101.41
7/22/2020,101.41,101.41
7/21/2020,101.42,101.42
7/20/2020,101.42,101.42
7/17/2020,101.43,101.43
7/16/2020,101.43,101.43
7/15/2020,101.39,101.39
7/14/2020,101.38,101.38
7/13/2020,101.37,101.37
7/10/2020,101.4,101.4
7/9/2020,101.38,101.38
7/8/2020,101.35,101.35
7/7/2020,101.32,101.32
7/6/2020,101.33,101.33
7/3/2020,101.35,101.35
7/2/2020,101.31,101.31
7/1/2020,101.32,101.32
6/30/2020,101.34,101.34
6/29/2020,101.37,101.37
6/26/2020,101.37,101.37
6/25/2020,101.36,101.36
6/24/2020,101.38,101.38
6/23/2020,101.39,101.39
6/22/2020,101.39,101.39
6/19/2020,101.39,101.39
6/18/2020,101.41,101.41
6/17/2020,101.39,101.39
6/16/2020,101.39,101.39
6/15/2020,101.41,101.41
6/12/2020,101.39,101.39
6/11/2020,101.41,101.41
6/10/2020,101.36,101.36
6/9/2020,101.39,101.39
6/8/2020,101.31,101.31
6/5/2020,101.32,101.32
6/4/2020,101.39,101.39
6/3/2020,101.43,101.43
6/2/2020,101.47,101.47
6/1/2020,101.45,101.45
5/29/2020,101.46,101.46
5/28/2020,101.47,101.47
5/27/2020,101.44,101.44
5/26/2020,101.47,101.47
5/25/2020,101.49,101.49
5/22/2020,101.51,101.51
5/21/2020,101.47,101.47
5/20/2020,101.44,101.44
5/19/2020,101.44,101.44
5/18/2020,101.5,101.5
5/15/2020,101.43,101.43
5/14/2020,101.44,101.44
5/13/2020,101.44,101.44
5/12/2020,101.46,101.46
5/11/2020,101.45,101.45
5/8/2020,101.48,101.48
5/7/2020,101.44,101.44
5/6/2020,101.51,101.51
5/5/2020,101.51,101.51
5/4/2020,101.51,101.51
5/1/2020,101.5,101.5
4/30/2020,101.58,101.58
4/29/2020,101.6,101.6
4/28/2020,101.6,101.6
4/27/2020,101.59,101.59
4/24/2020,101.54,101.54
4/23/2020,101.45,101.45
4/22/2020,101.4,101.4
4/21/2020,101.34,101.34
4/20/2020,101.38,101.38
4/17/2020,101.37,101.37
4/16/2020,101.42,101.42
4/15/2020,101.37,101.37
4/14/2020,101.42,101.42
4/13/2020,101.45,101.45
4/10/2020,101.47,101.47
4/9/2020,101.36,101.36
4/8/2020,101.32,101.32
4/7/2020,101.33,101.33
4/6/2020,101.33,101.33
4/3/2020,101.39,101.39
4/2/2020,101.42,101.42
4/1/2020,101.41,101.41
3/31/2020,101.38,101.38
3/30/2020,101.41,101.41
3/27/2020,101.36,101.36
3/26/2020,101.43,101.43
3/25/2020,101.41,101.41
3/24/2020,101.45,101.45
3/23/2020,101.31,101.31
3/20/2020,101.23,101.23
3/19/2020,101.22,101.22
3/18/2020,101.37,101.37
3/17/2020,101.49,101.49
3/16/2020,101.51,101.51
3/13/2020,101.52,101.52
3/12/2020,101.71,101.71
3/11/2020,101.8,101.8
3/10/2020,101.8,101.8
3/9/2020,102.15,102.15
3/6/2020,102.03,102.03
3/5/2020,101.88,101.88
3/4/2020,101.99,101.99
3/3/2020,101.85,101.85
3/2/2020,101.92,101.92
2/28/2020,101.94,101.94
2/27/2020,101.75,101.75
2/26/2020,101.71,101.71
2/25/2020,101.74,101.74
2/24/2020,101.57,101.57
2/21/2020,101.57,101.57
2/20/2020,101.5,101.5
2/19/2020,101.52,101.52
2/18/2020,101.52,101.52
2/17/2020,101.48,101.48
2/14/2020,101.47,101.47
2/13/2020,101.49,101.49
2/12/2020,101.51,101.51
2/11/2020,101.55,101.55
2/10/2020,101.55,101.55
2/7/2020,101.51,101.51
2/6/2020,101.44,101.44
2/5/2020,101.51,101.51
2/4/2020,101.57,101.57
2/3/2020,101.6,101.6
1/31/2020,101.58,101.58
1/30/2020,101.53,101.53
1/29/2020,101.46,101.46
1/28/2020,101.46,101.46
1/27/2020,101.49,101.49
1/24/2020,101.42,101.42
1/23/2020,101.42,101.42
1/22/2020,101.37,101.37
1/21/2020,101.37,101.37
1/20/2020,101.34,101.34
1/17/2020,101.35,101.35
1/16/2020,101.33,101.33
1/15/2020,101.31,101.31
1/14/2020,101.3,101.3
1/13/2020,101.38,101.38
1/10/2020,101.37,101.37
1/9/2020,101.38,101.38
1/8/2020,101.4,101.4
1/7/2020,101.4,101.4
1/6/2020,101.45,101.45
1/3/2020,101.42,101.42
1/2/2020,101.42,101.42
12/31/2019,101.42,101.42
12/30/2019,101.42,101.42
12/27/2019,101.39,101.39
12/26/2019,101.38,101.38
12/25/2019,101.36,101.36
12/24/2019,101.28,101.28
12/23/2019,101.27,101.27
12/20/2019,101.26,101.26
12/19/2019,101.34,101.34
12/18/2019,101.39,101.39
12/17/2019,101.41,101.41
12/16/2019,101.47,101.47
12/13/2019,101.46,101.46
12/12/2019,101.45,101.45
12/11/2019,101.35,101.35
12/10/2019,101.39,101.39
12/9/2019,101.42,101.42
12/6/2019,101.45,101.45
12/5/2019,101.56,101.56
12/4/2019,101.55,101.55
12/3/2019,101.51,101.51
12/2/2019,101.59,101.59
11/29/2019,101.66,101.66
11/28/2019,101.67,101.67
11/27/2019,101.77,101.77
11/26/2019,101.71,101.71
11/25/2019,101.69,101.69
11/22/2019,101.67,101.67
11/21/2019,101.74,101.74
11/20/2019,101.78,101.78
11/19/2019,101.75,101.75
11/18/2019,101.7,101.7
11/15/2019,101.66,101.66
11/14/2019,101.69,101.69
11/13/2019,101.62,101.62
11/12/2019,101.58,101.58
11/11/2019,101.69,101.69
11/8/2019,101.64,101.64
11/7/2019,101.74,101.74
11/6/2019,101.74,101.74
11/5/2019,101.98,101.98
11/4/2019,102.12,102.12
11/1/2019,102.12,102.12
10/31/2019,101.96,101.96
10/30/2019,101.88,101.88
10/29/2019,101.85,101.85
10/28/2019,101.9,101.9
10/25/2019,101.97,101.97
10/24/2019,102.02,102.02
10/23/2019,102.01,102.01
10/22/2019,101.99,101.99
10/21/2019,101.99,101.99
10/18/2019,102,102
10/17/2019,102.03,102.03
10/16/2019,102.06,102.06
10/15/2019,102.12,102.12
10/14/2019,102.18,102.18
10/11/2019,102.17,102.17
10/10/2019,102.32,102.32
10/9/2019,102.37,102.37
10/8/2019,102.36,102.36
10/7/2019,102.45,102.45
10/4/2019,102.4,102.4
10/3/2019,102.35,102.35
10/2/2019,102.26,102.26
10/1/2019,102.15,102.15
9/30/2019,102.4,102.4
9/27/2019,102.39,102.39
9/26/2019,102.43,102.43
9/25/2019,102.48,102.48
9/24/2019,102.38,102.38
9/23/2019,102.29,102.29
9/20/2019,102.29,102.29
9/19/2019,102.28,102.28
9/18/2019,102.12,102.12
9/17/2019,102.02,102.02
9/16/2019,102.01,102.01
9/13/2019,102.01,102.01
9/12/2019,102.19,102.19
9/11/2019,102.17,102.17
9/10/2019,102.26,102.26
9/9/2019,102.36,102.36
9/6/2019,102.3,102.3
9/5/2019,102.3,102.3
9/4/2019,102.36,102.36
9/3/2019,102.33,102.33
9/2/2019,102.35,102.35
8/30/2019,102.37,102.37
8/29/2019,102.39,102.39
8/28/2019,102.35,102.35
8/27/2019,102.35,102.35
8/26/2019,102.41,102.41
8/23/2019,102.3,102.3
8/22/2019,102.33,102.33
8/21/2019,102.32,102.32
8/20/2019,102.29,102.29
8/19/2019,102.26,102.26
8/16/2019,102.24,102.24
8/15/2019,102.25,102.25
8/14/2019,102.2,102.2
8/13/2019,102.24,102.24
8/12/2019,102.19,102.19
8/9/2019,102.19,102.19
8/8/2019,102.12,102.12
8/7/2019,102.13,102.13
8/6/2019,102.07,102.07
8/5/2019,102.08,102.08
8/2/2019,102,102
8/1/2019,101.89,101.89
7/31/2019,101.97,101.97
7/30/2019,101.97,101.97
7/29/2019,101.94,101.94
7/26/2019,101.94,101.94
7/25/2019,101.95,101.95
7/24/2019,101.93,101.93
7/23/2019,101.93,101.93
7/22/2019,101.92,101.92
7/19/2019,101.9,101.9
7/18/2019,101.9,101.9
7/17/2019,101.85,101.85
7/16/2019,101.85,101.85
7/15/2019,101.82,101.82
7/12/2019,101.81,101.81
7/11/2019,101.89,101.89
7/10/2019,101.84,101.84
7/9/2019,101.91,101.91
7/8/2019,101.94,101.94
7/5/2019,102,102
7/4/2019,102.01,102.01
7/3/2019,102.03,102.03
7/2/2019,101.97,101.97
7/1/2019,102,102
6/28/2019,102.04,102.04
6/27/2019,102.02,102.02
6/26/2019,102.05,102.05
6/25/2019,102.08,102.08
6/24/2019,102.08,102.08
6/21/2019,102.1,102.1
6/20/2019,102.09,102.09
6/19/2019,102,102
6/18/2019,101.97,101.97
6/17/2019,101.95,101.95
6/14/2019,101.97,101.97
6/13/2019,101.95,101.95
6/12/2019,101.94,101.94
6/11/2019,101.94,101.94
6/10/2019,101.99,101.99
6/7/2019,101.97,101.97
6/6/2019,102,102
6/5/2019,102.05,102.05
6/4/2019,101.89,101.89
6/3/2019,101.86,101.86
5/31/2019,101.85,101.85
5/30/2019,101.8,101.8
5/29/2019,101.84,101.84
5/28/2019,101.78,101.78
5/27/2019,101.76,101.76
5/24/2019,101.77,101.77
5/23/2019,101.74,101.74
5/22/2019,101.73,101.73
5/21/2019,101.74,101.74
5/20/2019,101.74,101.74
5/17/2019,101.76,101.76
5/16/2019,101.77,101.77
5/15/2019,101.75,101.75
5/14/2019,101.74,101.74
5/13/2019,101.75,101.75
5/10/2019,101.75,101.75
5/9/2019,101.76,101.76
5/8/2019,101.76,101.76
5/7/2019,101.78,101.78
5/6/2019,101.76,101.76
5/3/2019,101.75,101.75
5/2/2019,101.75,101.75
5/1/2019,101.75,101.75
4/30/2019,101.75,101.75
4/29/2019,101.75,101.75
4/26/2019,101.74,101.74
4/25/2019,101.72,101.72
4/24/2019,101.72,101.72
4/23/2019,101.7,101.7
4/22/2019,101.72,101.72
4/19/2019,101.7,101.7
4/18/2019,101.72,101.72
4/17/2019,101.67,101.67
4/16/2019,101.72,101.72
4/15/2019,101.75,101.75
4/12/2019,101.8,101.8
4/11/2019,101.8,101.8
4/10/2019,101.81,101.81
4/9/2019,101.78,101.78
4/8/2019,101.77,101.77
4/5/2019,101.74,101.74
4/4/2019,101.77,101.77
4/3/2019,101.79,101.79
4/2/2019,101.81,101.81
4/1/2019,101.89,101.89
3/29/2019,101.92,101.92
3/28/2019,101.91,101.91
3/27/2019,101.85,101.85
3/26/2019,101.89,101.89
3/25/2019,101.91,101.91
3/22/2019,101.87,101.87
3/21/2019,101.8,101.8
3/20/2019,101.79,101.79
3/19/2019,101.8,101.8
3/18/2019,101.8,101.8
3/15/2019,101.8,101.8
3/14/2019,101.81,101.81
3/13/2019,101.81,101.81
3/12/2019,101.77,101.77
3/11/2019,101.77,101.77
3/8/2019,101.76,101.76
3/7/2019,101.74,101.74
3/6/2019,101.74,101.74
3/5/2019,101.72,101.72
3/4/2019,101.73,101.73
3/1/2019,101.75,101.75
2/28/2019,101.79,101.79
2/27/2019,101.79,101.79
2/26/2019,101.81,101.81
2/25/2019,101.84,101.84
2/22/2019,101.85,101.85
2/21/2019,101.86,101.86
2/20/2019,101.86,101.86
2/19/2019,101.86,101.86
2/18/2019,101.84,101.84
2/15/2019,101.81,101.81
2/14/2019,101.81,101.81
2/13/2019,101.78,101.78
2/12/2019,101.78,101.78
2/11/2019,101.81,101.81
2/8/2019,101.81,101.81
2/7/2019,101.77,101.77
2/6/2019,101.79,101.79
2/5/2019,101.78,101.78
2/4/2019,101.8,101.8
2/1/2019,101.84,101.84
1/31/2019,101.8,101.8
1/30/2019,101.78,101.78
1/29/2019,101.78,101.78
1/28/2019,101.81,101.81
1/25/2019,101.79,101.79
1/24/2019,101.77,101.77
1/23/2019,101.79,101.79
1/22/2019,101.79,101.79
1/21/2019,101.78,101.78
1/18/2019,101.78,101.78
1/17/2019,101.79,101.79
1/16/2019,101.77,101.77
1/15/2019,101.74,101.74
1/14/2019,101.75,101.75
1/11/2019,101.75,101.75
1/10/2019,101.74,101.74
1/9/2019,101.73,101.73
1/8/2019,101.76,101.76
1/7/2019,101.86,101.86
1/4/2019,101.88,101.88
1/3/2019,101.74,101.74
1/2/2019,101.73,101.73
12/31/2018,101.73,101.73
12/28/2018,101.73,101.73
12/27/2018,101.68,101.68
12/26/2018,101.68,101.68
12/25/2018,101.73,101.73
12/24/2018,101.69,101.69
12/21/2018,101.69,101.69
12/20/2018,101.76,101.76
12/19/2018,101.76,101.76
12/18/2018,101.78,101.78
12/17/2018,101.75,101.75
12/14/2018,101.73,101.73
12/13/2018,101.68,101.68
12/12/2018,101.69,101.69
12/11/2018,101.71,101.71
12/10/2018,101.74,101.74
12/7/2018,101.71,101.71
12/6/2018,101.73,101.73
12/5/2018,101.66,101.66
12/4/2018,101.67,101.67
12/3/2018,101.65,101.65
11/30/2018,101.63,101.63
11/29/2018,101.64,101.64
11/28/2018,101.62,101.62
11/27/2018,101.65,101.65
11/26/2018,101.64,101.64
11/23/2018,101.63,101.63
11/22/2018,101.63,101.63
11/21/2018,101.63,101.63
11/20/2018,101.62,101.62
11/19/2018,101.64,101.64
11/16/2018,101.6,101.6
11/15/2018,101.58,101.58
11/14/2018,101.59,101.59
11/13/2018,101.57,101.57
11/12/2018,101.57,101.57
11/9/2018,101.57,101.57
11/8/2018,101.56,101.56
11/7/2018,101.56,101.56
11/6/2018,101.56,101.56
11/5/2018,101.57,101.57
11/2/2018,101.57,101.57
11/1/2018,101.57,101.57
10/31/2018,101.57,101.57
10/30/2018,101.58,101.58
10/29/2018,101.58,101.58
10/26/2018,101.58,101.58
10/25/2018,101.55,101.55
10/24/2018,101.51,101.51
10/23/2018,101.49,101.49
10/22/2018,101.49,101.49
10/19/2018,101.49,101.49
10/18/2018,101.48,101.48
10/17/2018,101.48,101.48
10/16/2018,101.48,101.48
10/15/2018,101.48,101.48
10/12/2018,101.48,101.48
10/11/2018,101.49,101.49
10/10/2018,101.46,101.46
10/9/2018,101.46,101.46
10/8/2018,101.46,101.46
10/5/2018,101.46,101.46
10/4/2018,101.45,101.45
10/3/2018,101.49,101.49
10/2/2018,101.48,101.48
10/1/2018,101.48,101.48
9/28/2018,101.48,101.48
9/27/2018,101.48,101.48
9/26/2018,101.46,101.46
9/25/2018,101.44,101.44
9/24/2018,101.44,101.44
9/21/2018,101.44,101.44
9/20/2018,101.46,101.46
9/19/2018,101.47,101.47
9/18/2018,101.47,101.47
9/17/2018,101.49,101.49
9/14/2018,101.48,101.48
9/13/2018,101.48,101.48
9/12/2018,101.49,101.49
9/11/2018,101.49,101.49
9/10/2018,101.5,101.5
9/7/2018,101.5,101.5
9/6/2018,101.5,101.5
9/5/2018,101.5,101.5
9/4/2018,101.49,101.49
9/3/2018,101.5,101.5
8/31/2018,101.5,101.5
8/30/2018,101.51,101.51
8/29/2018,101.51,101.51
8/28/2018,101.52,101.52
8/27/2018,101.53,101.53
8/24/2018,101.53,101.53
8/23/2018,101.53,101.53
8/22/2018,101.55,101.55
8/21/2018,101.56,101.56
8/20/2018,101.56,101.56
8/17/2018,101.54,101.54
8/16/2018,101.52,101.52
8/15/2018,101.52,101.52
8/14/2018,101.52,101.52
8/13/2018,101.52,101.52
8/10/2018,101.51,101.51
8/9/2018,101.49,101.49
8/8/2018,101.5,101.5
8/7/2018,101.51,101.51
8/6/2018,101.52,101.52
8/3/2018,101.51,101.51
8/2/2018,101.46,101.46
8/1/2018,101.42,101.42
7/31/2018,101.6,101.6
7/30/2018,101.57,101.57
7/27/2018,101.59,101.59
7/26/2018,101.61,101.61
7/25/2018,101.61,101.61
7/24/2018,101.54,101.54
7/23/2018,101.54,101.54
7/20/2018,101.63,101.63
7/19/2018,101.63,101.63
7/18/2018,101.64,101.64
7/17/2018,101.64,101.64
7/16/2018,101.64,101.64
7/13/2018,101.63,101.63
7/12/2018,101.64,101.64
7/11/2018,101.64,101.64
7/10/2018,101.66,101.66
7/9/2018,101.66,101.66
7/6/2018,101.67,101.67
7/5/2018,101.67,101.67
7/4/2018,101.67,101.67
7/3/2018,101.66,101.66
7/2/2018,101.66,101.66
6/29/2018,101.65,101.65
6/28/2018,101.65,101.65
6/27/2018,101.65,101.65
6/26/2018,101.67,101.67
6/25/2018,101.67,101.67
6/22/2018,101.66,101.66
6/21/2018,101.66,101.66
6/20/2018,101.66,101.66
6/19/2018,101.67,101.67
6/18/2018,101.66,101.66
6/15/2018,101.66,101.66
6/14/2018,101.65,101.65
6/13/2018,101.63,101.63
6/12/2018,101.63,101.63
6/11/2018,101.63,101.63
6/8/2018,101.62,101.62
6/7/2018,101.63,101.63
6/6/2018,101.61,101.61
6/5/2018,101.62,101.62
6/4/2018,101.63,101.63
6/1/2018,101.66,101.66
5/31/2018,101.68,101.68
5/30/2018,101.69,101.69
5/29/2018,101.67,101.67
5/28/2018,101.66,101.66
5/25/2018,101.65,101.65
5/24/2018,101.64,101.64
5/23/2018,101.64,101.64
5/22/2018,101.61,101.61
5/21/2018,101.6,101.6
5/18/2018,101.6,101.6
5/17/2018,101.6,101.6
5/16/2018,101.6,101.6
5/15/2018,101.6,101.6
5/14/2018,101.63,101.63
5/11/2018,101.64,101.64
5/10/2018,101.62,101.62
5/9/2018,101.63,101.63
5/8/2018,101.65,101.65
5/7/2018,101.66,101.66
5/4/2018,101.66,101.66
5/3/2018,101.66,101.66
5/2/2018,101.66,101.66
5/1/2018,101.7,101.7
4/30/2018,101.63,101.63
4/27/2018,101.63,101.63
4/26/2018,101.61,101.61
4/25/2018,101.62,101.62
4/24/2018,101.62,101.62
4/23/2018,101.59,101.59
4/20/2018,101.59,101.59
4/19/2018,101.65,101.65
4/18/2018,101.67,101.67
4/17/2018,101.66,101.66
4/16/2018,101.66,101.66
4/13/2018,101.66,101.66
4/12/2018,101.69,101.69
4/11/2018,101.7,101.7
4/10/2018,101.69,101.69
4/9/2018,101.68,101.68
4/6/2018,101.66,101.66
4/5/2018,101.66,101.66
4/4/2018,101.69,101.69
4/3/2018,101.7,101.7
4/2/2018,101.66,101.66
3/30/2018,101.65,101.65
3/29/2018,101.67,101.67
3/28/2018,101.69,101.69
3/27/2018,101.7,101.7
3/26/2018,101.72,101.72
3/23/2018,101.72,101.72
3/22/2018,101.71,101.71
3/21/2018,101.7,101.7
3/20/2018,101.69,101.69
3/19/2018,101.68,101.68
3/16/2018,101.68,101.68
3/15/2018,101.66,101.66
3/14/2018,101.68,101.68
3/13/2018,101.69,101.69
3/12/2018,101.68,101.68
3/9/2018,101.69,101.69
3/8/2018,101.69,101.69
3/7/2018,101.7,101.7
3/6/2018,101.72,101.72
3/5/2018,101.73,101.73
3/2/2018,101.65,101.65
3/1/2018,101.7,101.7
2/28/2018,101.7,101.7
2/27/2018,101.71,101.71
2/26/2018,101.68,101.68
2/23/2018,101.67,101.67
2/22/2018,101.66,101.66
2/21/2018,101.64,101.64
2/20/2018,101.64,101.64
2/19/2018,101.65,101.65
2/16/2018,101.65,101.65
2/15/2018,101.63,101.63
2/14/2018,101.62,101.62
2/13/2018,101.61,101.61
2/12/2018,101.59,101.59
2/9/2018,101.59,101.59
2/8/2018,101.57,101.57
2/7/2018,101.58,101.58
2/6/2018,101.6,101.6
2/5/2018,101.55,101.55
2/2/2018,101.53,101.53
2/1/2018,101.54,101.54
1/31/2018,101.56,101.56
1/30/2018,101.51,101.51
1/29/2018,101.53,101.53
1/26/2018,101.55,101.55
1/25/2018,101.54,101.54
1/24/2018,101.57,101.57
1/23/2018,101.58,101.58
1/22/2018,101.57,101.57
1/19/2018,101.55,101.55
1/18/2018,101.55,101.55
1/17/2018,101.56,101.56
1/16/2018,101.58,101.58
1/15/2018,101.57,101.57
1/12/2018,101.57,101.57
1/11/2018,101.58,101.58
1/10/2018,101.57,101.57
1/9/2018,101.62,101.62
1/8/2018,101.64,101.64
1/5/2018,101.64,101.64
1/4/2018,101.64,101.64
1/3/2018,101.65,101.65
1/2/2018,101.65,101.65
12/29/2017,101.64,101.64
12/28/2017,101.64,101.64
12/27/2017,101.64,101.64
12/26/2017,101.65,101.65
12/25/2017,101.67,101.67
12/22/2017,101.66,101.66
12/21/2017,101.65,101.65
12/20/2017,101.67,101.67
12/19/2017,101.71,101.71
12/18/2017,101.72,101.72
12/15/2017,101.69,101.69
12/14/2017,101.71,101.71
12/13/2017,101.72,101.72
12/12/2017,101.7,101.7
12/11/2017,101.68,101.68
12/8/2017,101.68,101.68
12/7/2017,101.66,101.66
12/6/2017,101.65,101.65
12/5/2017,101.66,101.66
12/4/2017,101.71,101.71
12/1/2017,101.72,101.72
11/30/2017,101.72,101.72
11/29/2017,101.75,101.75
11/28/2017,101.76,101.76
11/27/2017,101.77,101.77
11/24/2017,101.79,101.79
11/23/2017,101.82,101.82
11/22/2017,101.82,101.82
11/21/2017,101.79,101.79
11/20/2017,101.77,101.77
11/17/2017,101.77,101.77
11/16/2017,101.73,101.73
11/15/2017,101.71,101.71
11/14/2017,101.69,101.69
11/13/2017,101.67,101.67
11/10/2017,101.73,101.73
11/9/2017,101.8,101.8
11/8/2017,101.82,101.82
11/7/2017,101.75,101.75
11/6/2017,101.76,101.76
11/3/2017,101.66,101.66
11/2/2017,101.66,101.66
11/1/2017,101.64,101.64
10/31/2017,101.63,101.63
10/30/2017,101.63,101.63
10/27/2017,101.62,101.62
10/26/2017,101.6,101.6
10/25/2017,101.58,101.58
10/24/2017,101.58,101.58
10/23/2017,101.59,101.59
10/20/2017,101.58,101.58
10/19/2017,101.6,101.6
10/18/2017,101.59,101.59
10/17/2017,101.6,101.6
10/16/2017,101.61,101.61
10/13/2017,101.61,101.61
10/12/2017,101.61,101.61
10/11/2017,101.64,101.64
10/10/2017,101.65,101.65
10/9/2017,101.64,101.64
10/6/2017,101.64,101.64
10/5/2017,101.66,101.66
10/4/2017,101.65,101.65
10/3/2017,101.55,101.55
10/2/2017,101.54,101.54
9/29/2017,101.58,101.58
9/28/2017,101.55,101.55
9/27/2017,101.66,101.66
9/26/2017,101.71,101.71
9/25/2017,101.73,101.73
9/22/2017,101.69,101.69
9/21/2017,101.68,101.68
9/20/2017,101.72,101.72
9/19/2017,101.71,101.71
9/18/2017,101.74,101.74
9/15/2017,101.74,101.74
9/14/2017,101.7,101.7
9/13/2017,101.73,101.73
9/12/2017,101.73,101.73
9/11/2017,101.81,101.81
9/8/2017,101.86,101.86
9/7/2017,101.81,101.81
9/6/2017,101.81,101.81
9/5/2017,101.82,101.82
9/4/2017,101.83,101.83
9/1/2017,101.84,101.84
8/31/2017,101.8,101.8
8/30/2017,101.78,101.78
8/29/2017,101.8,101.8
8/28/2017,101.79,101.79
8/25/2017,101.77,101.77
8/24/2017,101.71,101.71
8/23/2017,101.67,101.67
8/22/2017,101.66,101.66
8/21/2017,101.67,101.67
8/18/2017,101.63,101.63
8/17/2017,101.59,101.59
8/16/2017,101.6,101.6
8/15/2017,101.58,101.58
8/14/2017,101.56,101.56
8/11/2017,101.55,101.55
8/10/2017,101.55,101.55
8/9/2017,101.53,101.53
8/8/2017,101.51,101.51
8/7/2017,101.5,101.5
8/4/2017,101.53,101.53
8/3/2017,101.52,101.52
8/2/2017,101.52,101.52
8/1/2017,101.5,101.5
7/31/2017,101.5,101.5
7/28/2017,101.49,101.49
7/27/2017,101.5,101.5
7/26/2017,101.47,101.47
7/25/2017,101.53,101.53
7/24/2017,101.53,101.53
7/21/2017,101.52,101.52
7/20/2017,101.5,101.5
7/19/2017,101.49,101.49
7/18/2017,101.51,101.51
7/17/2017,101.48,101.48
7/14/2017,101.47,101.47
7/13/2017,101.49,101.49
7/12/2017,101.47,101.47
7/11/2017,101.43,101.43
7/10/2017,101.44,101.44
7/7/2017,101.45,101.45
7/6/2017,101.48,101.48
7/5/2017,101.52,101.52
7/4/2017,101.57,101.57
7/3/2017,101.57,101.57
6/30/2017,101.53,101.53
6/29/2017,101.6,101.6
6/28/2017,101.6,101.6
6/27/2017,101.6,101.6
6/26/2017,101.58,101.58
6/23/2017,101.58,101.58
6/22/2017,101.57,101.57
6/21/2017,101.59,101.59
6/20/2017,101.59,101.59
6/19/2017,101.6,101.6
6/16/2017,101.6,101.6
6/15/2017,101.61,101.61
6/14/2017,101.58,101.58
6/13/2017,101.58,101.58
6/12/2017,101.59,101.59
6/9/2017,101.61,101.61
6/8/2017,101.56,101.56
6/7/2017,101.68,101.68
6/6/2017,101.72,101.72
6/5/2017,101.73,101.73
6/2/2017,101.74,101.74
6/1/2017,101.75,101.75
5/31/2017,101.74,101.74
5/30/2017,101.76,101.76
5/29/2017,101.75,101.75
5/26/2017,101.77,101.77
5/25/2017,101.74,101.74
5/24/2017,101.75,101.75
5/23/2017,101.77,101.77
5/22/2017,101.74,101.74
5/19/2017,101.75,101.75
5/18/2017,101.73,101.73
5/17/2017,101.75,101.75
5/16/2017,101.77,101.77
5/15/2017,101.79,101.79
5/12/2017,101.79,101.79
5/11/2017,101.78,101.78
5/10/2017,101.82,101.82
5/9/2017,101.88,101.88
5/8/2017,101.89,101.89
5/5/2017,101.92,101.92
5/4/2017,101.92,101.92
5/3/2017,101.92,101.92
5/2/2017,101.92,101.92
5/1/2017,101.94,101.94
4/28/2017,101.91,101.91
4/27/2017,101.9,101.9
4/26/2017,101.92,101.92
4/25/2017,101.95,101.95
4/24/2017,101.95,101.95
4/21/2017,101.99,101.99
4/20/2017,101.99,101.99
4/19/2017,101.98,101.98
4/18/2017,101.92,101.92
4/17/2017,101.95,101.95
4/14/2017,101.96,101.96
4/13/2017,101.94,101.94
4/12/2017,101.95,101.95
4/11/2017,101.94,101.94
4/10/2017,101.89,101.89
4/7/2017,101.88,101.88
4/6/2017,101.83,101.83
4/5/2017,101.83,101.83
4/4/2017,101.79,101.79
4/3/2017,101.77,101.77
3/31/2017,101.83,101.83
3/30/2017,101.87,101.87
3/29/2017,101.91,101.91
3/28/2017,101.94,101.94
3/27/2017,101.95,101.95
3/24/2017,101.94,101.94
3/23/2017,101.96,101.96
3/22/2017,101.94,101.94
3/21/2017,101.9,101.9
3/20/2017,101.86,101.86
3/17/2017,101.85,101.85
3/16/2017,101.84,101.84
3/15/2017,101.8,101.8
3/14/2017,101.81,101.81
3/13/2017,101.8,101.8
3/10/2017,101.8,101.8
3/9/2017,101.81,101.81
3/8/2017,101.88,101.88
3/7/2017,101.93,101.93
3/6/2017,101.91,101.91
3/3/2017,101.9,101.9
3/2/2017,101.85,101.85
3/1/2017,101.83,101.83
2/28/2017,101.86,101.86
2/27/2017,101.88,101.88
2/24/2017,101.84,101.84
2/23/2017,101.81,101.81
2/22/2017,101.77,101.77
2/21/2017,101.73,101.73
2/20/2017,101.74,101.74
2/17/2017,101.73,101.73
2/16/2017,101.72,101.72
2/15/2017,101.72,101.72
2/14/2017,101.67,101.67
2/13/2017,101.66,101.66
2/10/2017,101.66,101.66
2/9/2017,101.7,101.7
2/8/2017,101.68,101.68
2/7/2017,101.67,101.67
2/6/2017,101.65,101.65
2/3/2017,101.72,101.72
2/2/2017,101.71,101.71
2/1/2017,101.71,101.71
1/31/2017,101.71,101.71
1/30/2017,101.71,101.71
1/27/2017,101.72,101.72
1/26/2017,101.68,101.68
1/25/2017,101.78,101.78
1/24/2017,101.89,101.89
1/23/2017,101.85,101.85
1/20/2017,101.82,101.82
1/19/2017,101.76,101.76
1/18/2017,101.81,101.81
1/17/2017,101.84,101.84
1/16/2017,101.83,101.83
1/13/2017,101.8,101.8
1/12/2017,101.83,101.83
1/11/2017,101.86,101.86
1/10/2017,101.82,101.82
1/9/2017,101.78,101.78
1/6/2017,101.77,101.77
1/5/2017,101.76,101.76
1/4/2017,101.7,101.7
1/3/2017,101.72,101.72
12/30/2016,101.72,101.72
12/29/2016,101.72,101.72
12/28/2016,101.67,101.67
12/27/2016,101.65,101.65
12/26/2016,101.65,101.65
12/23/2016,101.66,101.66
12/22/2016,101.66,101.66
12/21/2016,101.65,101.65
12/20/2016,101.64,101.64
12/19/2016,101.61,101.61
12/16/2016,101.6,101.6
12/15/2016,101.62,101.62
12/14/2016,101.67,101.67
12/13/2016,101.61,101.61
12/12/2016,101.65,101.65
12/9/2016,101.68,101.68
12/8/2016,101.71,101.71
12/7/2016,101.74,101.74
12/6/2016,101.71,101.71
12/5/2016,101.75,101.75
12/2/2016,101.71,101.71
12/1/2016,101.69,101.69
11/30/2016,101.68,101.68
11/29/2016,101.69,101.69
11/28/2016,101.66,101.66
11/25/2016,101.62,101.62
11/24/2016,101.65,101.65
11/23/2016,101.67,101.67
11/22/2016,101.67,101.67
11/21/2016,101.69,101.69
11/18/2016,101.62,101.62
11/17/2016,101.64,101.64
11/16/2016,101.58,101.58
11/15/2016,101.82,101.82
11/14/2016,101.92,101.92
11/11/2016,101.98,101.98
11/10/2016,102.05,102.05
11/9/2016,102.16,102.16
11/8/2016,102.12,102.12
11/7/2016,102.09,102.09
11/4/2016,102.12,102.12
11/3/2016,102.11,102.11
11/2/2016,102.11,102.11
11/1/2016,102.09,102.09
10/31/2016,102.08,102.08
10/28/2016,102.05,102.05
10/27/2016,102.08,102.08
10/26/2016,102.1,102.1
10/25/2016,102.1,102.1
10/24/2016,102.07,102.07
10/21/2016,102.13,102.13
10/20/2016,102.14,102.14
10/19/2016,102.16,102.16
10/18/2016,102.14,102.14
10/17/2016,102.16,102.16
10/14/2016,102.13,102.13
10/13/2016,102.12,102.12
10/12/2016,102.13,102.13
10/11/2016,102.14,102.14
10/10/2016,102.21,102.21
10/7/2016,102.2,102.2
10/6/2016,102.21,102.21
10/5/2016,102.24,102.24
10/4/2016,102.26,102.26
10/3/2016,102.28,102.28
9/30/2016,102.3,102.3
9/29/2016,102.27,102.27
9/28/2016,102.3,102.3
9/27/2016,102.2,102.2
9/26/2016,102.09,102.09
9/23/2016,102.06,102.06
9/22/2016,102.13,102.13
9/21/2016,102.13,102.13
9/20/2016,102.18,102.18
9/19/2016,102.19,102.19
9/16/2016,102.18,102.18
9/15/2016,102.19,102.19
9/14/2016,102.12,102.12
9/13/2016,102.06,102.06
9/12/2016,102,102
9/9/2016,101.96,101.96
9/8/2016,101.98,101.98
9/7/2016,102.01,102.01
9/6/2016,101.93,101.93
9/5/2016,101.95,101.95
9/2/2016,101.93,101.93
9/1/2016,101.96,101.96
8/31/2016,102.02,102.02
8/30/2016,102.05,102.05
8/29/2016,102.01,102.01
8/26/2016,101.98,101.98
8/25/2016,102,102
8/24/2016,102,102
8/23/2016,102.04,102.04
8/22/2016,102,102
8/19/2016,102.04,102.04
8/18/2016,102.01,102.01
8/17/2016,101.97,101.97
8/16/2016,102.01,102.01
8/15/2016,101.97,101.97
8/12/2016,102.05,102.05
8/11/2016,102.09,102.09
8/10/2016,102.09,102.09
8/9/2016,102.05,102.05
8/8/2016,101.94,101.94
8/5/2016,102.05,102.05
8/4/2016,101.98,101.98
8/3/2016,102,102
8/2/2016,101.9,101.9
8/1/2016,102.23,102.23
7/29/2016,102.33,102.33
7/28/2016,102.73,102.73
7/27/2016,102.82,102.82
7/26/2016,102.68,102.68
7/25/2016,102.69,102.69
7/22/2016,102.65,102.65
7/21/2016,102.64,102.64
7/20/2016,102.65,102.65
7/19/2016,102.62,102.62
7/18/2016,102.62,102.62
7/15/2016,102.61,102.61
7/14/2016,102.72,102.72
7/13/2016,102.76,102.76
7/12/2016,102.77,102.77
7/11/2016,102.77,102.77
7/8/2016,102.79,102.79
7/7/2016,102.76,102.76
7/6/2016,102.67,102.67
7/5/2016,102.67,102.67
7/4/2016,102.7,102.7
7/1/2016,102.72,102.72
6/30/2016,102.57,102.57
6/29/2016,102.6,102.6
6/28/2016,102.55,102.55
6/27/2016,102.48,102.48
6/24/2016,102.5,102.5
6/23/2016,102.29,102.29
6/22/2016,102.32,102.32
6/21/2016,102.32,102.32
6/20/2016,102.34,102.34
6/17/2016,102.36,102.36
6/16/2016,102.5,102.5
6/15/2016,102.52,102.52
6/14/2016,102.47,102.47
6/13/2016,102.45,102.45
6/10/2016,102.43,102.43
6/9/2016,102.35,102.35
6/8/2016,102.29,102.29
6/7/2016,102.34,102.34
6/6/2016,102.34,102.34
6/3/2016,102.3,102.3
6/2/2016,102.29,102.29
6/1/2016,102.33,102.33
5/31/2016,102.33,102.33
5/30/2016,102.3,102.3
5/27/2016,102.31,102.31
5/26/2016,102.3,102.3
5/25/2016,102.28,102.28
5/24/2016,102.3,102.3
5/23/2016,102.28,102.28
5/20/2016,102.28,102.28
5/19/2016,102.19,102.19
5/18/2016,102.29,102.29
5/17/2016,102.31,102.31
5/16/2016,102.33,102.33
5/13/2016,102.33,102.33
5/12/2016,102.33,102.33
5/11/2016,102.32,102.32
5/10/2016,102.34,102.34
5/9/2016,102.34,102.34
5/6/2016,102.34,102.34
5/5/2016,102.3,102.3
5/4/2016,102.3,102.3
5/3/2016,102.3,102.3
5/2/2016,102.29,102.29
4/29/2016,102.23,102.23
4/28/2016,102.23,102.23
4/27/2016,102.25,102.25
4/26/2016,102.37,102.37
4/25/2016,102.34,102.34
4/22/2016,102.47,102.47
4/21/2016,102.38,102.38
4/20/2016,102.41,102.41
4/19/2016,102.39,102.39
4/18/2016,102.35,102.35
4/15/2016,102.34,102.34
4/14/2016,102.31,102.31
4/13/2016,102.31,102.31
4/12/2016,102.35,102.35
4/11/2016,102.33,102.33
4/8/2016,102.33,102.33
4/7/2016,102.29,102.29
4/6/2016,102.29,102.29
4/5/2016,102.27,102.27
4/4/2016,102.31,102.31
4/1/2016,102.27,102.27
3/31/2016,102.2,102.2
3/30/2016,102.34,102.34
3/29/2016,102.33,102.33
3/28/2016,102.35,102.35
3/25/2016,102.34,102.34
3/24/2016,102.3,102.3
3/23/2016,102.32,102.32
3/22/2016,102.28,102.28
3/21/2016,102.29,102.29
3/18/2016,102.28,102.28
3/17/2016,102.15,102.15
3/16/2016,102.09,102.09
3/15/2016,102,102
3/14/2016,102.1,102.1
3/11/2016,102.04,102.04
3/10/2016,102.07,102.07
3/9/2016,102.1,102.1
3/8/2016,102.34,102.34
3/7/2016,102.24,102.24
3/4/2016,102.17,102.17
3/3/2016,102.15,102.15
3/2/2016,102.27,102.27
3/1/2016,102.34,102.34
2/29/2016,102.37,102.37
2/26/2016,102.33,102.33
2/25/2016,102.25,102.25
2/24/2016,102.24,102.24
2/23/2016,102.17,102.17
2/22/2016,102.2,102.2
2/19/2016,102.16,102.16
2/18/2016,102.08,102.08
2/17/2016,101.97,101.97
2/16/2016,102.04,102.04
2/15/2016,101.97,101.97
2/12/2016,102.06,102.06
2/11/2016,102.33,102.33
2/10/2016,102.33,102.33
2/9/2016,102.45,102.45
2/8/2016,102.18,102.18
2/5/2016,102.19,102.19
2/4/2016,102.07,102.07
2/3/2016,102.03,102.03
2/2/2016,101.86,101.86
2/1/2016,101.88,101.88
1/29/2016,101.68,101.68
1/28/2016,101.41,101.41
1/27/2016,101.42,101.42
1/26/2016,101.4,101.4
1/25/2016,101.4,101.4
1/22/2016,101.38,101.38
1/21/2016,101.36,101.36
1/20/2016,101.38,101.38
1/19/2016,101.39,101.39
1/18/2016,101.41,101.41
1/15/2016,101.4,101.4
1/14/2016,101.4,101.4
1/13/2016,101.42,101.42
1/12/2016,101.4,101.4
1/11/2016,101.4,101.4
1/8/2016,101.4,101.4
1/7/2016,101.39,101.39
1/6/2016,101.38,101.38
1/5/2016,101.37,101.37
1/4/2016,101.37,101.37
12/31/2015,101.35,101.35
12/30/2015,101.34,101.34
12/29/2015,101.34,101.34
12/28/2015,101.35,101.35
12/25/2015,101.34,101.34
12/24/2015,101.34,101.34
12/23/2015,101.34,101.34
12/22/2015,101.34,101.34
12/21/2015,101.34,101.34
12/18/2015,101.34,101.34
12/17/2015,101.32,101.32
12/16/2015,101.32,101.32
12/15/2015,101.34,101.34
12/14/2015,101.32,101.32
12/11/2015,101.3,101.3
12/10/2015,101.33,101.33
12/9/2015,101.34,101.34
12/8/2015,101.32,101.32
12/7/2015,101.3,101.3
12/4/2015,101.3,101.3
12/3/2015,101.32,101.32
12/2/2015,101.32,101.32
12/1/2015,101.3,101.3
11/30/2015,101.3,101.3
11/27/2015,101.3,101.3
11/26/2015,101.3,101.3
11/25/2015,101.3,101.3
11/24/2015,101.28,101.28
11/23/2015,101.31,101.31
11/20/2015,101.31,101.31
11/19/2015,101.32,101.32
11/18/2015,101.32,101.32
11/17/2015,101.32,101.32
11/16/2015,101.3,101.3
11/13/2015,101.3,101.3
11/12/2015,101.3,101.3
11/11/2015,101.28,101.28
11/10/2015,101.32,101.32
11/9/2015,101.26,101.26
11/6/2015,101.28,101.28
11/5/2015,101.28,101.28
11/4/2015,101.28,101.28
11/3/2015,101.28,101.28
11/2/2015,101.28,101.28
10/30/2015,101.29,101.29
10/29/2015,101.29,101.29
10/28/2015,101.3,101.3
10/27/2015,101.26,101.26
10/26/2015,101.24,101.24
10/23/2015,101.26,101.26
10/22/2015,101.24,101.24
10/21/2015,101.22,101.22
10/20/2015,101.21,101.21
10/19/2015,101.2,101.2
10/16/2015,101.22,101.22
10/15/2015,101.22,101.22
10/14/2015,101.24,101.24
10/13/2015,101.22,101.22
10/12/2015,101.21,101.21
10/9/2015,101.21,101.21
10/8/2015,101.19,101.19
10/7/2015,101.24,101.24
10/6/2015,101.27,101.27
10/5/2015,101.29,101.29
10/2/2015,101.26,101.26
10/1/2015,101.24,101.24
9/30/2015,101.22,101.22
9/29/2015,101.23,101.23
9/28/2015,101.22,101.22
9/25/2015,101.23,101.23
9/24/2015,101.21,101.21
9/23/2015,101.22,101.22
9/22/2015,101.22,101.22
9/21/2015,101.21,101.21
9/18/2015,101.21,101.21
9/17/2015,101.14,101.14
9/16/2015,101.14,101.14
9/15/2015,101.14,101.14
9/14/2015,101.18,101.18
9/11/2015,101.22,101.22
9/10/2015,101.2,101.2
9/9/2015,101.19,101.19
9/8/2015,101.19,101.19
9/7/2015,101.19,101.19
9/4/2015,101.18,101.18
9/3/2015,101.15,101.15
9/2/2015,101.18,101.18
9/1/2015,101.2,101.2
8/31/2015,101.2,101.2
8/28/2015,101.17,101.17
8/27/2015,101.15,101.15
8/26/2015,101.18,101.18
8/25/2015,101.18,101.18
8/24/2015,101.2,101.2
8/21/2015,101.19,101.19
8/20/2015,101.19,101.19
8/19/2015,101.18,101.18
8/18/2015,101.18,101.18
8/17/2015,101.17,101.17
8/14/2015,101.16,101.16
8/13/2015,101.15,101.15
8/12/2015,101.17,101.17
8/11/2015,101.14,101.14
8/10/2015,101.13,101.13
8/7/2015,101.12,101.12
8/6/2015,101.1,101.1
8/5/2015,101.14,101.14
8/4/2015,101.15,101.15
8/3/2015,101.12,101.12
7/31/2015,101.12,101.12
7/30/2015,101.1,101.1
7/29/2015,101.11,101.11
7/28/2015,101.11,101.11
7/27/2015,101.1,101.1
7/24/2015,101.09,101.09
7/23/2015,101.09,101.09
7/22/2015,101.11,101.11
7/21/2015,101.09,101.09
7/20/2015,101.07,101.07
7/17/2015,101.06,101.06
7/16/2015,101.04,101.04
7/15/2015,101.02,101.02
7/14/2015,101.03,101.03
7/13/2015,101.05,101.05
7/10/2015,101.08,101.08
7/9/2015,101.08,101.08
7/8/2015,101.11,101.11
7/7/2015,101.08,101.08
7/6/2015,101.08,101.08
7/3/2015,101.04,101.04
7/2/2015,101,101
7/1/2015,101.06,101.06
6/30/2015,101.08,101.08
6/29/2015,101.1,101.1
6/26/2015,101.07,101.07
6/25/2015,101.08,101.08
6/24/2015,101.08,101.08
6/23/2015,101.06,101.06
6/22/2015,101.1,101.1
6/19/2015,101.11,101.11
6/18/2015,101.11,101.11
6/17/2015,101.08,101.08
6/16/2015,101.06,101.06
6/15/2015,101.04,101.04
6/12/2015,101.04,101.04
6/11/2015,100.99,100.99
6/10/2015,101.04,101.04
6/9/2015,101.12,101.12
6/8/2015,101.07,101.07
6/5/2015,101.06,101.06
6/4/2015,101.04,101.04
6/3/2015,101.1,101.1
6/2/2015,101.14,101.14
6/1/2015,101.13,101.13
5/29/2015,101.13,101.13
5/28/2015,101.13,101.13
5/27/2015,101.12,101.12
5/26/2015,101.07,101.07
5/25/2015,101.07,101.07
5/22/2015,101.08,101.08
5/21/2015,101.09,101.09
5/20/2015,101.11,101.11
5/19/2015,101.11,101.11
5/18/2015,101.11,101.11
5/15/2015,101.1,101.1
5/14/2015,101.03,101.03
5/13/2015,100.99,100.99
5/12/2015,100.99,100.99
5/11/2015,101.09,101.09
5/8/2015,101.05,101.05
5/7/2015,100.98,100.98
5/6/2015,101.08,101.08
5/5/2015,101.08,101.08
5/4/2015,101.08,101.08
5/1/2015,101.07,101.07
4/30/2015,101.12,101.12
4/29/2015,101.17,101.17
4/28/2015,101.17,101.17
4/27/2015,101.17,101.17
4/24/2015,101.21,101.21
4/23/2015,101.13,101.13
4/22/2015,101.15,101.15
4/21/2015,101.11,101.11
4/20/2015,101.11,101.11
4/17/2015,101.12,101.12
4/16/2015,101.09,101.09
4/15/2015,101.11,101.11
4/14/2015,101.11,101.11
4/13/2015,101.06,101.06
4/10/2015,101.03,101.03
4/9/2015,101.02,101.02
4/8/2015,101.02,101.02
4/7/2015,101.04,101.04
4/6/2015,101.06,101.06
4/3/2015,101.03,101.03
4/2/2015,101.01,101.01
4/1/2015,100.98,100.98
3/31/2015,100.9,100.9
3/30/2015,100.93,100.93
3/27/2015,100.93,100.93
3/26/2015,101.01,101.01
3/25/2015,101.04,101.04
3/24/2015,101.06,101.06
3/23/2015,101.07,101.07
3/20/2015,101.1,101.1
3/19/2015,101.1,101.1
3/18/2015,101.06,101.06
3/17/2015,100.97,100.97
3/16/2015,100.95,100.95
3/13/2015,100.93,100.93
3/12/2015,100.98,100.98
3/11/2015,100.91,100.91
3/10/2015,100.86,100.86
3/9/2015,100.94,100.94
3/6/2015,101.02,101.02
3/5/2015,101.01,101.01
3/4/2015,101.01,101.01
3/3/2015,101.01,101.01
3/2/2015,101.06,101.06
2/27/2015,101.06,101.06
2/26/2015,100.99,100.99
2/25/2015,100.99,100.99
2/24/2015,100.95,100.95
2/23/2015,100.94,100.94
2/20/2015,100.92,100.92
2/19/2015,100.89,100.89
2/18/2015,100.87,100.87
2/17/2015,100.88,100.88
2/16/2015,100.82,100.82
2/13/2015,100.82,100.82
2/12/2015,100.86,100.86
2/11/2015,100.87,100.87
2/10/2015,100.87,100.87
2/9/2015,100.91,100.91
2/6/2015,100.95,100.95
2/5/2015,100.87,100.87
2/4/2015,100.91,100.91
2/3/2015,100.94,100.94
2/2/2015,101.06,101.06
1/30/2015,101.09,101.09
1/29/2015,101.09,101.09
1/28/2015,101.08,101.08
1/27/2015,101.15,101.15
1/26/2015,101.24,101.24
1/23/2015,101.22,101.22
1/22/2015,101.11,101.11
1/21/2015,101.24,101.24
1/20/2015,101.29,101.29
1/19/2015,101.25,101.25
1/16/2015,101.23,101.23
1/15/2015,101.23,101.23
1/14/2015,101.27,101.27
1/13/2015,101.27,101.27
1/12/2015,101.25,101.25
1/9/2015,101.25,101.25
1/8/2015,101.23,101.23
1/7/2015,101.24,101.24
1/6/2015,101.26,101.26
1/5/2015,101.22,101.22
1/2/2015,101.21,101.21
12/31/2014,101.2,101.2
12/30/2014,101.2,101.2
12/29/2014,101.2,101.2
12/26/2014,101.17,101.17
12/25/2014,101.18,101.18
12/24/2014,101.18,101.18
12/23/2014,101.18,101.18
12/22/2014,101.18,101.18
12/19/2014,101.19,101.19
12/18/2014,101.18,101.18
12/17/2014,101.14,101.14
12/16/2014,101.13,101.13
12/15/2014,101.06,101.06
12/12/2014,101.04,101.04
12/11/2014,101.05,101.05
12/10/2014,101.06,101.06
12/9/2014,101.09,101.09
12/8/2014,101.03,101.03
12/5/2014,101.08,101.08
12/4/2014,101.08,101.08
12/3/2014,101.11,101.11
12/2/2014,101.04,101.04
12/1/2014,101,101
11/28/2014,100.99,100.99
11/27/2014,100.97,100.97
11/26/2014,100.97,100.97
11/25/2014,100.94,100.94
11/24/2014,100.94,100.94
11/21/2014,100.93,100.93
11/20/2014,100.93,100.93
11/19/2014,100.92,100.92
11/18/2014,100.82,100.82
11/17/2014,100.85,100.85
11/14/2014,100.82,100.82
11/13/2014,100.76,100.76
11/12/2014,100.72,100.72
11/11/2014,100.82,100.82
11/10/2014,100.87,100.87
11/7/2014,100.85,100.85
11/6/2014,100.87,100.87
11/5/2014,100.88,100.88
11/4/2014,100.91,100.91
11/3/2014,100.85,100.85
10/31/2014,100.84,100.84
10/30/2014,100.88,100.88
10/29/2014,100.88,100.88
10/28/2014,100.9,100.9
10/27/2014,100.91,100.91
10/24/2014,100.9,100.9
10/23/2014,100.84,100.84
10/22/2014,100.83,100.83
10/21/2014,100.83,100.83
10/20/2014,100.83,100.83
10/17/2014,100.84,100.84
10/16/2014,100.76,100.76
10/15/2014,100.78,100.78
10/14/2014,100.76,100.76
10/13/2014,100.74,100.74
10/10/2014,100.74,100.74
10/9/2014,100.77,100.77
10/8/2014,100.78,100.78
10/7/2014,100.74,100.74
10/6/2014,100.74,100.74
10/3/2014,100.73,100.73
10/2/2014,100.72,100.72
10/1/2014,100.7,100.7
9/30/2014,100.67,100.67
9/29/2014,100.65,100.65
9/26/2014,100.7,100.7
9/25/2014,100.7,100.7
9/24/2014,100.71,100.71
9/23/2014,100.69,100.69
9/22/2014,100.69,100.69
9/19/2014,100.66,100.66
9/18/2014,100.64,100.64
9/17/2014,100.65,100.65
9/16/2014,100.63,100.63
9/15/2014,100.63,100.63
9/12/2014,100.62,100.62
9/11/2014,100.62,100.62
9/10/2014,100.66,100.66
9/9/2014,100.67,100.67
9/8/2014,100.67,100.67
9/5/2014,100.65,100.65
9/4/2014,100.66,100.66
9/3/2014,100.66,100.66
9/2/2014,100.66,100.66
9/1/2014,100.66,100.66
8/29/2014,100.66,100.66
8/28/2014,100.67,100.67
8/27/2014,100.66,100.66
8/26/2014,100.66,100.66
8/25/2014,100.66,100.66
8/22/2014,100.64,100.64
8/21/2014,100.63,100.63
8/20/2014,100.65,100.65
8/19/2014,100.67,100.67
8/18/2014,100.69,100.69
8/15/2014,100.68,100.68
8/14/2014,100.68,100.68
8/13/2014,100.68,100.68
8/12/2014,100.68,100.68
8/11/2014,100.68,100.68
8/8/2014,100.69,100.69
8/7/2014,100.67,100.67
8/6/2014,100.68,100.68
8/5/2014,100.68,100.68
8/4/2014,100.68,100.68
8/1/2014,100.68,100.68
7/31/2014,100.67,100.67
7/30/2014,100.68,100.68
7/29/2014,100.68,100.68
7/28/2014,100.68,100.68
7/25/2014,100.68,100.68
7/24/2014,100.68,100.68
7/23/2014,100.68,100.68
7/22/2014,100.66,100.66
7/21/2014,100.66,100.66
7/18/2014,100.66,100.66
7/17/2014,100.66,100.66
7/16/2014,100.64,100.64
7/15/2014,100.66,100.66
7/14/2014,100.66,100.66
7/11/2014,100.68,100.68
7/10/2014,100.68,100.68
7/9/2014,100.68,100.68
7/8/2014,100.66,100.66
7/7/2014,100.64,100.64
7/4/2014,100.61,100.61
7/3/2014,100.61,100.61
7/2/2014,100.62,100.62
7/1/2014,100.62,100.62
6/30/2014,100.62,100.62
6/27/2014,100.61,100.61
6/26/2014,100.59,100.59
6/25/2014,100.58,100.58
6/24/2014,100.58,100.58
6/23/2014,100.56,100.56
6/20/2014,100.57,100.57
6/19/2014,100.55,100.55
6/18/2014,100.54,100.54
6/17/2014,100.54,100.54
6/16/2014,100.53,100.53
6/13/2014,100.53,100.53
6/12/2014,100.53,100.53
6/11/2014,100.52,100.52
6/10/2014,100.53,100.53
6/9/2014,100.53,100.53
6/6/2014,100.53,100.53
6/5/2014,100.52,100.52
6/4/2014,100.53,100.53
6/3/2014,100.52,100.52
6/2/2014,100.53,100.53
5/30/2014,100.53,100.53
5/29/2014,100.51,100.51
5/28/2014,100.51,100.51
5/27/2014,100.51,100.51
5/26/2014,100.51,100.51
5/23/2014,100.5,100.5
5/22/2014,100.49,100.49
5/21/2014,100.5,100.5
5/20/2014,100.5,100.5
5/19/2014,100.5,100.5
5/16/2014,100.5,100.5
5/15/2014,100.5,100.5
5/14/2014,100.5,100.5
5/13/2014,100.5,100.5
5/12/2014,100.5,100.5
5/9/2014,100.49,100.49
5/8/2014,100.48,100.48
5/7/2014,100.48,100.48
5/6/2014,100.48,100.48
5/5/2014,100.48,100.48
5/2/2014,100.47,100.47
5/1/2014,100.46,100.46
4/30/2014,100.47,100.47
4/29/2014,100.47,100.47
4/28/2014,100.47,100.47
4/25/2014,100.46,100.46
4/24/2014,100.46,100.46
4/23/2014,100.47,100.47
4/22/2014,100.47,100.47
4/21/2014,100.47,100.47
4/18/2014,100.47,100.47
4/17/2014,100.46,100.46
4/16/2014,100.47,100.47
4/15/2014,100.47,100.47
4/14/2014,100.46,100.46
4/11/2014,100.46,100.46
4/10/2014,100.46,100.46
4/9/2014,100.47,100.47
4/8/2014,100.47,100.47
4/7/2014,100.47,100.47
4/4/2014,100.43,100.43
4/3/2014,100.43,100.43
4/2/2014,100.44,100.44
4/1/2014,100.44,100.44
3/31/2014,100.43,100.43
3/28/2014,100.42,100.42
3/27/2014,100.42,100.42
3/26/2014,100.43,100.43
3/25/2014,100.44,100.44
3/24/2014,100.44,100.44
3/21/2014,100.44,100.44
3/20/2014,100.44,100.44
3/19/2014,100.43,100.43
3/18/2014,100.41,100.41
3/17/2014,100.41,100.41
3/14/2014,100.4,100.4
3/13/2014,100.37,100.37
3/12/2014,100.41,100.41
3/11/2014,100.42,100.42
3/10/2014,100.44,100.44
3/7/2014,100.43,100.43
3/6/2014,100.44,100.44
3/5/2014,100.43,100.43
3/4/2014,100.44,100.44
3/3/2014,100.45,100.45
2/28/2014,100.44,100.44
2/27/2014,100.43,100.43
2/26/2014,100.43,100.43
2/25/2014,100.43,100.43
2/24/2014,100.43,100.43
2/21/2014,100.42,100.42
2/20/2014,100.43,100.43
2/19/2014,100.42,100.42
2/18/2014,100.41,100.41
2/17/2014,100.41,100.41
2/14/2014,100.41,100.41
2/13/2014,100.41,100.41
2/12/2014,100.4,100.4
2/11/2014,100.4,100.4
2/10/2014,100.39,100.39
2/7/2014,100.37,100.37
2/6/2014,100.36,100.36
2/5/2014,100.37,100.37
2/4/2014,100.37,100.37
2/3/2014,100.37,100.37
1/31/2014,100.35,100.35
1/30/2014,100.35,100.35
1/29/2014,100.34,100.34
1/28/2014,100.36,100.36
1/27/2014,100.35,100.35
1/24/2014,100.35,100.35
1/23/2014,100.32,100.32
1/22/2014,100.3,100.3
1/21/2014,100.3,100.3
1/20/2014,100.33,100.33
1/17/2014,100.31,100.31
1/16/2014,100.31,100.31
1/15/2014,100.34,100.34
1/14/2014,100.36,100.36
1/13/2014,100.31,100.31
1/10/2014,100.3,100.3
1/9/2014,100.29,100.29
1/8/2014,100.29,100.29
1/7/2014,100.29,100.29
1/6/2014,100.25,100.25
1/3/2014,100.21,100.21
1/2/2014,100.21,100.21
12/31/2013,100.2,100.2
12/30/2013,100.2,100.2
12/27/2013,100.23,100.23
12/26/2013,100.24,100.24
12/25/2013,100.27,100.27
12/24/2013,100.28,100.28
12/23/2013,100.27,100.27
12/20/2013,100.26,100.26
12/19/2013,100.26,100.26
12/18/2013,100.29,100.29
12/17/2013,100.29,100.29
12/16/2013,100.26,100.26
12/13/2013,100.25,100.25
12/12/2013,100.28,100.28
12/11/2013,100.29,100.29
12/10/2013,100.28,100.28
12/9/2013,100.29,100.29
12/6/2013,100.26,100.26
12/5/2013,100.3,100.3
12/4/2013,100.31,100.31
12/3/2013,100.31,100.31
12/2/2013,100.33,100.33
11/29/2013,100.32,100.32
11/28/2013,100.31,100.31
11/27/2013,100.3,100.3
11/26/2013,100.28,100.28
11/25/2013,100.25,100.25
11/22/2013,100.25,100.25
11/21/2013,100.25,100.25
11/20/2013,100.26,100.26
11/19/2013,100.24,100.24
11/18/2013,100.22,100.22
11/15/2013,100.22,100.22
11/14/2013,100.25,100.25
11/13/2013,100.23,100.23
11/12/2013,100.23,100.23
11/11/2013,100.24,100.24
11/8/2013,100.24,100.24
11/7/2013,100.24,100.24
11/6/2013,100.22,100.22
11/5/2013,100.24,100.24
11/4/2013,100.24,100.24
11/1/2013,100.24,100.24
10/31/2013,100.23,100.23
10/30/2013,100.24,100.24
10/29/2013,100.23,100.23
10/28/2013,100.21,100.21
10/25/2013,100.2,100.2
10/24/2013,100.22,100.22
10/23/2013,100.22,100.22
10/22/2013,100.21,100.21
10/21/2013,100.2,100.2
10/18/2013,100.19,100.19
10/17/2013,100.19,100.19
10/16/2013,100.19,100.19
10/15/2013,100.15,100.15
10/14/2013,100.17,100.17
10/11/2013,100.16,100.16
10/10/2013,100.17,100.17
10/9/2013,100.17,100.17
10/8/2013,100.19,100.19
10/7/2013,100.21,100.21
10/4/2013,100.19,100.19
10/3/2013,100.21,100.21
10/2/2013,100.16,100.16
10/1/2013,100.13,100.13
9/30/2013,100.13,100.13
9/27/2013,100.14,100.14
9/26/2013,100.13,100.13
9/25/2013,100.14,100.14
9/24/2013,100.13,100.13
9/23/2013,100.07,100.07
9/20/2013,100.07,100.07
9/19/2013,100.09,100.09
9/18/2013,100.05,100.05
9/17/2013,100.05,100.05
9/16/2013,100.03,100.03
9/13/2013,100.02,100.02
9/12/2013,100.02,100.02
9/11/2013,100.01,100.01
9/10/2013,100.02,100.02
9/9/2013,100,100
9/6/2013,99.94,99.94
9/5/2013,99.98,99.98
9/4/2013,99.98,99.98
9/3/2013,99.99,99.99
9/2/2013,100.01,100.01
8/30/2013,100.02,100.02
8/29/2013,100,100
8/28/2013,99.98,99.98
8/27/2013,99.93,99.93
8/26/2013,99.89,99.89
8/23/2013,99.87,99.87
8/22/2013,99.9,99.9
8/21/2013,99.94,99.94
8/20/2013,99.94,99.94
8/19/2013,99.93,99.93
8/16/2013,99.94,99.94
8/15/2013,99.95,99.95
8/14/2013,99.93,99.93
8/13/2013,99.97,99.97
8/12/2013,99.93,99.93
8/9/2013,99.94,99.94
8/8/2013,99.94,99.94
8/7/2013,99.96,99.96
8/6/2013,99.93,99.93
8/5/2013,99.93,99.93
8/2/2013,99.86,99.86
8/1/2013,99.91,99.91
7/31/2013,99.91,99.91
7/30/2013,99.89,99.89
7/29/2013,99.87,99.87
7/26/2013,99.87,99.87
7/25/2013,99.87,99.87
7/24/2013,99.93,99.93
7/23/2013,99.94,99.94
7/22/2013,99.94,99.94
7/19/2013,99.9,99.9
7/18/2013,99.9,99.9
7/17/2013,99.9,99.9
7/16/2013,99.86,99.86
7/15/2013,99.87,99.87
7/12/2013,99.87,99.87
7/11/2013,99.88,99.88
7/10/2013,99.84,99.84
7/9/2013,99.81,99.81
7/8/2013,99.78,99.78
7/5/2013,99.8,99.8
7/4/2013,99.79,99.79
7/3/2013,99.81,99.81
7/2/2013,99.79,99.79
7/1/2013,99.77,99.77
6/28/2013,99.84,99.84
6/27/2013,99.82,99.82
6/26/2013,99.76,99.76
6/25/2013,99.76,99.76
6/24/2013,99.73,99.73
6/21/2013,99.69,99.69
6/20/2013,99.73,99.73
6/19/2013,99.8,99.8
6/18/2013,99.79,99.79
6/17/2013,99.76,99.76
6/14/2013,99.75,99.75
6/13/2013,99.64,99.64
6/12/2013,99.67,99.67
6/11/2013,99.74,99.74
6/10/2013,99.82,99.82
6/7/2013,99.81,99.81
6/6/2013,99.78,99.78
6/5/2013,99.82,99.82
6/4/2013,99.7,99.7
6/3/2013,99.77,99.77
5/31/2013,99.59,99.59
5/30/2013,99.49,99.49
5/29/2013,99.38,99.38
5/28/2013,99.46,99.46
5/27/2013,99.61,99.61
5/24/2013,99.57,99.57
5/23/2013,99.59,99.59
5/22/2013,99.44,99.44
5/21/2013,99.38,99.38
5/20/2013,99.4,99.4
5/17/2013,99.47,99.47
5/16/2013,99.39,99.39
5/15/2013,99.28,99.28
5/14/2013,99.35,99.35
5/13/2013,99.58,99.58
5/10/2013,99.74,99.74
5/9/2013,99.92,99.92
5/8/2013,99.92,99.92
5/7/2013,99.91,99.91
5/6/2013,99.94,99.94
5/3/2013,99.93,99.93
5/2/2013,99.93,99.93
5/1/2013,99.87,99.87
4/30/2013,99.82,99.82
4/29/2013,99.82,99.82
4/26/2013,99.81,99.81
4/25/2013,99.85,99.85
4/24/2013,99.88,99.88
4/23/2013,99.88,99.88
4/22/2013,99.87,99.87
4/19/2013,99.88,99.88
4/18/2013,99.83,99.83
4/17/2013,99.8,99.8
4/16/2013,99.74,99.74
4/15/2013,99.69,99.69
4/12/2013,99.74,99.74
4/11/2013,99.9,99.9
4/10/2013,99.67,99.67
4/9/2013,99.93,99.93
4/8/2013,99.99,99.99
4/5/2013,100.01,100.01
4/4/2013,100.18,100.18
4/3/2013,100.17,100.17
4/2/2013,100.17,100.17
4/1/2013,100.19,100.19
3/29/2013,100.22,100.22
3/28/2013,100.26,100.26
3/27/2013,100.29,100.29
3/26/2013,100.27,100.27
3/25/2013,100.27,100.27
3/22/2013,100.26,100.26
3/21/2013,100.26,100.26
3/20/2013,100.27,100.27
3/19/2013,100.26,100.26
3/18/2013,100.27,100.27
3/15/2013,100.25,100.25
3/14/2013,100.25,100.25
3/13/2013,100.24,100.24
3/12/2013,100.26,100.26
3/11/2013,100.28,100.28
3/8/2013,100.28,100.28
3/7/2013,100.28,100.28
3/6/2013,100.29,100.29
3/5/2013,100.28,100.28
3/4/2013,100.31,100.31
3/1/2013,100.25,100.25
2/28/2013,100.25,100.25
2/27/2013,100.25,100.25
2/26/2013,100.25,100.25
2/25/2013,100.24,100.24
2/22/2013,100.21,100.21
2/21/2013,100.21,100.21
2/20/2013,100.22,100.22
2/19/2013,100.22,100.22
2/18/2013,100.2,100.2
2/15/2013,100.2,100.2
1/31/2013,100.16,100.16
