Date,0,1,2
1/7/00,3.2239803647794933,-3.324300255,-1.265795379
1/14/00,3.1720827406536576,-3.287665779,-1.125722146
1/21/00,3.158028391,-3.252370033,-1.20235024
1/28/00,3.0728505494060685,-3.130505222,-1.512033731
2/4/00,3.0866076944779492,-3.209385694,-0.931973737
2/11/00,3.0701742371920453,-3.247338511,-0.540323499
2/18/00,2.9616955786711303,-3.142774158,-0.474343644
2/25/00,2.9884463959532135,-3.21221482,-0.220603129
3/3/00,2.824265725682397,-3.016934662,-0.102899653
3/10/00,2.7754460775975707,-2.961872523,0.069871004
3/17/00,2.781144750435154,-2.967967856,0.17209499682686766
3/24/00,2.7940242082203315,-2.993121857,0.2684056801922877
3/31/00,2.683727856867524,-2.835191228,0.1780919501321182
4/7/00,2.575598071822718,-2.734311486,0.16949321644487214
4/14/00,2.514570018236813,-2.659811577,0.5572543635908953
4/21/00,2.5091307707266752,-2.655497425,0.3677447781054165
4/28/00,2.591014606788656,-2.750163135,0.187992304
5/5/00,2.641676240315346,-2.794135956,0.003739592
5/12/00,2.6123363797961447,-2.783591216,0.005359503
5/19/00,2.824728550769111,-2.96744986,-0.413313598
5/26/00,2.7113231690050115,-2.861089944,-0.393040266
6/2/00,2.617258368188733,-2.747875734,-0.15505252
6/9/00,2.663386223980957,-2.765097008,-0.287360699
6/16/00,2.6233242055822346,-2.714694173,-0.412787427
6/23/00,2.6799252918910743,-2.719700447,-0.45507889
6/30/00,2.681988374277706,-2.692040185,-0.324225301
7/7/00,2.781176727266708,-2.769786389,-0.511130426
7/14/00,2.8352138192336733,-2.790156252,-0.798998098
7/21/00,2.8626520646600597,-2.823422353,-0.926708631
7/28/00,2.913681846183991,-2.871753946,-1.132250428
8/4/00,2.8541358399749264,-2.805355573,-1.090098867
8/11/00,2.8548956206909297,-2.760123285,-0.958012024
8/18/00,2.9818495272681513,-2.833314922,-1.093095976
8/25/00,3.0436236411257966,-2.885517342,-0.854040933
9/1/00,3.1003875693034613,-2.92918722,-0.691074529
9/8/00,3.078384210559467,-2.897101969,-0.924788835
9/15/00,3.188527344817172,-2.99371043,-1.125211042
9/22/00,3.2741311891691587,-3.030527099,-1.488854636
9/29/00,3.373704867,-3.066619129,-1.824510144
10/6/00,3.4390095114402754,-3.116516956,-2.14325624
10/13/00,3.6950557293172794,-3.364014931,-2.640941261
10/20/00,3.777184815014942,-3.422378108,-2.931014705
10/27/00,3.7953604068451834,-3.451940435,-2.91192241
11/3/00,3.831176871,-3.478870996,-3.062714634
11/10/00,3.7821654636777917,-3.417160797,-3.056946779
11/17/00,3.615931886309568,-3.255463971,-2.890320999
11/24/00,3.3465535624616183,-2.990633527,-2.585148107
12/1/00,3.3243350026900864,-2.911154681,-2.824053944
12/8/00,3.4875117556915067,-3.003026327,-3.341957536
12/15/00,3.410572942734351,-2.965868049,-2.920892899
12/22/00,3.465405938,-2.992044127,-3.329170415
12/29/00,3.4731053424788936,-3.024627863,-3.16307237
1/5/01,3.469300501844199,-3.061590727,-3.231051731
1/12/01,3.3362678259746463,-2.92643757,-3.334889733
1/19/01,3.3046788345647293,-2.920734065,-3.272979845
1/26/01,3.1391833399219573,-2.768319418,-3.226191774
2/2/01,3.1242256315079007,-2.774520474,-2.825207973
2/9/01,3.096489991,-2.773381779,-3.063608508
2/16/01,2.997700157276948,-2.70819119,-2.922004576
2/23/01,2.9310934460846414,-2.728488612,-2.637116224
3/2/01,2.583863279083825,-2.44163319,-2.415204483
3/9/01,2.5471240316309296,-2.440277652,-2.2319828
3/16/01,2.6042552854012655,-2.543473389,-2.605791398
3/23/01,2.5081754189924546,-2.478426494,-2.34720766
3/30/01,2.7935229084519793,-2.77609294,-2.600124286
4/6/01,2.829126402519863,-2.81754301,-2.663451813
4/13/01,3.0612659370620734,-3.093686591,-2.611216654
4/20/01,3.3982266643515766,-3.414870054,-3.224293996
4/27/01,3.2747304126750336,-3.234674886,-3.53441506
5/4/01,3.3779268540244325,-3.328414238,-3.690447154
5/11/01,3.3488635964602853,-3.280245494,-3.995490149
5/18/01,3.251845360782163,-3.183165308,-3.888711886
5/25/01,3.245713424092155,-3.198540546,-3.787879341
6/1/01,3.2174386865829314,-3.146550865,-3.898671845
6/8/01,3.2458010036655596,-3.177733162,-3.885857681
6/15/01,3.1783501563751915,-3.097869215,-3.955279217
6/22/01,3.1758740833147283,-3.0850766,-4.000566113
6/29/01,3.158623148643313,-3.050095148,-4.000312012
7/6/01,3.353218264520878,-3.225043248,-4.296356311
7/13/01,3.4089372964765863,-3.30337856,-4.174861893
7/20/01,3.557091381133782,-3.465221636,-4.210034569
7/27/01,3.4257633107358254,-3.325385785,-4.124601662
8/3/01,3.5064161021341853,-3.404534939,-4.167414241
8/10/01,3.408513705067356,-3.283778732,-4.146465196
8/17/01,3.499503761489167,-3.369399253,-4.406564738
8/24/01,3.443466674077951,-3.337113019,-4.186095988
8/31/01,3.3714966819509056,-3.296297188,-3.944824533
9/7/01,3.3945231778368665,-3.353020522,-3.806937303
9/14/01,3.420243783761579,-3.371235655,-3.896148189
9/21/01,3.3730643145646058,-3.329131151,-3.808400115
9/28/01,3.394584345610266,-3.355567242,-3.789560559
10/5/01,3.4576579601660926,-3.390248578,-4.009753187
10/12/01,3.5272221754806816,-3.451694632,-4.151716383
10/19/01,3.5690659199976036,-3.473662228,-4.353675977
10/26/01,3.551229664346943,-3.444102592,-4.41622641
11/2/01,3.443876307527364,-3.341923819,-4.220664363
11/9/01,3.4346518130902837,-3.353127387,-4.083375107
11/16/01,3.3931253664159904,-3.34699363,-3.805379956
11/23/01,3.367971082255889,-3.315079693,-3.792520404
11/30/01,3.3649748544012446,-3.326633923,-3.613993814
12/7/01,3.4730781862904987,-3.423503716,-3.804166129
12/14/01,3.4992686812822065,-3.419533925,-4.044744448
12/21/01,3.457501129552743,-3.367213114,-4.064518896
12/28/01,3.464341226689785,-3.406912454,-3.849631008
1/4/02,3.463502295195222,-3.435366764,-3.626906874
1/11/02,3.4720257209941314,-3.442529266,-3.637756032
1/18/02,3.4492627762161834,-3.470949972,-3.326558953
1/25/02,3.447209690449833,-3.528178096,-2.97329758
2/1/02,3.5386097249419337,-3.643995457,-2.902971416
2/8/02,3.5674822560645523,-3.64680314,-3.174634667
2/15/02,3.4687140098627167,-3.540031922,-3.064785058
2/22/02,3.501829446223402,-3.558043366,-3.166741166
3/1/02,3.4492213585276024,-3.508605881,-3.118849251
3/8/02,3.3368528708808753,-3.385468101,-3.062120323
3/15/02,3.3152652448331335,-3.354326936,-3.113425515
3/22/02,3.327550085230972,-3.367778631,-3.159430593
3/29/02,3.3613755988812537,-3.383309305,-3.357673343
4/5/02,3.3367671145855993,-3.342709531,-3.426441072
4/12/02,3.278318751291084,-3.288986372,-3.296200002
4/19/02,3.2659322228365144,-3.286677687,-3.219916823
4/26/02,3.3133774764123487,-3.342469076,-3.213786121
5/3/02,3.327715638,-3.328499781,-3.460755964
5/10/02,3.335749274334324,-3.320938582,-3.54657194
5/17/02,3.2543079872090463,-3.244113904,-3.424175059
5/24/02,3.225842302185482,-3.254654762,-3.127130422
5/31/02,3.2159648134687764,-3.230382484,-3.241589206
6/7/02,3.2302844235802612,-3.222921885,-3.377752889
6/14/02,3.2483739881797637,-3.230370729,-3.472408647
6/21/02,3.1920638926438762,-3.15934069,-3.513470223
6/28/02,3.137054632513385,-3.104270249,-3.469356365
7/5/02,3.107469433970598,-3.082815849,-3.363363113
7/12/02,3.050036395748381,-3.02158264,-3.326561406
7/19/02,2.9396838521033457,-2.912619215,-3.194866109
7/26/02,3.0374483826268506,-3.036174077,-3.138898697
8/2/02,3.117223978400341,-3.09967657,-3.438005963
8/9/02,3.0922316701040167,-3.048628387,-3.609466674
8/16/02,3.2271604212584206,-3.161748503,-3.928248419
8/23/02,3.1880563649748517,-3.108246888,-4.010034515
8/30/02,3.0214802052298624,-2.932334321,-3.908554007
9/6/02,2.8916716220629524,-2.803184238,-3.74339333
9/13/02,2.698219542738881,-2.616385927,-3.458552633
9/20/02,3.0053401225725356,-2.983336423,-3.394368948
9/27/02,3.005269909751617,-2.963285787,-3.542615086
10/4/02,3.063930776498263,-2.974586977,-3.939763477
10/11/02,3.141776814116781,-3.009866952,-4.324477422
10/18/02,3.070818986310686,-2.942520655,-4.204475858
10/25/02,2.9513839663770405,-2.828645818,-3.968490395
11/1/02,2.813440512,-2.677553586,-3.932683814
11/8/02,2.781870115418698,-2.660384311,-3.812987906
11/15/02,2.6750372388518793,-2.591234451,-3.454872869
11/22/02,2.6377124379795136,-2.572859607,-3.288774932
11/29/02,2.6972415354315404,-2.597040683,-3.545739255
12/6/02,2.7411002413527648,-2.652993696,-3.525586743
12/13/02,2.659964224,-2.575245841,-3.436516726
12/20/02,2.6241348148033135,-2.537444733,-3.427002131
12/27/02,2.5521418438450625,-2.459252066,-3.325964518
1/3/03,2.543743701454722,-2.452067113,-3.316293715
1/10/03,2.310060567550887,-2.265203471,-2.762009942
1/17/03,2.102672005778537,-2.067744573,-2.479394027
1/24/03,2.141037759129398,-2.078864862,-2.647989895
1/31/03,2.0991535444012137,-2.041932029,-2.583207383
2/7/03,2.239791934766883,-2.172626299,-2.784037221
2/14/03,2.2186146634155817,-2.154748565,-2.745604351
2/21/03,2.2306892461850456,-2.155327902,-2.83148545
2/28/03,2.075779127681484,-2.002669756,-2.644493435
3/7/03,1.9500369030464715,-1.88407469,-2.455383677
3/14/03,1.9642306725100878,-1.893330191,-2.505720963
3/21/03,1.9008397758221622,-1.848038057,-2.308668183
3/28/03,1.8731683324968667,-1.818316376,-2.227490215
4/4/03,1.7086624355586482,-1.669955589,-1.924279761
4/11/03,1.6729189531176498,-1.635909749,-1.872868206
4/18/03,1.4760217465986385,-1.444390033,-1.609420923
4/25/03,1.458173660709951,-1.42824036,-1.585902203
5/2/03,1.4642231326333321,-1.436935754,-1.679622005
5/9/03,1.4293219337756238,-1.402033313,-1.657306491
5/16/03,1.411822672120918,-1.376855926,-1.70809124
5/23/03,1.5130256551714227,-1.466980255,-1.913915003
5/30/03,1.5347321905712596,-1.44678667,-2.175056115
6/6/03,1.5368234254907058,-1.443814072,-2.269760306
6/13/03,1.4000398802544107,-1.309459533,-2.08531106
6/20/03,1.5730198458821305,-1.542099105,-1.874085633
6/27/03,1.7329490161080114,-1.740674781,-1.795884925
7/4/03,2.138857030822808,-2.2265725,-1.666917505
7/11/03,2.153588425033146,-2.209669247,-1.90517798
7/18/03,2.0854371769389632,-2.128803443,-1.910957619
7/25/03,2.339260851,-2.335740918,-2.52858124
8/1/03,2.3398205808525168,-2.331995643,-2.559409594
8/8/03,2.2482367620901456,-2.219696001,-2.603563311
8/15/03,2.5665102798905473,-2.586998634,-2.595005478
8/22/03,2.7132286842709523,-2.807868347,-2.090586323
8/29/03,2.598975427782142,-2.784967697,-1.307051818
9/5/03,2.450099789522292,-2.695224216,-0.670740438
9/12/03,2.6838569033903297,-2.918252197,-1.00436159
9/19/03,2.6021015770892633,-2.76804209,-1.394361395
9/26/03,2.6125410921468717,-2.75801818,-1.460850955
10/3/03,2.6237669001352524,-2.760494383,-1.615169165
10/10/03,2.6400324442207466,-2.771851986,-1.748826778
10/17/03,2.697761120748727,-2.875362934,-1.483241831
10/24/03,2.772845856027144,-2.905791642,-1.895818581
10/31/03,2.9265178,-3.078543031,-1.931750998
11/7/03,3.0016348911844335,-3.203082862,-1.66795808
11/14/03,2.6802266521796962,-2.840121265,-1.661222721
11/21/03,2.7304613388386882,-2.86166635,-1.934705154
11/28/03,2.6891876419137106,-2.81672414,-1.930672069
12/5/03,2.771851767793305,-2.930718864,-1.79453131
12/12/03,2.6555820874332485,-2.777810385,-1.922660981
12/19/03,2.760417612254918,-2.876682259,-2.072238424
12/26/03,2.7342953686541245,-2.851797999,-2.050932932
1/2/04,2.783244418061279,-2.919596939,-1.956509456
1/9/04,2.7598847876933785,-2.896208668,-1.939021096
1/16/04,2.760308040534116,-2.848512587,-2.26089841
1/23/04,2.848788112771148,-2.943300789,-2.330661647
1/30/04,2.884892971823437,-2.963184517,-2.501236267
2/6/04,2.903807413826933,-2.943373738,-2.777025449
2/13/04,2.8957573581179057,-2.931222752,-2.788785082
2/20/04,2.815857357559496,-2.83868009,-2.789197996
2/27/04,2.983674675502146,-2.997430042,-3.054523082
3/5/04,3.0083314187035524,-3.117529628,-2.436412624
3/12/04,2.967683494652192,-3.009884457,-2.87785841
3/19/04,3.01123398,-3.105040354,-2.580113772
3/26/04,3.0141926694282306,-3.120084461,-2.441719031
4/2/04,3.0122878001460447,-3.134000104,-2.312354142
4/9/04,3.273678211150297,-3.390030552,-2.646948886
4/16/04,3.416754678213554,-3.513333323,-2.935691255
4/23/04,3.3309478191374486,-3.43651605,-2.785910196
4/30/04,3.334503421156056,-3.457841743,-2.657022383
5/7/04,3.346344699877735,-3.42682283,-2.978979822
5/14/04,3.448725912607771,-3.522589479,-3.114168287
5/21/04,3.382332522,-3.441149894,-3.162621941
5/28/04,3.2741384049505333,-3.37893414,-2.728549235
6/4/04,3.3799994881708333,-3.513049162,-2.647282462
6/11/04,3.5003421241685793,-3.706992742,-2.125693817
6/18/04,3.5260444234251684,-3.791565832,-1.708503445
6/25/04,3.5776266607695755,-3.805203662,-2.007392078
7/2/04,3.668747226626122,-3.836465312,-2.528134084
7/9/04,3.736111282728551,-3.903203054,-2.582603245
7/16/04,3.7188517228078757,-3.862460687,-2.703930766
7/23/04,3.7213595871315297,-3.886611148,-2.546697959
7/30/04,3.857405653562148,-4.02880951,-2.653865812
8/6/04,3.608024555466443,-3.762504957,-2.659517661
8/13/04,3.490541441990679,-3.60695624,-2.79679989
8/20/04,3.4551169500611327,-3.578552871,-2.708388468
8/27/04,3.472531865909467,-3.594565807,-2.745593417
9/3/04,3.334642420652436,-3.449919761,-2.656873028
9/10/04,3.3017443530084187,-3.401130175,-2.699535688
9/17/04,3.3247239261449795,-3.408854092,-2.840103682
9/24/04,3.260420561,-3.312415592,-2.994530093
10/1/04,3.3347094901625205,-3.398797136,-2.934912523
10/8/04,3.4993104375469013,-3.581595018,-3.029743419
10/15/04,3.3663273596082863,-3.413218451,-3.147386592
10/22/04,3.429173943,-3.482210696,-3.181837847
10/29/04,3.4587667511165776,-3.519146064,-3.260501028
11/5/04,3.429513679357982,-3.517179823,-3.052947891
11/12/04,3.4064490395753886,-3.485698332,-3.110891326
11/19/04,3.3442437636392928,-3.408985481,-3.160192957
11/26/04,3.4104399005834165,-3.464880184,-3.32187781
12/3/04,3.3405890881058924,-3.390198044,-3.270464345
12/10/04,3.351131171546586,-3.365393326,-3.497651778
12/17/04,3.3051341648359114,-3.341791822,-3.305919804
12/24/04,3.2784998410880046,-3.303457924,-3.374826266
12/31/04,3.340064784901979,-3.396420827,-3.238787309
1/7/05,3.323529373377929,-3.364858005,-3.309716291
1/14/05,3.339137139938693,-3.362055728,-3.431779614
1/21/05,3.3366406849119628,-3.341568053,-3.571509193
1/28/05,3.331590733906345,-3.320584333,-3.702105135
2/4/05,3.1615064507325203,-3.182112337,-3.276077321
2/11/05,3.2432355217293694,-3.305458537,-3.041874838
2/18/05,3.354958106672715,-3.413334001,-3.21670308
2/25/05,3.3861733477977367,-3.448630924,-3.238803638
3/4/05,3.4261552594468285,-3.521429835,-3.036464337
3/11/05,3.3601297608317604,-3.452427913,-2.98438527
3/18/05,3.3211144738241214,-3.388365463,-3.108904026
3/25/05,3.2979770583831556,-3.338986252,-3.275595463
4/1/05,3.269391553991903,-3.286508188,-3.41166039
4/8/05,3.4021298157593174,-3.408494145,-3.641921622
4/15/05,3.3282072541909753,-3.310186806,-3.706970687
4/22/05,3.3025564419627944,-3.280871538,-3.728704576
4/29/05,3.2671572638522424,-3.230444549,-3.811280044
5/6/05,3.3135773332806484,-3.251074171,-4.019182999
5/13/05,3.404185700916576,-3.345922733,-4.065191951
5/20/05,3.3195198248719704,-3.280675905,-3.859731709
5/27/05,3.2757102165769183,-3.237009857,-3.826557083
6/3/05,3.247768431311302,-3.191169735,-3.905025358
6/10/05,3.279310700446137,-3.20691853,-4.026336603
6/17/05,3.356593866000211,-3.323517054,-3.852111489
6/24/05,3.246443724938678,-3.187390831,-3.920781698
7/1/05,3.201582474922601,-3.126176577,-3.969708738
7/8/05,3.3286645957631023,-3.250012518,-4.13292526
7/15/05,3.393319463,-3.344854509,-3.984431129
7/22/05,3.417674814358729,-3.337366337,-4.186053663
7/29/05,3.444450163301158,-3.404607271,-3.964184732
8/5/05,3.383996061450998,-3.403506805,-3.480891509
8/12/05,3.3761329727198772,-3.433360585,-3.142550963
8/19/05,3.4213608896677696,-3.467470554,-3.286796617
8/26/05,3.396445884668338,-3.429870341,-3.283279712
9/2/05,3.337320343307987,-3.320366742,-3.603947214
9/9/05,3.373046621723179,-3.368847256,-3.578296512
9/16/05,3.3399035155437136,-3.351399265,-3.374665995
9/23/05,3.2764634871805978,-3.307714314,-3.157816114
9/30/05,3.211477748888635,-3.313756612,-2.473841106
10/7/05,3.1922534840235106,-3.316305909,-2.22668756
10/14/05,3.3199980484521228,-3.451846311,-2.223757833
10/21/05,3.1229625137083468,-3.238869912,-1.987856152
10/28/05,3.167609384494588,-3.245567779,-2.132835601
11/4/05,2.9290958487892285,-3.0750474,-1.164548774
11/11/05,3.0539649021079334,-3.17726098,-1.534691246
11/18/05,3.167203576418211,-3.24328919,-2.234925817
11/25/05,3.2052740816264054,-3.265732798,-2.467923283
12/2/05,3.199346272588091,-3.286353176,-2.250697517
12/9/05,3.171551841,-3.291255119,-1.96616766
12/16/05,3.124877373198097,-3.24830784,-1.880308034
12/23/05,3.0715547896092863,-3.218721181,-1.622305778
12/30/05,2.969385339,-3.097858378,-1.648690141
1/6/06,3.0340516650944007,-3.123784738,-1.991998033
1/13/06,3.0149880119316963,-3.121952834,-1.931287863
1/20/06,3.0696543246683916,-3.183189099,-1.9456006
1/27/06,3.059870708971675,-3.196580658,-1.658367734
2/3/06,2.9989461716140147,-3.182030297,-1.233124357
2/10/06,2.864758425177555,-3.079665143,-0.682693099
2/17/06,2.5618813428467577,-2.742323711,-0.2889897
2/24/06,2.6668341905568718,-2.857493036,-0.178758712
3/3/06,2.741367370630588,-2.892490612,-0.432811952
3/10/06,2.751552212819626,-2.898245161,-0.369897126
3/17/06,2.766785615284634,-2.893092435,-0.17958884
3/24/06,2.6284393743509615,-2.775935406,0.2278052335200393
3/31/06,2.5651500796361897,-2.692876864,0.5089485564337622
4/7/06,2.8144868921283708,-2.948229625,0.39759524629368603
4/14/06,3.0304137174806907,-3.155812157,0.1736585018312108
4/21/06,2.897708675752723,-3.028930086,0.255287425
4/28/06,2.8658325839412178,-3.01664082,0.36294175184352523
5/5/06,2.887137387914644,-3.048828394,0.30187992813085807
5/12/06,2.7954865952715364,-2.877153707,0.7777156436712291
5/19/06,2.8282063974614307,-2.825787121,0.3467421015543522
5/26/06,2.845633203358346,-2.660685924,-0.155175448
6/2/06,2.9302047036799594,-2.682856281,-0.328284428
6/9/06,3.0397102012898616,-2.86678141,-0.839939911
6/16/06,3.1074366171607823,-2.861087827,-1.079251772
6/23/06,3.07271601,-2.814630904,-0.830027535
6/30/06,3.0632901942508277,-2.780339088,-0.635750683
7/7/06,3.1018851213192327,-2.749665712,-0.553311985
7/14/06,3.0845358172883364,-2.740835176,-0.95544261
7/21/06,3.1306114917408556,-2.798700438,-1.119218858
7/28/06,3.1718015445790537,-2.881325146,-0.906260331
8/4/06,3.059206593856678,-2.766338056,-0.790488173
8/11/06,3.029698771989888,-2.736650754,-0.832498893
8/18/06,3.030373108933953,-2.748876729,-0.784704766
8/25/06,2.9650662202102835,-2.774414631,-1.109365875
9/1/06,3.0589776800080335,-2.811069378,-1.574307391
9/8/06,2.9965285722724473,-2.744199801,-1.30008575
9/15/06,3.031451934566422,-2.814233627,-1.540042213
9/22/06,3.0663990899861737,-2.853748069,-1.733814759
9/29/06,3.160938617114218,-2.923660554,-1.840218873
10/6/06,3.2440830896754447,-2.963112795,-1.978224793
10/13/06,3.1984212828567395,-2.865248972,-1.699771117
10/20/06,3.161631724166914,-2.751323345,-1.556894348
10/27/06,3.141490183059411,-2.735078031,-1.719117013
11/3/06,3.111793576033213,-2.699082023,-1.803802434
11/10/06,3.1135216338413567,-2.654284261,-1.928510633
11/17/06,3.107818620471072,-2.595344813,-1.863990309
11/24/06,3.040226998707304,-2.530793392,-1.906386679
12/1/06,2.926355562687953,-2.401607447,-1.863598496
12/8/06,2.827013526228133,-2.305027423,-1.384032536
12/15/06,2.854104313777889,-2.348880971,-1.475629265
12/22/06,2.7937160290538188,-2.329675507,-1.519243009
12/29/06,2.8281418948164228,-2.386923273,-1.258596041
1/5/07,2.842986263424745,-2.377573351,-1.167719074
1/12/07,2.919364429685891,-2.453311434,-1.240368418
1/19/07,2.9284956282649404,-2.487864223,-1.560908156
1/26/07,3.0003889829168413,-2.603145835,-1.661751551
2/2/07,2.9404061478933214,-2.575452028,-1.336268863
2/9/07,2.941026398514764,-2.557182248,-1.445083982
2/16/07,2.9432986005049964,-2.505944666,-1.415793791
2/23/07,2.841429367343551,-2.303587813,-1.421558827
3/2/07,2.839904460410593,-2.273715964,-1.553816123
3/9/07,2.821708227214873,-2.259176696,-1.719906427
3/16/07,2.9025412510525097,-2.360721782,-1.973376802
3/23/07,2.8416887150630195,-2.312238826,-1.737779328
3/30/07,2.911746795,-2.394879099,-1.726894942
4/6/07,2.912250761,-2.406198386,-1.627199467
4/13/07,2.9293848577878765,-2.405425871,-1.706531993
4/20/07,2.868418105333532,-2.355933421,-1.444392552
4/27/07,2.8251117446648566,-2.263838076,-1.59232522
5/4/07,2.8470054100743187,-2.265510973,-1.709570685
5/11/07,2.8683796417093803,-2.296917301,-1.654525434
5/18/07,2.831094399387062,-2.26215836,-1.587376653
5/25/07,2.8505044446621834,-2.282724928,-1.299093517
6/1/07,2.783162573,-2.179564764,-0.970487993
6/8/07,2.7954960461659826,-2.188854167,-0.597671082
6/15/07,2.9626814053335346,-2.34734994,-0.753776298
6/22/07,2.9663052819004214,-2.339264361,-0.913438084
6/29/07,2.9287271120647955,-2.291047649,-0.970976103
7/6/07,2.9610547479354965,-2.319850107,-0.835507477
7/13/07,3.0136295685216554,-2.367964621,-0.924944693
7/20/07,2.990125544768153,-2.332804974,-1.07865258
7/27/07,2.9232612435026866,-2.256030387,-1.368077343
8/3/07,2.9573941068629352,-2.285101352,-1.514597505
8/10/07,2.9541670646252896,-2.281412567,-1.791514781
8/17/07,3.0639679783513056,-2.392322465,-2.671556847
8/24/07,2.968309031969898,-2.252481031,-2.354107943
8/31/07,2.993973657676429,-2.287810116,-2.322919468
9/7/07,3.0081588170194893,-2.32678911,-2.450034824
9/14/07,3.073295586319578,-2.382011385,-2.730208518
9/21/07,3.1402095902228777,-2.497222638,-2.407910071
9/28/07,3.1115540873951986,-2.453414462,-2.384776741
10/5/07,3.106196294691766,-2.471861879,-2.268877465
10/12/07,3.1373734180645143,-2.501043738,-2.292787829
10/19/07,3.1687794121060193,-2.491264844,-2.722820446
10/26/07,3.2339795202938815,-2.544945083,-2.916536661
11/2/07,3.1610750050154692,-2.482595392,-2.884117593
11/9/07,3.143599578705458,-2.447491133,-3.045521535
11/16/07,3.091816685,-2.402177988,-3.073356022
11/23/07,3.025257163,-2.342633436,-3.032096251
11/30/07,3.144115700390304,-2.461146403,-3.157590088
12/7/07,3.214177712,-2.586987494,-3.014699424
12/14/07,3.241240589313656,-2.597285948,-3.154095076
12/21/07,3.250385624479324,-2.603866316,-3.190425157
12/28/07,3.2186981351288813,-2.564049114,-3.245047458
1/4/08,3.2308460618981623,-2.549502341,-3.462195998
1/11/08,3.355859793166808,-2.688412261,-3.926592621
1/18/08,3.3247388174208683,-2.654789393,-3.942465949
1/25/08,3.3917428357291857,-2.800546448,-3.748872522
2/1/08,3.3257465410213887,-2.75118998,-3.713916647
2/8/08,3.349561836586534,-2.755344229,-3.780530579
2/15/08,3.3042990644619725,-2.705867216,-3.548319762
2/22/08,3.298516100708676,-2.679462827,-3.540083347
2/29/08,3.2683256871463118,-2.599197431,-3.866380241
3/7/08,3.4631313701393367,-2.771259804,-4.48558668
3/14/08,3.6313927788325655,-2.824472694,-5.275082125
3/21/08,3.517470778417458,-2.713510475,-5.112175109
3/28/08,3.544511834583234,-2.725479272,-5.215201703
4/4/08,3.523692875836596,-2.747489422,-4.924309991
4/11/08,3.5702679396854626,-2.792957314,-4.84495692
4/18/08,3.4987732502250406,-2.774165912,-4.412270856
4/25/08,3.3351427518205767,-2.659028005,-3.051728137
5/2/08,3.3315735298952833,-2.680669467,-2.952617288
5/9/08,3.3039192247686846,-2.641201837,-3.151637941
5/16/08,3.223260491485561,-2.569255489,-2.381885222
5/23/08,3.2943880556191707,-2.668922061,-2.292827324
5/30/08,3.214521751895208,-2.552384523,-2.176253842
6/6/08,3.2739239131448667,-2.648379065,-2.205304174
6/13/08,3.166132052971421,-2.522198056,-1.530073287
6/20/08,3.2249344113982987,-2.601269089,-1.999533961
6/27/08,3.2111482855670235,-2.539928145,-2.60353407
7/4/08,3.1947303091060166,-2.498899985,-2.611239188
7/11/08,3.2739609824551343,-2.566395568,-3.042105332
7/18/08,3.372986664224188,-2.651810597,-3.442558274
7/25/08,3.3317889454941017,-2.64280542,-3.187307089
8/1/08,3.3607801543812856,-2.627292485,-3.507345329
8/8/08,3.2856800790853127,-2.552415707,-3.700018427
8/15/08,3.230729054203783,-2.52233585,-3.595136639
8/22/08,3.355042724057315,-2.655530675,-3.808527703
8/29/08,3.318457367,-2.575733899,-4.005995256
9/5/08,3.2829207962260174,-2.521872686,-4.030178338
9/12/08,3.2152780864483295,-2.542856758,-3.341649625
9/19/08,3.1226627497200017,-2.476907163,-2.807619125
9/26/08,3.0776164117004536,-2.38512787,-2.939009316
10/3/08,3.264186126,-2.484215083,-3.653655474
10/10/08,2.907874726609045,-2.059459294,-2.916724616
10/17/08,3.1927447888370764,-2.456527555,-3.014853258
10/24/08,3.228858283581872,-2.464327445,-3.579512729
10/31/08,3.2770975998143532,-2.680165227,-3.743988934
11/7/08,3.260691910424713,-2.698983018,-3.45419349
11/14/08,3.195618607296282,-2.629813389,-3.541310645
11/21/08,3.251374730402071,-2.630188224,-3.999659487
11/28/08,3.1948326517426016,-2.469687651,-4.113111815
12/5/08,3.1570595521109555,-2.478431216,-3.956660828
12/12/08,3.2970868872368047,-2.614612816,-4.358324118
12/19/08,3.0394796539234137,-2.536251203,-3.841433124
12/26/08,2.656117393585329,-2.236385264,-2.994551886
1/2/09,2.561872412414805,-2.178511793,-2.830462822
1/9/09,2.7962442054940375,-2.509634952,-2.898468207
1/16/09,2.8184404511577976,-2.498692616,-3.179942104
1/23/09,2.8799944630816245,-2.546757361,-3.391380299
1/30/09,2.8223051865420095,-2.463255868,-3.045184744
2/6/09,2.828452980979727,-2.481391188,-2.845883956
2/13/09,2.7637851860887905,-2.371726642,-3.065805034
2/20/09,2.8293439253817603,-2.418480527,-3.270209753
2/27/09,2.8889889286515236,-2.446573471,-3.435485369
3/6/09,2.8245671536648875,-2.46797721,-2.973533418
3/13/09,2.838670624,-2.488079749,-2.971396481
3/20/09,2.9401977530399215,-2.548426793,-3.42947129
3/27/09,2.8662859910647973,-2.548553513,-2.893304287
4/3/09,2.9161021248950507,-2.649551594,-2.64615341
4/10/09,3.040227412804575,-2.799960727,-2.582473251
4/17/09,3.085532078740712,-2.883395389,-2.657890784
4/24/09,3.126958506802107,-2.910120111,-2.839343854
5/1/09,2.979372956,-2.757321966,-2.680374008
5/8/09,2.9974631290947227,-2.807184166,-2.45297714
5/15/09,3.0443160952153145,-2.884935471,-2.540035866
5/22/09,3.088673312972482,-2.98335173,-2.518718204
5/29/09,3.086144870305014,-3.041475993,-2.252942549
6/5/09,3.1349824247478435,-3.06438906,-2.448187452
6/12/09,3.1430882666278364,-3.059227506,-2.403845002
6/19/09,3.097877796174608,-2.980068304,-2.608392265
6/26/09,3.131143600014847,-2.990920129,-2.916338694
7/3/09,3.081655007,-2.93636631,-3.084221398
7/10/09,3.0837665796153173,-2.920202266,-3.22293793
7/17/09,3.125651441571002,-2.953542533,-3.231613102
7/24/09,3.324163776342744,-3.127427196,-3.542499417
7/31/09,3.3227731748998512,-3.124373456,-3.463222509
8/7/09,3.262716327419752,-3.118160816,-3.140968872
8/14/09,3.2343246373936343,-3.09245375,-3.155769375
8/21/09,3.294728771778059,-3.089544387,-3.691214381
8/28/09,3.2230487592445423,-3.028319893,-3.554873198
9/4/09,3.1607797174831957,-2.967948053,-3.440264535
9/11/09,3.2149600243672265,-3.010475707,-3.671353352
9/18/09,3.169407913658166,-2.995133847,-3.384608095
9/25/09,3.141065086137923,-2.953120803,-3.457366499
10/2/09,3.200954926367772,-2.962587656,-3.804176864
10/9/09,3.138960821,-2.923521397,-3.534599635
10/16/09,3.2561637821418317,-3.045457136,-3.630898266
10/23/09,3.2148421220870267,-3.042241027,-3.317356116
10/30/09,3.196717415975637,-3.041414636,-3.119094685
11/6/09,3.1458796870416306,-3.015610534,-2.822193751
11/13/09,3.197894850252975,-3.005707824,-3.346695505
11/20/09,3.1524914193332463,-2.931774136,-3.464181397
11/27/09,3.1262524385845256,-2.889459902,-3.62116388
12/4/09,3.1942678377381206,-3.00128036,-3.746638898
12/11/09,3.306136793399992,-3.089749402,-4.010093259
12/18/09,3.3555725565234362,-3.11104351,-4.319089561
12/25/09,3.3830133422716884,-3.145908086,-4.289204415
1/1/10,3.369560574245808,-3.146126371,-4.219066507
1/8/10,3.376042534282235,-3.198964514,-3.868406007
1/15/10,3.3159135128666692,-3.130457898,-3.828252301
1/22/10,3.3559697585909714,-3.186926974,-3.89549015
1/29/10,3.3550424535199337,-3.173225587,-3.976506045
2/5/10,3.357784971198695,-3.215856396,-3.764128765
2/12/10,3.382854988447857,-3.2182534,-3.918429366
2/19/10,3.4281150811578196,-3.257509188,-4.034950275
2/26/10,3.382360389213357,-3.189579649,-4.091229887
3/5/10,3.442568691405025,-3.23203485,-4.322982202
3/12/10,3.3941349994911025,-3.201208517,-4.105280081
3/19/10,3.3996579212495615,-3.23256842,-3.978832729
3/26/10,3.3326507475350287,-3.183171566,-3.732441119
4/2/10,3.288394773714668,-3.12701956,-3.726376755
4/9/10,3.244094851187633,-3.096709101,-3.530503437
4/16/10,3.3003888703983133,-3.131673136,-3.783001432
4/23/10,3.2624947246285934,-3.065879543,-3.888135551
4/30/10,3.1978735046372564,-2.998846209,-3.87428178
5/7/10,3.2282359268819794,-3.009140304,-3.999897594
5/14/10,3.285333866,-3.068887426,-4.076910863
5/21/10,3.1837835415996807,-2.945847212,-4.082994697
5/28/10,3.1415848994794153,-2.915741287,-3.992129227
6/4/10,3.203564031483083,-2.953693549,-4.180471383
6/11/10,3.150539079172765,-2.891586712,-4.136832069
6/18/10,3.1459424455029588,-2.882971265,-4.208708405
6/25/10,2.9992733969828445,-2.728704668,-4.059308454
7/2/10,2.838066148465593,-2.568189163,-3.916945286
7/9/10,3.019030399935395,-2.754628663,-4.102888699
7/16/10,2.8673903685863302,-2.606283445,-3.944697443
7/23/10,2.8267939010101775,-2.576150051,-3.850788679
7/30/10,2.7368811802876856,-2.488801045,-3.70093221
8/6/10,2.6535691484134345,-2.424654112,-3.515019409
8/13/10,2.5416613641793546,-2.307050975,-3.463824944
8/20/10,2.5177547492713397,-2.283137911,-3.551218778
8/27/10,2.724693948447108,-2.477817006,-3.833423054
9/3/10,3.0064280409229496,-2.76516524,-4.146002193
9/10/10,3.0404662292911127,-2.810191405,-4.065881178
9/17/10,3.035463776804607,-2.75067991,-4.385976451
9/24/10,2.8908449715606612,-2.590282755,-4.369374053
10/1/10,2.8996739611796007,-2.580201233,-4.536203472
10/8/10,3.0395589506721588,-2.669428246,-5.054390842
10/15/10,3.125955878448332,-2.748088601,-5.212278214
10/22/10,3.077172190645301,-2.727481195,-4.968762242
10/29/10,3.1033286149398793,-2.756819309,-4.910336615
11/5/10,3.1179872496834897,-2.772210938,-4.888892698
11/12/10,3.1510372473215105,-2.832059552,-4.745484474
11/19/10,3.152088587570088,-2.857276917,-4.430801214
11/26/10,3.0429224364459806,-2.818232629,-3.728678693
12/3/10,3.143957277659721,-2.898893857,-3.942661115
12/10/10,3.2088988609722495,-2.966195276,-3.957212202
12/17/10,3.067031527283093,-2.832838323,-3.740716099
12/24/10,2.976739669762982,-2.762213181,-3.511039489
12/31/10,2.9392129173291006,-2.711264774,-3.685724305
1/7/11,3.0329826624633403,-2.838079008,-3.581856995
1/14/11,3.1442719301719957,-2.933431942,-3.824771803
1/21/11,3.1095941273652437,-2.901888465,-3.691311637
1/28/11,3.087332979781777,-2.873945205,-3.690323439
2/4/11,3.0606438612452145,-2.903105043,-3.277062259
2/11/11,3.002980798,-2.849895579,-3.019508253
2/18/11,3.0529138815626777,-2.889349208,-3.140114317
2/25/11,3.0227917807710267,-2.828696855,-3.296638723
3/4/11,3.1151628544856123,-2.915579964,-3.404721341
3/11/11,3.1208782329099636,-2.894263404,-3.64950071
3/18/11,3.210198619145907,-2.945257947,-4.033402574
3/25/11,3.1878633402300123,-2.946404893,-4.006502457
4/1/11,3.177547338215615,-2.971863304,-3.74406785
4/8/11,3.2601673830267885,-3.079431235,-3.652199607
4/15/11,3.223036939451684,-3.029698414,-3.699587877
4/22/11,3.1043161147787797,-2.892983117,-3.702781387
4/29/11,3.157327353,-2.911178384,-3.916293484
5/6/11,3.1165175794669575,-2.850844088,-4.089478291
5/13/11,3.010680226266082,-2.748930918,-3.936853172
5/20/11,3.052619032680584,-2.780953223,-3.987758191
5/27/11,3.0019408343747798,-2.73217834,-3.910274593
6/3/11,3.0462077976158843,-2.792138003,-4.011647643
6/10/11,3.1164282172064413,-2.854581704,-4.143800154
6/17/11,3.106161051836599,-2.835672301,-4.201239643
6/24/11,3.049507577456944,-2.794300899,-4.112673989
7/1/11,3.0344827603378914,-2.816395176,-3.908733787
7/8/11,3.120417493998962,-2.912622249,-3.907102771
7/15/11,3.059240275219782,-2.799717657,-4.145589956
7/22/11,3.0380710264200794,-2.788334931,-4.069764046
7/29/11,3.059875185238942,-2.793152432,-4.229312975
8/5/11,2.928199759546681,-2.659517353,-4.146329326
8/12/11,3.060927286,-2.785543152,-4.323774136
8/19/11,3.0119759685358884,-2.713370792,-4.456988717
8/26/11,3.069345962547192,-2.789274371,-4.406600186
9/2/11,3.083145133022676,-2.807199593,-4.392891459
9/9/11,2.9708275876806116,-2.686429442,-4.319958601
9/16/11,2.8863028754979942,-2.626562107,-4.118534294
9/23/11,2.769748465026798,-2.520656918,-3.898767157
9/30/11,2.841167010999397,-2.605267834,-3.868865307
10/7/11,2.8426511505874608,-2.581659284,-4.02220297
10/14/11,2.8452708945422356,-2.600641166,-3.885910677
10/21/11,2.910182949164071,-2.666483458,-4.024237265
10/28/11,2.907136302172702,-2.671111175,-3.950769617
11/4/11,2.8727497563434228,-2.613944701,-4.056369075
11/11/11,2.8299332041234724,-2.560012261,-4.062687247
11/18/11,2.877233477,-2.587761591,-4.235904895
11/25/11,2.863272119682929,-2.614219025,-3.928711482
12/2/11,2.879253504,-2.647006411,-3.828453024
12/9/11,2.8168484636747912,-2.570587434,-3.857831549
12/16/11,2.8346512601209866,-2.573615184,-3.99742998
12/23/11,2.8292026995373467,-2.566124914,-4.005735449
12/30/11,2.811411615184605,-2.550555695,-3.970482944
1/6/12,2.847655024,-2.58227065,-4.042318058
1/13/12,2.878871663486277,-2.598620774,-4.173005916
1/20/12,2.883437025897901,-2.603017819,-4.114232715
1/27/12,2.8634905703560003,-2.578950598,-4.137358427
2/3/12,2.8346014539126267,-2.553311679,-4.106996053
2/10/12,2.8891059315115184,-2.621860384,-4.084936135
2/17/12,2.8618686949685714,-2.597360864,-4.133144467
2/24/12,2.901272458,-2.645133882,-4.11796247
3/2/12,2.8956332730962235,-2.641281964,-4.099182081
3/9/12,2.9220186990198624,-2.651846938,-4.214973255
3/16/12,2.8992082229153917,-2.682622097,-3.830013516
3/23/12,2.8724383495376955,-2.656627821,-3.819363045
3/30/12,2.8672353830420523,-2.632162139,-3.932526453
4/6/12,2.9218582765446923,-2.671102873,-4.070433539
4/13/12,2.8648441655816144,-2.597674658,-4.146976152
4/20/12,2.898417124,-2.620854427,-4.273270129
4/27/12,2.878928919885911,-2.583376142,-4.3617039
5/4/12,2.839095346390429,-2.552410548,-4.255456573
5/11/12,2.7980429257369037,-2.49901199,-4.280469284
5/18/12,2.6630811492505404,-2.379040073,-4.050522994
5/25/12,2.827861307548287,-2.550608104,-4.201238086
6/1/12,2.7660441439332106,-2.463065997,-4.337815881
6/8/12,2.8662511602338316,-2.551037061,-4.55066625
6/15/12,2.928124967912458,-2.595338356,-4.67734305
6/22/12,2.9405223051355014,-2.599385618,-4.765888829
6/29/12,2.950754431169288,-2.611043352,-4.783443516
7/6/12,2.9303990357842107,-2.583855022,-4.833273103
7/13/12,2.8323110264951015,-2.485863595,-4.740450885
7/20/12,2.753033952786625,-2.400534919,-4.638428686
7/27/12,2.7945576359748956,-2.44454526,-4.683117401
8/3/12,2.8207273438076554,-2.465972378,-4.761575793
8/10/12,2.8741157489632854,-2.546292201,-4.647847521
8/17/12,2.852457541653101,-2.552630438,-4.451823684
8/24/12,2.9234665989209967,-2.60636532,-4.659636927
8/31/12,2.9285522337246923,-2.604747732,-4.720422899
9/7/12,2.8952254561942703,-2.572812491,-4.641331068
9/14/12,2.914509960520714,-2.585114549,-4.719758551
9/21/12,2.941858678759897,-2.611522261,-4.756582951
9/28/12,2.914509515274256,-2.570369397,-4.823219099
10/5/12,2.9609889654890353,-2.614947789,-4.88792393
10/12/12,2.9730619822621205,-2.618454115,-4.961378998
10/19/12,2.9742594763293027,-2.632152508,-4.874981212
10/26/12,2.992328762222823,-2.640749827,-4.977666539
11/2/12,2.994027780057283,-2.647522169,-4.919569449
11/9/12,2.9729953763228507,-2.610101536,-5.011323462
11/16/12,3.046561756474369,-2.666544799,-5.220895513
11/23/12,3.0473594467480645,-2.67439799,-5.188520138
11/30/12,3.042928063082201,-2.655630363,-5.276098231
12/7/12,2.983036016055533,-2.587330485,-5.244536603
12/14/12,3.0610985650011933,-2.670254774,-5.312931083
12/21/12,3.0132963874116805,-2.642269986,-5.137298875
12/28/12,3.0621231889459075,-2.710333895,-5.056271446
1/4/13,3.060839357847843,-2.727657353,-4.899909494
1/11/13,3.128108265894245,-2.783785845,-5.14993905
1/18/13,3.1388580310614516,-2.778842931,-5.353185725
1/25/13,3.152884426944692,-2.773651966,-5.495408157
2/1/13,3.109350847182284,-2.76352254,-5.253535034
2/8/13,3.1324925679106292,-2.80437503,-5.284841221
2/15/13,3.0290997145115495,-2.701684169,-5.076283158
2/22/13,3.0051611129373423,-2.678174841,-5.087436657
3/1/13,2.8048431670397673,-2.481257914,-4.874698198
3/8/13,2.787191509740241,-2.476242648,-4.888380082
3/15/13,2.8341238834089855,-2.505453415,-5.032099178
3/22/13,2.6341813776187806,-2.308663659,-4.80526867
3/29/13,2.4590001644018846,-2.163641289,-4.335056663
4/5/13,1.9015209458191247,-1.695576725,-2.896569317
4/12/13,2.4653623984612496,-2.183824992,-3.741305525
4/19/13,2.482513220911518,-2.168394381,-4.045763092
4/26/13,2.573278412270537,-2.241888787,-4.251008171
5/3/13,2.552218653206461,-2.208992124,-4.375809414
5/10/13,2.639927116133724,-2.350755987,-4.060933883
5/17/13,2.684857822155705,-2.451581333,-3.702112449
5/24/13,2.7126083116825668,-2.500746501,-3.566259722
5/31/13,2.5383694236118406,-2.350793133,-3.187031407
6/7/13,2.631012688785551,-2.421050431,-3.568388048
6/14/13,2.6560915709902915,-2.443634067,-3.613602832
6/21/13,2.7796615517830663,-2.580234677,-3.642468333
6/28/13,2.7167602029391733,-2.500367782,-3.675746135
7/5/13,2.7699160233647624,-2.548156213,-3.747785964
7/12/13,2.7995425646803116,-2.541943511,-4.01606779
7/19/13,2.8019666273518893,-2.526956427,-4.132488122
7/26/13,2.7952161618962155,-2.513725682,-4.170500262
8/2/13,2.7568763935587457,-2.511730339,-3.95436489
8/9/13,2.7462543355634517,-2.476764134,-4.113460514
8/16/13,2.767104722814713,-2.502435213,-4.102677092
8/23/13,2.741600869795497,-2.49034975,-3.980335318
8/30/13,2.6873947448784814,-2.416026274,-4.061588237
9/6/13,2.787982085160043,-2.527146426,-4.098835956
9/13/13,2.7678862924339778,-2.476209361,-4.293038641
9/20/13,2.6919365193535074,-2.393701112,-4.255147826
9/27/13,2.644674552242768,-2.348651028,-4.219898525
10/4/13,2.528463312583964,-2.251741272,-4.053543564
10/11/13,2.549558693420749,-2.280322119,-4.056834352
10/18/13,2.5379820609911303,-2.255509805,-4.136908394
10/25/13,2.5819463459753442,-2.282808339,-4.245560895
11/1/13,2.619613051048142,-2.298189317,-4.419195506
11/8/13,2.5613999254593534,-2.245484462,-4.316220159
11/15/13,2.616179699641739,-2.317267666,-4.257436108
11/22/13,2.6226762203098404,-2.321375589,-4.281376158
11/29/13,2.6067429043219494,-2.298640742,-4.344003235
12/6/13,2.641414689159979,-2.367752764,-4.189399247
12/13/13,2.6938086966511876,-2.416432562,-4.273353366
12/20/13,2.6070007821093593,-2.341375639,-4.094961508
12/27/13,2.6325771567966205,-2.375839889,-4.060860565
1/3/14,2.640735135759522,-2.400353421,-3.95511078
1/10/14,2.5978012472978453,-2.344018909,-4.001704015
1/17/14,2.6300112662126307,-2.344209974,-4.188852775
1/24/14,2.5248193490169806,-2.233297646,-4.128992966
1/31/14,2.5602829175328177,-2.261745242,-4.233670229
2/7/14,2.539866186,-2.252749156,-4.171601554
2/14/14,2.532202299799951,-2.247959319,-4.224208663
2/21/14,2.6136695945823205,-2.305556501,-4.400485012
2/28/14,2.6123428949512726,-2.302505616,-4.443621254
3/7/14,2.657577713076119,-2.354164565,-4.497280025
3/14/14,2.702308495848712,-2.408237195,-4.562396549
3/21/14,2.658859015077357,-2.369957504,-4.551224189
3/28/14,2.6904210732611658,-2.395751104,-4.529082197
4/4/14,2.6504702316052096,-2.351911154,-4.374112039
4/11/14,2.678419101176437,-2.358471974,-4.555079638
4/18/14,2.656816941780319,-2.336822739,-4.531527731
4/25/14,2.676201350088308,-2.364245797,-4.496544689
5/2/14,2.699063042076727,-2.376128745,-4.598848455
5/9/14,2.7044725409002233,-2.378121352,-4.628806029
5/16/14,2.6920961374231664,-2.362936402,-4.634832386
5/23/14,2.682920977174678,-2.357843736,-4.604170635
5/30/14,2.679872561108045,-2.348166962,-4.655433434
6/6/14,2.703042677479009,-2.362967173,-4.707273745
6/13/14,2.665336466286466,-2.332426753,-4.623452628
6/20/14,2.6965868819209176,-2.35223549,-4.746393184
6/27/14,2.597743611124622,-2.262781486,-4.65252991
7/4/14,2.639336840606824,-2.310389702,-4.65629143
7/11/14,2.685924760713626,-2.346105005,-4.849067313
7/18/14,2.6128591970018653,-2.303925413,-4.657206871
7/25/14,2.611572889351928,-2.30715173,-4.632242418
8/1/14,2.638763567330403,-2.329624492,-4.695399585
8/8/14,2.6304113690742152,-2.309899509,-4.741600372
8/15/14,2.6170681577527475,-2.283384274,-4.746165317
8/22/14,2.577207711,-2.259190092,-4.608425721
8/29/14,2.5412664741988436,-2.227652031,-4.562186936
9/5/14,2.6015913950712135,-2.28297135,-4.623352674
9/12/14,2.6536940392237005,-2.354649603,-4.63293419
9/19/14,2.657363720754994,-2.381399927,-4.62126215
9/26/14,2.558167151370869,-2.266679099,-4.547726048
10/3/14,2.5721802084204626,-2.283207593,-4.586183672
10/10/14,2.5666830732989054,-2.278183234,-4.617147557
10/17/14,2.5564205590339495,-2.282005838,-4.669435024
10/24/14,2.5608267095961583,-2.282397256,-4.702474779
10/31/14,2.485684608030156,-2.198661181,-4.557896586
11/7/14,2.4175057685885215,-2.165592429,-4.341781247
11/14/14,2.2893290190583833,-2.069529363,-3.991038643
11/21/14,2.26830396,-2.048739774,-3.982397419
11/28/14,2.2408026215426404,-2.002629204,-4.066341585
12/5/14,2.3068199910941996,-2.048020321,-4.340889304
12/12/14,2.240046335060142,-1.981594982,-4.280897951
12/19/14,2.1392535761988185,-1.921887757,-4.149223933
12/26/14,2.0610645781320756,-1.854930281,-4.00025179
1/2/15,2.0289182716567336,-1.805890963,-3.969566429
1/9/15,1.901037064996398,-1.671633806,-3.840498503
1/16/15,1.822499104991964,-1.599809564,-3.739083044
1/23/15,2.1953383934761286,-1.923120519,-4.458041049
1/30/15,2.1076010702189847,-1.818652006,-4.283556065
2/6/15,2.1002160856559593,-1.839078569,-4.047748333
2/13/15,2.301233460354706,-2.054571727,-4.192683543
2/20/15,2.2809205046502785,-2.020171124,-4.269088649
2/27/15,2.282078693146325,-1.997338998,-4.471199979
3/6/15,2.297193174723298,-2.014407056,-4.441705564
3/13/15,2.3476686118689614,-2.08926528,-4.399494076
3/20/15,2.128032517,-1.852034135,-4.215259175
3/27/15,2.192509143457242,-1.919533936,-4.184069523
4/3/15,2.178373683621944,-1.898626329,-4.20784891
4/10/15,2.1859822280655314,-1.911193103,-4.246447631
4/17/15,2.0687647822569444,-1.79967496,-4.101286065
4/24/15,2.1094397541291876,-1.857071319,-4.207587989
5/1/15,2.172144891369442,-1.932288513,-4.083501569
5/8/15,2.245891145639781,-2.021147199,-4.03458748
5/15/15,2.2333946782729726,-2.015327471,-4.079514194
5/22/15,2.302346242951692,-2.073029283,-4.169675901
5/29/15,2.310908326311887,-2.056744345,-4.337244986
6/5/15,2.4038653700026567,-2.170280136,-4.319936949
6/12/15,2.3470419694345326,-2.137670519,-4.054745302
6/19/15,2.2797660674283287,-2.033873596,-4.179809505
6/26/15,2.295977191510114,-2.078692782,-4.061961008
7/3/15,2.292173768678876,-2.073431636,-3.986762548
7/10/15,2.281562180336346,-2.047010764,-4.150949272
7/17/15,2.290369690678813,-2.039636791,-4.21737151
7/24/15,2.2227763748498557,-1.97634663,-4.128723292
7/31/15,2.2311420413737744,-1.986152265,-4.144108911
8/7/15,2.274298811383531,-2.031555426,-4.192282611
8/14/15,2.2518375625932867,-1.998958419,-4.254828265
8/21/15,2.214394620260512,-1.944573076,-4.275477789
8/28/15,2.2450099675173534,-1.983865267,-4.264670375
9/4/15,2.2211651306183318,-1.955056556,-4.29751805
9/11/15,2.2724270647998397,-1.987388355,-4.503245058
9/18/15,2.222811153024295,-1.92380956,-4.473290024
9/25/15,2.202261444459932,-1.906077293,-4.455178523
10/2/15,2.1835888315856873,-1.895479555,-4.402249221
10/9/15,2.1543533980446816,-1.879816139,-4.290951488
10/16/15,2.1561447874177313,-1.884887411,-4.286160417
10/23/15,2.156484837585313,-1.880202888,-4.329915678
10/30/15,2.1738017874710533,-1.891795093,-4.389223076
11/6/15,2.196441527290089,-1.914203871,-4.383374495
11/13/15,2.226521788379409,-1.939925617,-4.471566042
11/20/15,2.2218982322058003,-1.969568207,-4.404687514
11/27/15,2.181457325,-1.920356361,-4.356573395
12/4/15,2.1964048052689846,-1.956607506,-4.321058687
12/11/15,2.1429027835705243,-1.908719715,-4.246900949
12/18/15,2.0245817125133736,-1.80687741,-4.097956422
12/25/15,2.001491223257764,-1.80038112,-3.988487814
1/1/16,1.9998285418175898,-1.793575854,-4.006497373
1/8/16,1.9124143550763486,-1.706205909,-3.925829105
1/15/16,1.981589725610344,-1.768545595,-4.090843697
1/22/16,1.9172798922929626,-1.675798237,-3.991932505
1/29/16,1.787487541,-1.576378799,-4.008899586
2/5/16,1.837903313626804,-1.725545376,-4.305159337
2/12/16,1.9434321990183727,-1.827907731,-4.395347231
2/19/16,1.7855837827212995,-1.702891538,-4.18522784
2/26/16,1.5323936120538721,-1.476966668,-3.843918153
3/4/16,1.2726053580700134,-1.22157363,-3.250101874
3/11/16,1.337844695700032,-1.237356428,-3.271547909
3/18/16,0.9140011990898301,-0.845080078,-2.678988322
3/25/16,1.0146510395562283,-0.943407156,-2.88768958
4/1/16,0.8743957138097052,-0.839421521,-2.486322344
4/8/16,0.8462839908227233,-0.883081504,-2.365510374
4/15/16,0.809555655,-0.833386753,-2.350952428
4/22/16,0.7737905208773138,-0.841397656,-2.30445536
4/29/16,0.7084862825106792,-0.820904414,-1.926038962
5/6/16,0.6128884567086547,-0.750479175,-1.806045692
5/13/16,0.7374434644932064,-0.882862049,-2.018562935
5/20/16,0.6817383695799022,-0.826555948,-1.888248545
5/27/16,0.6627517595813247,-0.810920985,-1.900532787
6/3/16,0.6797493755678453,-0.814792067,-1.930288353
6/10/16,0.6053034099800855,-0.742214209,-1.924084662
6/17/16,0.5567538957591451,-0.704759054,-1.77640045
6/24/16,0.4287125707385013,-0.635768101,-1.609889252
7/1/16,0.3900584079103253,-0.619223162,-1.671487656
7/8/16,0.3937983096814125,-0.616228488,-1.771467464
7/15/16,0.5341467401712369,-0.742067567,-1.882433138
7/22/16,0.6259822707174933,-0.811997524,-2.113303458
7/29/16,0.5936687824058563,-0.728298172,-1.943523934
8/5/16,0.7170183816200402,-0.814096942,-1.945841759
8/12/16,0.663629681,-0.755195969,-1.86869949
8/19/16,0.6596120744744495,-0.76455991,-1.794685471
8/26/16,0.6674973276071707,-0.754064403,-1.810704129
9/2/16,0.8820396107644526,-0.98561381,-2.090737158
9/9/16,0.9313763128000772,-1.048437832,-2.188534916
9/16/16,0.9979169781521376,-1.154126416,-2.360451495
9/23/16,0.8606469672559071,-0.974145393,-2.159681276
9/30/16,0.8587355156721403,-1.041333626,-2.248605118
10/7/16,0.9182235281325385,-1.112095753,-2.235246168
10/14/16,0.9103767052209717,-1.127383192,-2.145383047
10/21/16,0.8852967531102339,-1.079294505,-2.092571216
10/28/16,0.9029412085318953,-1.106123246,-2.072000019
11/4/16,0.8590793727400875,-1.073184178,-2.036080234
11/11/16,0.9008514772232451,-1.129478861,-1.947913479
11/18/16,0.9703281598804077,-1.237393259,-1.714649512
11/25/16,0.9584325533850904,-1.166085143,-1.737090641
12/2/16,0.9716788200502255,-1.195901213,-1.781428253
12/9/16,1.1235679737560098,-1.344352348,-2.070744264
12/16/16,1.057220412360004,-1.318202641,-1.772160842
12/23/16,1.0727956198766428,-1.32779106,-1.847615009
12/30/16,1.1293528507260742,-1.3496878,-2.096523534
1/6/17,1.1667951206540514,-1.408176162,-2.144289353
1/13/17,1.1682630673269965,-1.400111483,-2.164090511
1/20/17,1.2672246944643077,-1.511641784,-2.315029948
1/27/17,1.2895072309942448,-1.489209377,-2.337094201
2/3/17,1.3301084813268924,-1.55166724,-2.333963542
2/10/17,1.3006271485484175,-1.49106985,-2.333162154
2/17/17,1.3941329022656854,-1.554367502,-2.542886875
2/24/17,1.324605400594102,-1.473244469,-2.563600406
3/3/17,1.3385469473149492,-1.525747458,-2.616635636
3/10/17,1.3753115192545626,-1.606183897,-2.561830826
3/17/17,1.3339707812380013,-1.569102763,-2.494371274
3/24/17,1.310786317054753,-1.518048726,-2.534552241
3/31/17,1.3111646442637421,-1.445607233,-2.567422151
4/7/17,1.310436190801278,-1.378869002,-2.745737116
4/14/17,1.2407567188914062,-1.292752865,-2.775948364
4/21/17,1.2344887961929238,-1.28293238,-2.77772937
4/28/17,1.2609430424927182,-1.29174368,-2.825294907
5/5/17,1.2766922606370208,-1.313485528,-2.833122017
5/12/17,1.337526723,-1.340520273,-2.885956075
5/19/17,1.2693370545991158,-1.277217744,-2.743868848
5/26/17,1.2735128042927077,-1.271178737,-2.779560432
6/2/17,1.2945479590025857,-1.275708272,-2.829358674
6/9/17,1.2712345835193632,-1.22419246,-2.790502255
6/16/17,1.2521767354336766,-1.214582916,-2.703120071
6/23/17,1.2371658892639816,-1.188289936,-2.68453504
6/30/17,1.2964525184404407,-1.249347281,-2.697018622
7/7/17,1.3360955077711651,-1.272508852,-2.710350206
7/14/17,1.3105592686987348,-1.2580296,-2.701962977
7/21/17,1.3115571503659886,-1.260320789,-2.734577495
7/28/17,1.3101517494473875,-1.265505054,-2.719256062
8/4/17,1.306125647,-1.252282548,-2.730636233
8/11/17,1.2970350498861238,-1.243324931,-2.752132479
8/18/17,1.3137189651528332,-1.252406227,-2.872608455
8/25/17,1.3074340870912315,-1.250034182,-2.976181521
9/1/17,1.3108288797364893,-1.253902276,-3.033428391
9/8/17,1.2989496854818985,-1.245965386,-3.073820326
9/15/17,1.3115460315004566,-1.266627391,-2.982453559
9/22/17,1.292796097986225,-1.249800475,-2.89955871
9/29/17,1.3337980833339287,-1.296212088,-2.825740873
10/6/17,1.3603952278431124,-1.327795368,-2.893182704
10/13/17,1.3464824053310094,-1.326631012,-2.837048598
10/20/17,1.3659353656999842,-1.354487588,-2.823938499
10/27/17,1.347854774907741,-1.34548783,-2.788922982
11/3/17,1.325951880802933,-1.333744243,-2.766461774
11/10/17,1.2970410445894551,-1.323638501,-2.764859371
11/17/17,1.3103289875182906,-1.335939354,-2.818908239
11/24/17,1.318328199692202,-1.332192225,-2.869604722
12/1/17,1.3221091737653012,-1.299792912,-2.916673954
12/8/17,1.3006189282148146,-1.276754922,-2.863208507
12/15/17,1.2760410566678517,-1.251147723,-2.802683466
12/22/17,1.2736283241234578,-1.260299652,-2.751348267
12/29/17,1.2567666510835416,-1.226942758,-2.726706317
1/5/18,1.2645092536231843,-1.243404195,-2.714671173
1/12/18,1.2778221681240607,-1.256458649,-2.674373098
1/19/18,1.272564040865358,-1.251567478,-2.625394852
1/26/18,1.244285443915629,-1.220136904,-2.575675575
2/2/18,1.2452118108205241,-1.234510011,-2.522932964
2/9/18,1.2449022288778235,-1.245692831,-2.555571907
2/16/18,1.2252731131203913,-1.224050373,-2.580463297
2/23/18,1.1964971504747042,-1.197989745,-2.553978279
3/2/18,1.194458300540385,-1.201250175,-2.490186881
3/9/18,1.1811373451066371,-1.186183789,-2.52829643
3/16/18,1.188916994628342,-1.167884512,-2.606257218
3/23/18,1.1693523581718928,-1.159540467,-2.619535297
3/30/18,1.1517969318320886,-1.128104298,-2.527096306
4/6/18,1.1608470319267037,-1.145524655,-2.535181595
4/13/18,1.1066430600056039,-1.119604171,-2.406667029
4/20/18,1.1365221935295349,-1.132062537,-2.367146259
4/27/18,1.157156834008187,-1.153858797,-2.422384545
5/4/18,1.136446029506608,-1.123748733,-2.441099153
5/11/18,1.1515271930395559,-1.13872686,-2.474724366
5/18/18,1.1877635286383315,-1.170407791,-2.506148205
5/25/18,1.160059531103638,-1.142765505,-2.507561113
6/1/18,1.1391250891538287,-1.133395876,-2.443860776
6/8/18,1.1239550909569047,-1.103146594,-2.403045209
6/15/18,1.1241408292048447,-1.11731863,-2.426864527
6/22/18,1.1204759161812416,-1.102136828,-2.45492425
6/29/18,1.131685801,-1.10475844,-2.486999771
7/6/18,1.0885135661037302,-1.061376091,-2.424519629
7/13/18,1.0842706306055638,-1.061870662,-2.39470088
7/20/18,1.077980577167761,-1.061719478,-2.377156852
7/27/18,1.245052206148281,-1.205374321,-2.604341976
8/3/18,1.287771974020277,-1.25122667,-2.588983292
8/10/18,1.2670426413889417,-1.235639556,-2.562454824
8/17/18,1.2958389494189793,-1.274178565,-2.647674577
8/24/18,1.2861408571575244,-1.245990212,-2.644945819
8/31/18,1.2988724019128148,-1.259170563,-2.647743245
9/7/18,1.2798973323350147,-1.24734846,-2.600946285
9/14/18,1.2802735676711023,-1.250114665,-2.592705634
9/21/18,1.3397815713902412,-1.304399557,-2.654535469
9/28/18,1.3607957044469188,-1.340810652,-2.683365295
10/5/18,1.4013400709934627,-1.386860723,-2.73011849
10/12/18,1.3877627335542608,-1.379527341,-2.711897876
10/19/18,1.4075141386545267,-1.400533268,-2.757394244
10/26/18,1.3550620856842566,-1.351963038,-2.769602356
11/2/18,1.3829514238513385,-1.370186414,-2.803293988
11/9/18,1.3962377580108918,-1.39191693,-2.839885521
11/16/18,1.3562631156349456,-1.353241076,-2.819055992
11/23/18,1.317420287,-1.316953441,-2.774442854
11/30/18,1.2967223530101706,-1.273374555,-2.774139709
12/7/18,1.3172706597444246,-1.294032516,-2.934074864
12/14/18,1.287954282838616,-1.278546956,-2.94259986
12/21/18,1.2325440921394781,-1.207962247,-2.84986438
12/28/18,1.1823364163032115,-1.130743795,-2.87028556
1/4/19,1.127001682991751,-1.095698221,-2.869639965
1/11/19,1.1517601573839549,-1.100524103,-2.833968612
1/18/19,1.1445870268329899,-1.127016225,-2.792713966
1/25/19,1.0965124447224313,-1.102466626,-2.688150044
2/1/19,1.0133577707976138,-1.027780263,-2.569281719
2/8/19,0.9999578516737162,-1.008950661,-2.527665867
2/15/19,1.018019578332592,-1.034913678,-2.548994933
2/22/19,0.9982783021644378,-1.021483094,-2.523460976
3/1/19,1.0411239203574305,-1.025593714,-2.558571077
3/8/19,0.9905952767547421,-0.950145659,-2.547715039
3/15/19,0.9874619016745856,-0.964654542,-2.550307053
3/22/19,0.9312887271227153,-0.935304404,-2.494801203
3/29/19,0.904357347,-0.89720533,-2.494694854
4/5/19,0.9313229306176349,-0.9135449,-2.396169762
4/12/19,0.8957991457601839,-0.897604456,-2.341236751
4/19/19,0.9535117750604317,-0.954816309,-2.359852276
4/26/19,0.9187454247583056,-0.907704788,-2.3674752
5/3/19,0.9210564771996396,-0.907863102,-2.385134889
5/10/19,0.9022940067854097,-0.891269829,-2.341050707
5/17/19,0.8821848363687832,-0.88164901,-2.285806964
5/24/19,0.8439306015283156,-0.84239753,-2.242433063
5/31/19,0.8004431490803132,-0.787268081,-2.259796005
6/7/19,0.7500768682107883,-0.751427227,-2.223941369
6/14/19,0.7098380763967702,-0.718879765,-2.166065302
6/21/19,0.6519292476164864,-0.705261257,-2.123973681
6/28/19,0.6993456070979817,-0.72182573,-2.20622575
7/5/19,0.6606390707585603,-0.67890613,-2.168691885
7/12/19,0.7096723484740175,-0.725175695,-2.104337198
7/19/19,0.6951388811186204,-0.723601624,-2.119053076
7/26/19,0.679162403,-0.70690757,-2.138884541
8/2/19,0.6344316759129172,-0.652872938,-2.114179693
8/9/19,0.518801811,-0.555290814,-2.094965778
8/16/19,0.4877930743015483,-0.548271998,-2.054643626
8/23/19,0.5240703714578924,-0.618039103,-2.08687009
8/30/19,0.4488006271459539,-0.538753129,-2.039981446
9/6/19,0.536954619,-0.636579798,-2.11822064
9/13/19,0.6624569670137892,-0.7435309,-2.086985459
9/20/19,0.6942462760820723,-0.803526856,-2.337857659
9/27/19,0.6880270784360456,-0.799912334,-2.450626601
10/4/19,0.7214217259761654,-0.837443296,-2.507119589
10/11/19,0.750546891,-0.854521968,-2.421118293
10/18/19,0.7543680224584949,-0.81703735,-2.350182929
10/25/19,0.748956224,-0.794575644,-2.3340009
11/1/19,0.673358865,-0.728161333,-2.299564645
11/8/19,0.7796241371999314,-0.803184208,-2.108889397
11/15/19,0.7769094289884847,-0.830200691,-2.100125594
11/22/19,0.7343339026618984,-0.775840446,-2.038404411
11/29/19,0.6910519881567374,-0.697106276,-2.003992146
12/6/19,0.7103114970823888,-0.72702595,-1.82877862
12/13/19,0.6806416729662677,-0.701375199,-1.719083051
12/20/19,0.6850937003869101,-0.708224742,-1.577297688
12/27/19,0.6868417755378811,-0.705699865,-1.666017825
1/3/20,0.667015869,-0.683093401,-1.67172607
1/10/20,0.6868269966621803,-0.693411866,-1.670921992
1/17/20,0.7187478265215717,-0.737759756,-1.716418241
1/24/20,0.6606171943465575,-0.680332724,-1.687836903
1/31/20,0.6339622701193877,-0.639549154,-1.798084532
2/7/20,0.6569676653231352,-0.688880977,-1.752438365
2/14/20,0.6549405347576222,-0.688214277,-1.700062739
2/21/20,0.6038515091994072,-0.635831936,-1.717588056
2/28/20,0.5795136067995363,-0.640777406,-1.980147653
3/6/20,0.6643241228275362,-0.752541378,-2.257929027
3/13/20,0.6771567646643541,-0.788132634,-1.796126234
3/20/20,0.6738791217280325,-0.880241698,-1.131371637
3/27/20,0.6792123800132219,-0.792069849,-1.493067567
4/3/20,0.6759101261599824,-0.699342501,-1.72737149
4/10/20,0.7654032607057892,-0.828566121,-1.847759319
4/17/20,0.8258153126426178,-0.861017028,-1.924074775
4/24/20,0.7473536332508084,-0.803985401,-1.90612563
5/1/20,0.7547334721599875,-0.81137407,-1.89798306
5/8/20,0.7839312323064643,-0.843758379,-1.875402708
5/15/20,0.8081542212105474,-0.864681472,-1.900980853
5/22/20,0.7817190316774125,-0.856373999,-1.882536097
5/29/20,0.8205962334785166,-0.860038549,-1.912874967
6/5/20,0.8642860590228953,-0.931957366,-1.795553314
6/12/20,0.8604599632145741,-0.911655546,-1.947509817
6/19/20,0.8989487729513215,-0.936473053,-2.037265319
6/26/20,0.9153229635511154,-0.965336638,-2.089514764
7/3/20,0.9519476996256869,-1.011331031,-2.104826313
7/10/20,0.9262442815177637,-0.969125681,-2.127288283
7/17/20,0.955853799,-0.982738686,-2.247892423
7/24/20,0.9469360817370206,-0.962897262,-2.257894517
7/31/20,0.8774688999785537,-0.89698854,-2.123674174
8/7/20,0.8801193863121497,-0.885140433,-2.106588804
8/14/20,0.9483244780159122,-0.944767471,-2.063561652
8/21/20,0.9548158863522063,-0.940346145,-2.155432751
8/28/20,0.9405166339499368,-0.951368631,-1.994418757
9/4/20,0.9396758203970274,-0.945595055,-2.076800331
9/11/20,0.8993297100297919,-0.909153443,-2.05349992
9/18/20,0.909749317,-0.920063205,-2.118404624
9/25/20,0.9245385570998986,-0.940752222,-2.158261227
10/2/20,0.9264233736465141,-0.924509107,-2.182045798
10/9/20,0.9504771407131631,-0.946570404,-2.17392327
10/16/20,0.9459296614500324,-0.939727283,-2.22557132
10/23/20,0.9551319123149571,-0.953789987,-2.152943838
10/30/20,0.9559869412991855,-0.959015754,-2.155704407
11/6/20,0.9414520242420515,-0.938646324,-2.22114434
11/13/20,0.9826947211064516,-0.983113338,-2.276555648
11/20/20,0.936673228,-0.944351684,-2.21534289
11/27/20,0.9508637989804034,-0.945935563,-2.197765032
12/4/20,0.9670113885417002,-0.955018269,-2.224581591
12/11/20,0.9165862089568173,-0.898838265,-2.184866468
12/18/20,0.9357665736733886,-0.911720452,-2.225902812
12/25/20,0.9536580929225558,-0.931921156,-2.229485768
1/1/21,0.9545102562710285,-0.924789686,-2.229629696
1/8/21,0.9833416936669941,-0.950011633,-2.246223993
1/15/21,0.990011461,-0.971412904,-2.271989444
1/22/21,1.0240709767750753,-1.008738033,-2.327293322
1/29/21,1.0277996741321107,-0.993450866,-2.33496935
2/5/21,1.0124393186235736,-0.993282119,-2.251989481
2/12/21,1.0364835364106826,-1.021113852,-2.284453395
2/19/21,1.0382540554612052,-1.038957001,-2.133049726
2/26/21,1.1188404995750265,-1.132472019,-2.090800639
3/5/21,1.0328052391262759,-1.039991865,-2.162704475
3/12/21,1.0288088340566848,-1.039266455,-2.094742944
3/19/21,1.031181476398883,-1.036252386,-2.086447163
3/26/21,0.9984403622526599,-0.984201085,-2.145168632
4/2/21,1.0372905600052833,-1.039024399,-2.108507018
4/9/21,1.0122075706590623,-1.017131089,-2.099003371
4/16/21,0.9721677329985716,-0.984138597,-2.045887122
4/23/21,0.9592380778497711,-0.96944341,-2.076456983
4/30/21,0.9791527924149837,-0.976877197,-2.06427364
5/7/21,0.9841578325730589,-0.983158817,-2.10143952
5/14/21,0.9632715684281494,-0.974373615,-2.025922109
5/21/21,0.9896472769793855,-0.990471456,-2.086593716
5/28/21,0.9957433400886521,-1.00051847,-2.098064157
6/4/21,1.0157088537132213,-1.013149472,-2.139148891
6/11/21,0.979463067,-0.94997158,-2.255595885
6/18/21,0.9966695220358474,-0.977475055,-2.218595084
6/25/21,1.0008056074586305,-0.975621964,-2.240845896
7/2/21,1.0085910383806906,-0.961192733,-2.340377297
7/9/21,1.0200976525826018,-0.961165206,-2.458387959
7/16/21,0.9789388509507825,-0.928223188,-2.403944796
7/23/21,0.9921339199826037,-0.952559348,-2.445876745
7/30/21,0.9681397565265394,-0.929995287,-2.376865915
8/6/21,0.9604371214208596,-0.93055064,-2.350981418
8/13/21,0.9674419846992749,-0.941240535,-2.316626148
8/20/21,0.971336489,-0.945005899,-2.378655011
8/27/21,0.9809911512274914,-0.961475449,-2.317162446
9/3/21,0.948521691,-0.923583422,-2.213804407
9/10/21,0.9717657881214953,-0.944406097,-2.224007944
9/17/21,0.9831803252817999,-0.960146677,-2.222497498
9/24/21,1.0018722907247506,-0.988788541,-2.213924915
10/1/21,0.9732539085253431,-0.960461311,-2.139673791
10/8/21,0.9988138233379426,-0.985848714,-2.120432081
10/15/21,1.0062765755995429,-0.994811133,-2.158746133
10/22/21,1.0550209319367343,-1.040927158,-2.214814626
10/29/21,0.9970294904119339,-0.980516778,-2.102766019
11/5/21,0.9929859821876799,-0.960627027,-2.233846193
11/12/21,1.0367020654064212,-1.010030885,-2.282826049
11/19/21,1.0204250767274148,-1.02179276,-2.222324332
11/26/21,1.0374868415463285,-1.042399111,-2.248774965
12/3/21,1.0357665842162942,-0.998672677,-2.387410289
12/10/21,1.0265108368690359,-0.982426791,-2.361293805
12/17/21,1.029605430501088,-0.972338076,-2.432858584
12/24/21,1.0445790386332365,-0.981923033,-2.389796797
12/31/21,1.048982213450235,-0.983366016,-2.342366443
1/7/22,1.060013686344521,-1.034347645,-2.163558191
1/14/22,1.0735646845489466,-1.068807719,-2.088650506
1/21/22,1.0521414611973272,-1.041770048,-2.088131356
1/28/22,1.108961241002538,-1.070629127,-2.160391046
2/4/22,1.1749537061552482,-1.145651457,-2.161840262
2/11/22,1.2641922866912354,-1.237017581,-2.237420343
2/18/22,1.3464129793625057,-1.292013924,-2.405644973
2/25/22,1.3337165808473996,-1.2735124,-2.464819216
3/4/22,1.2712542709715704,-1.203033579,-2.541357807
3/11/22,1.2977840253288426,-1.232327196,-2.494448268
3/18/22,1.299594961569965,-1.231239567,-2.403111171
3/25/22,1.381684417059325,-1.330790166,-2.39566228
4/1/22,1.3488233339788833,-1.309222807,-2.377537881
4/8/22,1.4254558758659766,-1.415987036,-2.429382247
4/15/22,1.3676453795815948,-1.368279286,-2.278384515
4/22/22,1.4674711554148783,-1.458531565,-2.374687212
4/29/22,1.4239970178479466,-1.394317464,-2.472174575
5/6/22,1.4584851647530654,-1.430844278,-2.414796066
5/13/22,1.4465957042998225,-1.43178122,-2.449682699
5/20/22,1.449601877384993,-1.431106063,-2.511315278
5/27/22,1.462951635990585,-1.433319876,-2.596077866
6/3/22,1.5132919069888933,-1.468121224,-2.687668386
6/10/22,1.5758345190854164,-1.539449774,-2.71136277
6/17/22,1.6865576889000484,-1.694583666,-2.660127083
6/24/22,1.8078801129194488,-1.817108597,-3.013075888
7/1/22,1.7609572403266296,-1.729047427,-3.022589534
7/8/22,1.8688713199685376,-1.82924124,-3.293445839
7/15/22,1.8208135666579834,-1.798050498,-3.195063412
7/22/22,1.8382399526260418,-1.821700043,-3.324889432
7/29/22,1.812188368771587,-1.764991769,-3.503077665
8/5/22,1.7668146424731752,-1.715160131,-3.500441903
8/12/22,1.6738280795263611,-1.644522616,-3.184046434
8/19/22,1.6352264115581232,-1.610590535,-3.043669043
8/26/22,1.725613062405921,-1.72104524,-3.018976224
9/2/22,1.8471091210915451,-1.847144472,-3.137180881
9/9/22,1.9410325095492298,-1.930502356,-3.323234694
9/16/22,1.906519643854092,-1.935111982,-3.172950858
9/23/22,1.9268568911763104,-1.923590349,-3.256616805
9/30/22,2.0376098953775723,-2.004704841,-3.416505882
10/7/22,1.9797266969312377,-1.967591468,-3.369164678
10/14/22,2.125813247892126,-2.096836473,-3.575727384
10/21/22,2.3445287786570628,-2.266848761,-3.907523956
10/28/22,2.165281229271082,-2.099763213,-3.778326838
11/4/22,2.2765526072412694,-2.18761791,-3.911345164
11/11/22,2.1624399794397298,-2.060233576,-3.959548953
11/18/22,2.131004695554143,-2.024719572,-3.872264592
11/25/22,2.200240233740677,-2.104595762,-3.874112052
12/2/22,2.2106601617942685,-2.091888499,-3.885500286
12/9/22,2.1005762578899603,-2.006221501,-3.657484673
12/16/22,2.1942591368133444,-2.10738134,-3.724788535
12/23/22,2.1760688286746506,-2.122961541,-3.224117377
12/30/22,2.2732577764177386,-2.159386916,-3.20560824
1/6/23,2.2851024956193204,-2.188066305,-3.25489607
1/13/23,2.330100834179159,-2.270277361,-3.035381036
1/20/23,2.343320791177876,-2.257602241,-3.556560752
1/27/23,2.411920867924363,-2.338408686,-3.627932107
2/3/23,2.315210730707047,-2.271170332,-3.484767446
2/10/23,2.310854526,-2.324386333,-3.230230961
2/17/23,2.244365446753205,-2.302773234,-3.004247866
2/24/23,2.153162537630591,-2.214631803,-2.768322593
3/3/23,2.0665401101576264,-2.095870149,-2.695115192
3/10/23,2.0944671738361484,-2.10544443,-2.927846052
3/17/23,2.0248577561182963,-2.014979862,-3.362596057
3/24/23,2.077841967692427,-2.050036657,-3.595666453
3/31/23,1.9252871733425847,-1.915652848,-3.129082968
,,,
,,,
,,,
,,,
,,,
,,,
,,,
,,,
,,,
,,,
,,,
,,,
,,,
,,,
,,,
,,,
,,,
,,,
,,,
,,,
,,,
,,,
,,,
,,,
,,,
,,,
,,,
,,,
,,,
,,,
,,,
,,,
,,,
,,,
,,,
,,,
,,,
,,,
,,,
,,,
,,,
,,,
,,,
,,,
,,,
,,,
,,,
,,,
,,,
,,,
,,,
,,,
,,,
,,,
,,,
,,,
,,,
,,,
,,,
,,,
,,,
,,,
,,,
,,,
,,,
,,,
,,,
,,,
,,,
,,,
,,,
,,,
,,,
,,,
,,,
,,,
,,,
,,,
,,,
,,,
,,,
,,,
,,,
,,,
,,,
,,,
,,,
,,,
,,,
,,,
,,,