Security,USOSFR10 BGN Curncy
Start Date,1/1/2007 0:00
End Date,7/25/2025 0:00
Period,D
Currency,USD
Pricing Source,BGN
,
Date,PX_LAST
7/25/2025,3.8779
7/24/2025,3.8631
7/23/2025,3.84645
7/22/2025,3.81235
7/21/2025,3.83735
7/18/2025,3.86869
7/17/2025,3.9
7/16/2025,3.8958
7/15/2025,3.922
7/14/2025,3.8773
7/11/2025,3.85425
7/10/2025,3.8015
7/9/2025,3.7829
7/8/2025,3.8491
7/7/2025,3.82685
7/3/2025,3.8013
7/2/2025,3.74105
7/1/2025,3.7129
6/30/2025,3.6865
6/27/2025,3.72846
6/26/2025,3.69065
6/25/2025,3.7397
6/24/2025,3.74425
6/23/2025,3.803
6/20/2025,3.83775
6/19/2025,3.856
6/18/2025,3.8541
6/17/2025,3.8616
6/16/2025,3.91365
6/13/2025,3.86364
6/12/2025,3.844
6/11/2025,3.9036
6/10/2025,3.94761
6/9/2025,3.9534
6/6/2025,3.97819
6/5/2025,3.87405
6/4/2025,3.8399
6/3/2025,3.9252
6/2/2025,3.8986
5/30/2025,3.8577
5/29/2025,3.871
5/28/2025,3.9225
5/27/2025,3.8892
5/23/2025,3.9444
5/22/2025,3.9785
5/21/2025,4.026
5/20/2025,3.9407
5/19/2025,3.9113
5/16/2025,3.95435
5/15/2025,3.91345
5/14/2025,4.0135
5/13/2025,3.94385
5/12/2025,3.95625
5/9/2025,3.84975
5/8/2025,3.84485
5/7/2025,3.73285
5/6/2025,3.7535
5/5/2025,3.80875
5/2/2025,3.77054
5/1/2025,3.6915
4/30/2025,3.6328
4/29/2025,3.6527
4/28/2025,3.695
4/25/2025,3.724
4/24/2025,3.8048
4/23/2025,3.852
4/22/2025,3.85105
4/21/2025,3.843
4/17/2025,3.79749
4/16/2025,3.75412
4/15/2025,3.81225
4/14/2025,3.8574
4/11/2025,3.93205
4/10/2025,3.86533
4/9/2025,3.809
4/8/2025,3.69022
4/7/2025,3.65825
4/4/2025,3.51005
4/3/2025,3.5607
4/2/2025,3.69405
4/1/2025,3.73099
3/31/2025,3.7613
3/28/2025,3.7981
3/27/2025,3.912
3/26/2025,3.9007
3/25/2025,3.8765
3/24/2025,3.899
3/21/2025,3.81505
3/20/2025,3.81325
3/19/2025,3.832
3/18/2025,3.87055
3/17/2025,3.89142
3/14/2025,3.9001
3/13/2025,3.84785
3/12/2025,3.8816
3/11/2025,3.838
3/10/2025,3.76846
3/7/2025,3.869
3/6/2025,3.8531
3/5/2025,3.8555
3/4/2025,3.8182
3/3/2025,3.7401
2/28/2025,3.7897
2/27/2025,3.8393
2/26/2025,3.842
2/25/2025,3.8859
2/24/2025,4.00345
2/21/2025,4.03574
2/20/2025,4.11037
2/19/2025,4.14611
2/18/2025,4.147
2/14/2025,4.0825
2/13/2025,4.15187
2/12/2025,4.23655
2/11/2025,4.11625
2/10/2025,4.07361
2/7/2025,4.07915
2/6/2025,4.002
2/5/2025,3.97503
2/4/2025,4.05412
2/3/2025,4.10249
1/31/2025,4.085
1/30/2025,4.06
1/29/2025,4.0679
1/28/2025,4.0682
1/27/2025,4.0705
1/24/2025,4.1572
1/23/2025,4.17162
1/22/2025,4.14665
1/21/2025,4.1236
1/17/2025,4.17205
1/16/2025,4.15605
1/15/2025,4.18943
1/14/2025,4.3214
1/13/2025,4.30145
1/10/2025,4.27345
1/9/2025,4.2005
1/8/2025,4.20728
1/7/2025,4.1995
1/6/2025,4.1475
1/3/2025,4.09495
1/2/2025,4.06202
12/31/2024,4.071
12/30/2024,4.0457
12/27/2024,4.1396
12/26/2024,4.09475
12/24/2024,4.09965
12/23/2024,4.1006
12/20/2024,4.0342
12/19/2024,4.07055
12/18/2024,4.023
12/17/2024,3.91694
12/16/2024,3.91119
12/13/2024,3.904
12/12/2024,3.84
12/11/2024,3.7825
12/10/2024,3.73615
12/9/2024,3.7184
12/6/2024,3.6745
12/5/2024,3.7014
12/4/2024,3.7065
12/3/2024,3.74895
12/2/2024,3.7219
11/29/2024,3.7055
11/28/2024,3.79
11/27/2024,3.7915
11/26/2024,3.8435
11/25/2024,3.79525
11/22/2024,3.89911
11/21/2024,3.92125
11/20/2024,3.9089
11/19/2024,3.89735
11/18/2024,3.9085
11/15/2024,3.9291
11/14/2024,3.93
11/13/2024,3.94095
11/12/2024,3.9242
11/8/2024,3.832
11/7/2024,3.8437
11/6/2024,3.93585
11/5/2024,3.75777
11/4/2024,3.7737
11/1/2024,3.86685
10/31/2024,3.7752
10/30/2024,3.80575
10/29/2024,3.76575
10/28/2024,3.79562
10/25/2024,3.763
10/24/2024,3.738
10/23/2024,3.7742
10/22/2024,3.737
10/21/2024,3.7299
10/18/2024,3.61815
10/17/2024,3.6221
10/16/2024,3.5496
10/15/2024,3.5625
10/11/2024,3.6255
10/10/2024,3.59445
10/9/2024,3.6089
10/8/2024,3.547
10/7/2024,3.56185
10/4/2024,3.4968
10/3/2024,3.3762
10/2/2024,3.3153
10/1/2024,3.26475
9/30/2024,3.315
9/27/2024,3.292
9/26/2024,3.33
9/25/2024,3.32
9/24/2024,3.2718
9/23/2024,3.2971
9/20/2024,3.2888
9/19/2024,3.257
9/18/2024,3.24705
9/17/2024,3.1885
9/16/2024,3.15849
9/13/2024,3.19
9/12/2024,3.205
9/11/2024,3.1855
9/10/2024,3.175
9/9/2024,3.2294
9/6/2024,3.245
9/5/2024,3.2685
9/4/2024,3.2947
9/3/2024,3.3681
8/30/2024,3.43675
8/29/2024,3.40324
8/28/2024,3.3886
8/27/2024,3.3756
8/26/2024,3.37115
8/23/2024,3.3642
8/22/2024,3.4145
8/21/2024,3.36655
8/20/2024,3.3635
8/19/2024,3.4282
8/16/2024,3.44475
8/15/2024,3.4729
8/14/2024,3.398
8/13/2024,3.4007
8/12/2024,3.4588
8/9/2024,3.4925
8/8/2024,3.53655
8/7/2024,3.49847
8/6/2024,3.45559
8/5/2024,3.35715
8/2/2024,3.357
8/1/2024,3.5485
7/31/2024,3.603
7/30/2024,3.7015
7/29/2024,3.7384
7/26/2024,3.75215
7/25/2024,3.792
7/24/2024,3.8345
7/23/2024,3.8157
7/22/2024,3.8164
7/19/2024,3.804
7/18/2024,3.7706
7/17/2024,3.72616
7/16/2024,3.7222
7/15/2024,3.78797
7/12/2024,3.7471
7/11/2024,3.7737
7/10/2024,3.86008
7/9/2024,3.8762
7/8/2024,3.8589
7/5/2024,3.8556
7/3/2024,3.938
7/2/2024,4.0108
7/1/2024,4.046
6/28/2024,3.97905
6/27/2024,3.87965
6/26/2024,3.925
6/25/2024,3.84315
6/24/2024,3.8246
6/21/2024,3.8556
6/20/2024,3.8623
6/19/2024,3.82272
6/18/2024,3.8218
6/17/2024,3.8818
6/14/2024,3.814
6/13/2024,3.8423
6/12/2024,3.93905
6/11/2024,4.02345
6/10/2024,4.087
6/7/2024,4.0532
6/6/2024,3.9119
6/5/2024,3.90068
6/4/2024,3.95664
6/3/2024,4.0225
5/31/2024,4.1291
5/30/2024,4.18
5/29/2024,4.24725
5/28/2024,4.184
5/24/2024,4.0925
5/23/2024,4.11395
5/22/2024,4.0599
5/21/2024,4.0468
5/20/2024,4.0808
5/17/2024,4.0573
5/16/2024,4.01525
5/15/2024,3.9785
5/14/2024,4.0732
5/13/2024,4.12
5/10/2024,4.127
5/9/2024,4.0854
5/8/2024,4.1151
5/7/2024,4.08002
5/6/2024,4.1054
5/3/2024,4.1335
5/2/2024,4.2096
5/1/2024,4.26217
4/30/2024,4.3101
4/29/2024,4.242
4/26/2024,4.2936
4/25/2024,4.3326
4/24/2024,4.2682
4/23/2024,4.227
4/22/2024,4.23
4/19/2024,4.2401
4/18/2024,4.2515
4/17/2024,4.2076
4/16/2024,4.2843
4/15/2024,4.215
4/12/2024,4.1415
4/11/2024,4.2111
4/10/2024,4.17058
4/9/2024,3.9855
4/8/2024,4.0442
4/5/2024,4.02445
4/4/2024,3.9399
4/3/2024,3.9702
4/2/2024,3.97415
4/1/2024,3.9415
3/28/2024,3.8375
3/27/2024,3.8289
3/26/2024,3.8723
3/25/2024,3.8889
3/22/2024,3.8365
3/21/2024,3.9031
3/20/2024,3.9095
3/19/2024,3.9196
3/18/2024,3.9445
3/15/2024,3.928
3/14/2024,3.91242
3/13/2024,3.8124
3/12/2024,3.77894
3/11/2024,3.72755
3/8/2024,3.7038
3/7/2024,3.71145
3/6/2024,3.73062
3/5/2024,3.7745
3/4/2024,3.8365
3/1/2024,3.80645
2/29/2024,3.8733
2/28/2024,3.8844
2/27/2024,3.91875
2/26/2024,3.8958
2/23/2024,3.8756
2/22/2024,3.9564
2/21/2024,3.9551
2/20/2024,3.91463
2/16/2024,3.91705
2/15/2024,3.8762
2/14/2024,3.9
2/13/2024,3.9557
2/12/2024,3.816
2/9/2024,3.8149
2/8/2024,3.7937
2/7/2024,3.744
2/6/2024,3.72435
2/5/2024,3.7905
2/2/2024,3.6605
2/1/2024,3.52075
1/31/2024,3.54875
1/30/2024,3.6721
1/29/2024,3.71265
1/26/2024,3.7716
1/25/2024,3.7552
1/24/2024,3.8102
1/23/2024,3.7635
1/22/2024,3.7413
1/19/2024,3.75575
1/18/2024,3.7638
1/17/2024,3.7212
1/16/2024,3.6677
1/12/2024,3.5476
1/11/2024,3.58096
1/10/2024,3.6436
1/9/2024,3.6404
1/8/2024,3.661
1/5/2024,3.6515
1/4/2024,3.6119
1/3/2024,3.5232
1/2/2024,3.51605
12/29/2023,3.474
12/28/2023,3.4534
12/27/2023,3.41365
12/26/2023,3.51265
12/22/2023,3.511
12/21/2023,3.4958
12/20/2023,3.4581
12/19/2023,3.5467
12/18/2023,3.5485
12/15/2023,3.5274
12/14/2023,3.5386
12/13/2023,3.64445
12/12/2023,3.8199
12/11/2023,3.8504
12/8/2023,3.8449
12/7/2023,3.76345
12/6/2023,3.722
12/5/2023,3.7858
12/4/2023,3.87605
12/1/2023,3.83065
11/30/2023,3.95755
11/29/2023,3.8804
11/28/2023,3.957
11/27/2023,4.0367
11/24/2023,4.1185
11/23/2023,4.063
11/22/2023,4.0627
11/21/2023,4.049
11/20/2023,4.07455
11/17/2023,4.09295
11/16/2023,4.09315
11/15/2023,4.1904
11/14/2023,4.1067
11/13/2023,4.296
11/10/2023,4.30175
11/9/2023,4.266
11/8/2023,4.12215
11/7/2023,4.197
11/6/2023,4.27935
11/3/2023,4.21985
11/2/2023,4.3065
11/1/2023,4.37835
10/31/2023,4.5692
10/30/2023,4.53605
10/27/2023,4.484
10/26/2023,4.5055
10/25/2023,4.6126
10/24/2023,4.4892
10/23/2023,4.5106
10/20/2023,4.5747
10/19/2023,4.6511
10/18/2023,4.59095
10/17/2023,4.51625
10/16/2023,4.3875
10/13/2023,4.302
10/12/2023,4.38605
10/11/2023,4.25105
10/10/2023,4.35005
10/6/2023,4.4935
10/5/2023,4.40913
10/4/2023,4.42935
10/3/2023,4.48885
10/2/2023,4.3739
9/29/2023,4.265
9/28/2023,4.2765
9/27/2023,4.309
9/26/2023,4.23835
9/25/2023,4.2416
9/22/2023,4.1435
9/21/2023,4.206
9/20/2023,4.117
9/19/2023,4.063
9/18/2023,4.005
9/15/2023,4.0335
9/14/2023,3.9944
9/13/2023,3.9625
9/12/2023,3.989
9/11/2023,3.99775
9/8/2023,3.975
9/7/2023,3.959
9/6/2023,3.987
9/5/2023,3.9675
9/1/2023,3.89
8/31/2023,3.82735
8/30/2023,3.84275
8/29/2023,3.852
8/28/2023,3.9352
8/25/2023,3.9675
8/24/2023,3.9725
8/23/2023,3.92785
8/22/2023,4.0595
8/21/2023,4.0765
8/18/2023,3.991
8/17/2023,4.00875
8/16/2023,3.973
8/15/2023,3.94
8/14/2023,3.917
8/11/2023,3.87375
8/10/2023,3.82645
8/9/2023,3.72615
8/8/2023,3.731
8/7/2023,3.7965
8/4/2023,3.757
8/3/2023,3.903
8/2/2023,3.797
8/1/2023,3.75525
7/31/2023,3.699
7/28/2023,3.6985
7/27/2023,3.7422
7/26/2023,3.61725
7/25/2023,3.63275
7/24/2023,3.62785
7/21/2023,3.582
7/20/2023,3.59
7/19/2023,3.48269
7/18/2023,3.5145
7/17/2023,3.543
7/14/2023,3.573
7/13/2023,3.5
7/12/2023,3.60035
7/11/2023,3.71115
7/10/2023,3.74155
7/7/2023,3.822
7/6/2023,3.781
7/5/2023,3.6755
7/3/2023,3.6035
6/30/2023,3.5825
6/29/2023,3.5775
6/28/2023,3.4515
6/27/2023,3.5029
6/26/2023,3.468
6/23/2023,3.473
6/22/2023,3.52887
6/21/2023,3.45615
6/20/2023,3.46085
6/16/2023,3.501
6/15/2023,3.45865
6/14/2023,3.5195
6/13/2023,3.5395
6/12/2023,3.4625
6/9/2023,3.4795
6/8/2023,3.45375
6/7/2023,3.5265
6/6/2023,3.397
6/5/2023,3.42935
6/2/2023,3.45835
6/1/2023,3.3404
5/31/2023,3.386
5/30/2023,3.43
5/26/2023,3.5395
5/25/2023,3.557
5/24/2023,3.46895
5/23/2023,3.42325
5/22/2023,3.4397
5/19/2023,3.39345
5/18/2023,3.35975
5/17/2023,3.26945
5/16/2023,3.2426
5/15/2023,3.21025
5/12/2023,3.18
5/11/2023,3.10415
5/10/2023,3.1645
5/9/2023,3.24105
5/8/2023,3.2345
5/5/2023,3.176
5/4/2023,3.119
5/3/2023,3.09335
5/2/2023,3.1685
5/1/2023,3.31125
4/28/2023,3.14875
4/27/2023,3.236
4/26/2023,3.165
4/25/2023,3.1104
4/24/2023,3.2055
4/21/2023,3.286
4/20/2023,3.241
4/19/2023,3.3005
4/18/2023,3.295
4/17/2023,3.308
4/14/2023,3.2155
4/13/2023,3.14665
4/12/2023,3.095
4/11/2023,3.14115
4/10/2023,3.13725
4/7/2023,3.112
4/6/2023,3.02225
4/5/2023,3.02495
4/4/2023,3.04425
4/3/2023,3.12
3/31/2023,3.174
3/30/2023,3.259
3/29/2023,3.278
3/28/2023,3.2695
3/27/2023,3.23513
3/24/2023,3.078
3/23/2023,3.129
3/22/2023,3.174
3/21/2023,3.35525
3/20/2023,3.2225
3/17/2023,3.1755
3/16/2023,3.34
3/15/2023,3.231
3/14/2023,3.45
3/13/2023,3.292
3/10/2023,3.40395
3/9/2023,3.62762
3/8/2023,3.719
3/7/2023,3.6933
3/6/2023,3.6899
3/3/2023,3.698
3/2/2023,3.79585
3/1/2023,3.7305
2/28/2023,3.655
2/27/2023,3.645
2/24/2023,3.6775
2/23/2023,3.6
2/22/2023,3.64515
2/21/2023,3.67655
2/17/2023,3.53725
2/16/2023,3.5812
2/15/2023,3.52
2/14/2023,3.45825
2/13/2023,3.4109
2/10/2023,3.4422
2/9/2023,3.3631
2/8/2023,3.31045
2/7/2023,3.37515
2/6/2023,3.33995
2/3/2023,3.2421
2/2/2023,3.1115
2/1/2023,3.13075
1/31/2023,3.20675
1/30/2023,3.2424
1/27/2023,3.2058
1/26/2023,3.19675
1/25/2023,3.1345
1/24/2023,3.1355
1/23/2023,3.19535
1/20/2023,3.16135
1/19/2023,3.074
1/18/2023,3.06385
1/17/2023,3.23145
1/16/2023,3.1878
1/13/2023,3.18845
1/12/2023,3.1298
1/11/2023,3.21405
1/10/2023,3.28045
1/9/2023,3.196
1/6/2023,3.2191
1/5/2023,3.38725
1/4/2023,3.3555
1/3/2023,3.3985
12/30/2022,3.5575
12/29/2022,3.5031
12/28/2022,3.569
12/27/2022,3.51325
12/23/2022,3.4365
12/22/2022,3.3726
12/21/2022,3.348
12/20/2022,3.34995
12/19/2022,3.27195
12/16/2022,3.1865
12/15/2022,3.1544
12/14/2022,3.1801
12/13/2022,3.20455
12/12/2022,3.31
12/9/2022,3.2851
12/8/2022,3.1756
12/7/2022,3.107
12/6/2022,3.2088
12/5/2022,3.26215
12/2/2022,3.16335
12/1/2022,3.17675
11/30/2022,3.278
11/29/2022,3.4238
11/28/2022,3.36835
11/25/2022,3.37425
11/24/2022,3.3805
11/23/2022,3.37925
11/22/2022,3.43705
11/21/2022,3.53285
11/18/2022,3.5273
11/17/2022,3.45725
11/16/2022,3.3649
11/15/2022,3.46625
11/14/2022,3.55525
11/11/2022,3.5269
11/10/2022,3.52725
11/9/2022,3.80535
11/8/2022,3.8469
11/7/2022,3.94315
11/4/2022,3.91175
11/3/2022,3.90325
11/2/2022,3.87275
11/1/2022,3.8115
10/31/2022,3.8025
10/28/2022,3.761
10/27/2022,3.6495
10/26/2022,3.7341
10/25/2022,3.84275
10/24/2022,3.9675
10/21/2022,3.94
10/20/2022,3.964
10/19/2022,3.84725
10/18/2022,3.7124
10/17/2022,3.7182
10/14/2022,3.73245
10/13/2022,3.6624
10/12/2022,3.637
10/11/2022,3.6785
10/7/2022,3.61325
10/6/2022,3.56555
10/5/2022,3.50765
10/4/2022,3.353
10/3/2022,3.38875
9/30/2022,3.5904
9/29/2022,3.55525
9/28/2022,3.4851
9/27/2022,3.6434
9/26/2022,3.6579
9/23/2022,3.45075
9/22/2022,3.48275
9/21/2022,3.3164
9/20/2022,3.3494
9/19/2022,3.28175
9/16/2022,3.24355
9/15/2022,3.2456
9/14/2022,3.19825
9/13/2022,3.19795
9/12/2022,3.1502
9/9/2022,3.107
9/8/2022,3.1131
9/7/2022,3.0621
9/6/2022,3.149
9/5/2022,3.0097
9/2/2022,3.0042
9/1/2022,3.0663
8/31/2022,2.9985
8/30/2022,2.916
8/29/2022,2.9139
8/26/2022,2.84645
8/25/2022,2.83145
8/24/2022,2.9077
8/23/2022,2.846
8/22/2022,2.7981
8/19/2022,2.7447
8/18/2022,2.64445
8/17/2022,2.66765
8/16/2022,2.55925
8/15/2022,2.54475
8/12/2022,2.5975
8/11/2022,2.6564
8/10/2022,2.5455
8/9/2022,2.5464
8/8/2022,2.52845
8/5/2022,2.6045
8/4/2022,2.4679
8/3/2022,2.49
8/2/2022,2.5349
8/1/2022,2.3509
7/29/2022,2.43725
7/28/2022,2.467
7/27/2022,2.57865
7/26/2022,2.599
7/25/2022,2.5867
7/22/2022,2.5381
7/21/2022,2.66575
7/20/2022,2.81075
7/19/2022,2.80155
7/18/2022,2.7675
7/15/2022,2.7048
7/14/2022,2.7535
7/13/2022,2.734
7/12/2022,2.76735
7/11/2022,2.794
7/8/2022,2.89065
7/7/2022,2.803
7/6/2022,2.73025
7/5/2022,2.6021
7/4/2022,2.679
7/1/2022,2.67725
6/30/2022,2.811
6/29/2022,2.8897
6/28/2022,2.9665
6/27/2022,2.9948
6/24/2022,2.9335
6/23/2022,2.882
6/22/2022,2.9499
6/21/2022,3.065
6/20/2022,3.013
6/17/2022,3.009
6/16/2022,2.958
6/15/2022,3.0627
6/14/2022,3.26
6/13/2022,3.1559
6/10/2022,2.93975
6/9/2022,2.83025
6/8/2022,2.8121
6/7/2022,2.7736
6/6/2022,2.8459
6/3/2022,2.7344
6/2/2022,2.7067
6/1/2022,2.6962
5/31/2022,2.646
5/27/2022,2.53765
5/26/2022,2.5445
5/25/2022,2.5332
5/24/2022,2.5265
5/23/2022,2.6195
5/20/2022,2.5595
5/19/2022,2.6249
5/18/2022,2.6717
5/17/2022,2.7723
5/16/2022,2.6721
5/13/2022,2.7142
5/12/2022,2.6572
5/11/2022,2.7145
5/10/2022,2.7724
5/9/2022,2.806
5/6/2022,2.912
5/5/2022,2.8245
5/4/2022,2.7383
5/3/2022,2.766
5/2/2022,2.778
4/29/2022,2.73625
4/28/2022,2.6309
4/27/2022,2.6212
4/26/2022,2.4998
4/25/2022,2.5869
4/22/2022,2.6655
4/21/2022,2.6755
4/20/2022,2.601
4/19/2022,2.7201
4/18/2022,2.6195
4/15/2022,2.588
4/14/2022,2.593
4/13/2022,2.4697
4/12/2022,2.4911
4/11/2022,2.56575
4/8/2022,2.477
4/7/2022,2.4156
4/6/2022,2.3628
4/5/2022,2.3131
4/4/2022,2.1645
4/1/2022,2.169
3/31/2022,2.1287
3/30/2022,2.1457
3/29/2022,2.1997
3/28/2022,2.2666
3/25/2022,2.2781
3/24/2022,2.1775
3/23/2022,2.0924
3/22/2022,2.1933
3/21/2022,2.1164
3/18/2022,1.9833
3/17/2022,1.998
3/16/2022,2.02
3/15/2022,1.9631
3/14/2022,1.946
3/11/2022,1.804
3/10/2022,1.796
3/9/2022,1.7674
3/8/2022,1.6505
3/7/2022,1.5814
3/4/2022,1.543
3/3/2022,1.6597
3/2/2022,1.70175
3/1/2022,1.5369
2/28/2022,1.6478
2/25/2022,1.78025
2/24/2022,1.7887
2/23/2022,1.81215
2/22/2022,1.7607
2/21/2022,1.7412
2/18/2022,1.74105
2/17/2022,1.7744
2/16/2022,1.8534
2/15/2022,1.8605
2/14/2022,1.8099
2/11/2022,1.753
2/10/2022,1.8505
2/9/2022,1.754
2/8/2022,1.77075
2/7/2022,1.7252
2/4/2022,1.7199
2/3/2022,1.63775
2/2/2022,1.585
2/1/2022,1.5961
1/31/2022,1.58915
1/28/2022,1.587
1/27/2022,1.60825
1/26/2022,1.67025
1/25/2022,1.57575
1/24/2022,1.5697
1/21/2022,1.56
1/20/2022,1.60155
1/19/2022,1.6526
1/18/2022,1.675
1/17/2022,1.58
1/14/2022,1.58555
1/13/2022,1.49825
1/12/2022,1.53825
1/11/2022,1.539
1/10/2022,1.571
1/7/2022,1.56475
1/6/2022,1.524
1/5/2022,1.4994
1/4/2022,1.437
1/3/2022,1.4237
12/31/2021,1.32127
12/30/2021,1.3177
12/29/2021,1.3619
12/28/2021,1.2941
12/27/2021,1.289
12/24/2021,1.306
12/23/2021,1.3076
12/22/2021,1.2735
12/21/2021,1.2765
12/20/2021,1.23225
12/17/2021,1.2042
12/16/2021,1.2134
12/15/2021,1.27325
12/14/2021,1.26925
12/13/2021,1.2464
12/10/2021,1.31275
12/9/2021,1.3191
12/8/2021,1.33495
12/7/2021,1.30475
12/6/2021,1.264
12/3/2021,1.1736
12/2/2021,1.2519
12/1/2021,1.2125
11/30/2021,1.25515
11/29/2021,1.2895
11/26/2021,1.2632
11/25/2021,1.4242
11/24/2021,1.42265
11/23/2021,1.4565
11/22/2021,1.4185
11/19/2021,1.33
11/18/2021,1.36475
11/17/2021,1.37615
11/16/2021,1.41975
11/15/2021,1.4011
11/12/2021,1.355
11/11/2021,1.313
11/10/2021,1.32375
11/9/2021,1.2125
11/8/2021,1.257
11/5/2021,1.21705
11/4/2021,1.3009
11/3/2021,1.377
11/2/2021,1.31875
11/1/2021,1.31025
10/29/2021,1.3039
10/28/2021,1.31705
10/27/2021,1.3131
10/26/2021,1.3862
10/25/2021,1.4043
10/22/2021,1.39525
10/21/2021,1.45825
10/20/2021,1.4114
10/19/2021,1.38925
10/18/2021,1.349
10/15/2021,1.32295
10/14/2021,1.2732
10/13/2021,1.29925
10/12/2021,1.3479
10/11/2021,1.355
10/8/2021,1.385
10/7/2021,1.344
10/6/2021,1.2821
10/5/2021,1.285
10/4/2021,1.2405
10/1/2021,1.2289
9/30/2021,1.2557
9/29/2021,1.284
9/28/2021,1.3108
9/27/2021,1.2645
9/24/2021,1.22975
9/23/2021,1.2085
9/22/2021,1.0801
9/21/2021,1.098
9/20/2021,1.093
9/17/2021,1.1526
9/16/2021,1.127
9/15/2021,1.08375
9/14/2021,1.0625
9/13/2021,1.1007
9/10/2021,1.1195
9/9/2021,1.07715
9/8/2021,1.1165
9/7/2021,1.1409
9/3/2021,1.0903
9/2/2021,1.0516
9/1/2021,1.065
8/31/2021,1.0765
8/30/2021,1.051
8/27/2021,1.077
8/26/2021,1.11625
8/25/2021,1.10875
8/24/2021,1.05885
8/23/2021,1.01435
8/20/2021,1.019
8/19/2021,1.0093
8/18/2021,1.028
8/17/2021,1.02975
8/16/2021,1.0236
8/13/2021,1.03485
8/12/2021,1.11485
8/11/2021,1.0965
8/10/2021,1.114
8/9/2021,1.091
8/6/2021,1.074
8/5/2021,1.0015
8/4/2021,0.958
8/3/2021,0.946
8/2/2021,0.95965
7/30/2021,1.00295
7/29/2021,1.04935
7/28/2021,1.006
7/27/2021,0.99885
7/26/2021,1.04605
7/23/2021,1.0305
7/22/2021,1.03625
7/21/2021,1.04495
7/20/2021,0.96895
7/19/2021,0.91735
7/16/2021,1.033
7/15/2021,1.04195
7/14/2021,1.0937
7/13/2021,1.16355
7/12/2021,1.1105
7/9/2021,1.1155
7/8/2021,1.035
7/7/2021,1.05335
7/6/2021,1.07675
7/2/2021,1.1545
7/1/2021,1.19005
6/30/2021,1.193
6/29/2021,1.198
6/28/2021,1.19565
6/25/2021,1.23355
6/24/2021,1.2101
6/23/2021,1.2095
6/22/2021,1.1815
6/21/2021,1.201
6/18/2021,1.14905
6/17/2021,1.22695
6/16/2021,1.305
6/15/2021,1.218
6/14/2021,1.2245
6/11/2021,1.1867
6/10/2021,1.1672
6/9/2021,1.2215
6/8/2021,1.263
6/7/2021,1.2945
6/4/2021,1.2834
6/3/2021,1.3542
6/2/2021,1.3181
6/1/2021,1.339
5/28/2021,1.3233
5/27/2021,1.32835
5/26/2021,1.29555
5/25/2021,1.2765
5/24/2021,1.326
5/21/2021,1.34575
5/20/2021,1.35315
5/19/2021,1.38855
5/18/2021,1.357
5/17/2021,1.36155
5/14/2021,1.34925
5/13/2021,1.35525
5/12/2021,1.41605
5/11/2021,1.3446
5/10/2021,1.326
5/7/2021,1.31
5/6/2021,1.31065
5/5/2021,1.30955
5/4/2021,1.33525
5/3/2021,1.3445
4/30/2021,1.374
4/29/2021,1.3839
4/28/2021,1.3595
4/27/2021,1.36495
4/26/2021,1.307
4/23/2021,1.306
4/22/2021,1.2875
4/21/2021,1.29635
4/20/2021,1.29655
4/19/2021,1.33355
4/16/2021,1.312
4/15/2021,1.3128
4/14/2021,1.371
4/13/2021,1.36045
4/12/2021,1.42445
4/9/2021,1.42715
4/8/2021,1.38435
4/7/2021,1.4455
4/6/2021,1.4298
4/5/2021,1.4774
4/2/2021,1.503
4/1/2021,1.45535
3/31/2021,1.52245
3/30/2021,1.47885
3/29/2021,1.48315
3/26/2021,1.45215
3/25/2021,1.40825
3/24/2021,1.38
3/23/2021,1.38145
3/22/2021,1.4573
3/19/2021,1.49515
3/18/2021,1.446
3/17/2021,1.4075
3/16/2021,1.3715
3/15/2021,1.3695
3/12/2021,1.39455
3/11/2021,1.3127
3/10/2021,1.28475
3/9/2021,1.2985
3/8/2021,1.3795
3/5/2021,1.3776
3/4/2021,1.3955
3/3/2021,1.314
3/2/2021,1.2235
3/1/2021,1.2605
2/26/2021,1.233
2/25/2021,1.3321
2/24/2021,1.19475
2/23/2021,1.1893
2/22/2021,1.21125
2/19/2021,1.186
2/18/2021,1.1375
2/17/2021,1.11375
2/16/2021,1.1668
2/12/2021,1.0529
2/11/2021,1.0021
2/10/2021,0.96755
2/9/2021,1.00195
2/8/2021,1.01965
2/5/2021,1.00715
2/4/2021,0.98
2/3/2021,0.966
2/2/2021,0.9201
2/1/2021,0.89665
1/29/2021,0.8795
1/28/2021,0.858
1/27/2021,0.82645
1/26/2021,0.83885
1/25/2021,0.8315
1/22/2021,0.8831
1/21/2021,0.89195
1/20/2021,0.86
1/19/2021,0.871
1/15/2021,0.8687
1/14/2021,0.916
1/13/2021,0.88215
1/12/2021,0.92865
1/11/2021,0.93475
1/8/2021,0.9096
1/7/2021,0.8647
1/6/2021,0.811
1/5/2021,0.736
1/4/2021,0.69365
12/31/2020,0.705
12/30/2020,0.721
12/29/2020,0.7399
12/28/2020,0.7283
12/24/2020,0.726
12/23/2020,0.7396
12/22/2020,0.7115
12/21/2020,0.72425
12/18/2020,0.73425
12/17/2020,0.71785
12/16/2020,0.70025
12/15/2020,0.695
12/14/2020,0.684
12/11/2020,0.677
12/10/2020,0.69
12/9/2020,0.7191
12/8/2020,0.7034
12/7/2020,0.69985
12/4/2020,0.74115
12/3/2020,0.68225
12/2/2020,0.71105
12/1/2020,0.716
11/30/2020,0.62905
11/27/2020,0.609
11/26/2020,0.652
11/25/2020,0.65145
11/24/2020,0.64845
11/23/2020,0.61935
11/20/2020,0.58655
11/19/2020,0.6003
11/18/2020,0.63475
11/17/2020,0.61855
11/16/2020,0.66555
11/13/2020,0.65025
11/12/2020,0.6312
11/11/2020,0.727
11/10/2020,0.72865
11/9/2020,0.6941
11/6/2020,0.59785
11/5/2020,0.54785
11/4/2020,0.55
11/3/2020,0.6659
11/2/2020,0.6165
10/30/2020,0.653
10/29/2020,0.6075
10/28/2020,0.5616
10/27/2020,0.55505
10/26/2020,0.58975
10/23/2020,0.6339
10/22/2020,0.647
10/21/2020,0.6121
10/20/2020,0.5768
10/19/2020,0.559
10/16/2020,0.5365
10/15/2020,0.5287
10/14/2020,0.51925
10/13/2020,0.52125
10/12/2020,0.568
10/9/2020,0.56475
10/8/2020,0.57525
10/7/2020,0.5755
10/6/2020,0.5243
10/5/2020,0.563
10/2/2020,0.4885
10/1/2020,0.467
9/30/2020,0.474
9/29/2020,0.4458
9/28/2020,0.4458
9/25/2020,0.4465
9/24/2020,0.4482
9/23/2020,0.4545
9/22/2020,0.4515
9/21/2020,0.4463
9/18/2020,0.4748
9/17/2020,0.459
9/16/2020,0.471
9/15/2020,0.455
9/14/2020,0.452
9/11/2020,0.448
9/10/2020,0.456
9/9/2020,0.475
9/8/2020,0.4515
9/7/2020,0.498
9/4/2020,0.495
9/3/2020,0.4273
9/2/2020,0.438
9/1/2020,0.449
8/31/2020,0.4785
8/28/2020,0.5013
8/27/2020,0.5195
8/26/2020,0.462
8/25/2020,0.4518
8/24/2020,0.4083
8/21/2020,0.3978
8/20/2020,0.4132
8/19/2020,0.4298
8/18/2020,0.4133
8/17/2020,0.4363
8/14/2020,0.4648
8/13/2020,0.4581
8/12/2020,0.428
8/11/2020,0.4013
8/10/2020,0.352
8/7/2020,0.328
8/6/2020,0.298
8/5/2020,0.3028
8/4/2020,0.2612
8/3/2020,0.3033
7/31/2020,0.2695
7/30/2020,0.2903
7/29/2020,0.3143
7/28/2020,0.3193
7/27/2020,0.351
7/24/2020,0.328
7/23/2020,0.315
7/22/2020,0.3273
7/21/2020,0.3282
7/20/2020,0.335
7/17/2020,0.358
7/16/2020,0.3411
7/15/2020,0.3521
7/14/2020,0.3428
7/13/2020,0.3397
7/10/2020,0.3742
7/9/2020,0.337
7/8/2020,0.3799
7/7/2020,0.3511
7/6/2020,0.3886
7/3/2020,0.399
7/2/2020,0.383
7/1/2020,0.3914
6/30/2020,0.379
6/29/2020,0.3424
6/26/2020,0.3583
6/25/2020,0.406
6/24/2020,0.401
6/23/2020,0.4316
6/22/2020,0.424
6/19/2020,0.4038
6/18/2020,0.423
6/17/2020,0.4433
6/16/2020,0.4679
6/15/2020,0.4437
6/12/2020,0.426
6/11/2020,0.3906
6/10/2020,0.4569
6/9/2020,0.54875
6/8/2020,0.5872
6/5/2020,0.6057
6/4/2020,0.5404
6/3/2020,0.4659
6/2/2020,0.409
6/1/2020,0.3876
5/29/2020,0.3875
5/28/2020,0.4209
5/27/2020,0.41
5/26/2020,0.434
5/25/2020,0.396
5/22/2020,0.396
5/21/2020,0.4023
5/20/2020,0.3983
5/19/2020,0.4004
5/18/2020,0.436
5/15/2020,0.3488
5/14/2020,0.314
5/13/2020,0.33
5/12/2020,0.3467
5/11/2020,0.3815
5/8/2020,0.3675
5/7/2020,0.33
5/6/2020,0.3919
5/5/2020,0.3854
5/4/2020,0.3738
5/1/2020,0.3624
4/30/2020,0.3885
4/29/2020,0.38
4/28/2020,0.36
4/27/2020,0.4112
4/24/2020,0.3591
4/23/2020,0.3661
4/22/2020,0.3931
4/21/2020,0.3695
4/20/2020,0.4125
4/17/2020,0.456
4/16/2020,0.4451
4/15/2020,0.4433
4/14/2020,0.5713
4/13/2020,0.5838
4/10/2020,0.573
4/9/2020,0.557
4/8/2020,0.5567
4/7/2020,0.5068
4/6/2020,0.4568
4/3/2020,0.403
4/2/2020,0.3962
4/1/2020,0.414
3/31/2020,0.4507
3/30/2020,0.4649
3/27/2020,0.376
3/26/2020,0.51
3/25/2020,0.547
3/24/2020,0.4765
3/23/2020,0.421
3/20/2020,0.4636
3/19/2020,0.6974
3/18/2020,0.8029
3/17/2020,0.739
3/16/2020,0.5062
3/13/2020,0.7039
3/12/2020,0.5837
3/11/2020,0.6499
3/10/2020,0.6045
3/9/2020,0.3887
3/6/2020,0.618
3/5/2020,0.673
3/4/2020,0.814
3/3/2020,0.7499
3/2/2020,0.916
2/28/2020,0.8745
2/27/2020,0.975
2/26/2020,1.0726
2/25/2020,1.071
2/24/2020,1.0875
2/21/2020,1.177
2/20/2020,1.2231
2/19/2020,1.2786
2/18/2020,1.2765
2/17/2020,1.3107
2/14/2020,1.3107
2/13/2020,1.3481
2/12/2020,1.3761
2/11/2020,1.341
2/10/2020,1.312
2/7/2020,1.335
2/6/2020,1.3855
2/5/2020,1.3895
2/4/2020,1.329
2/3/2020,1.2615
1/31/2020,1.2245
1/30/2020,1.303
1/29/2020,1.305
1/28/2020,1.3715
1/27/2020,1.319
1/24/2020,1.402
1/23/2020,1.442
1/22/2020,1.481
1/21/2020,1.496
1/20/2020,1.5226
1/17/2020,1.535
1/16/2020,1.5226
1/15/2020,1.5159
1/14/2020,1.534
1/13/2020,1.556
1/10/2020,1.536
1/9/2020,1.5705
1/8/2020,1.584
1/7/2020,1.529
1/6/2020,1.518
1/3/2020,1.516
1/2/2020,1.615
12/31/2019,1.66375
12/30/2019,1.611
12/27/2019,1.601
12/26/2019,1.615
12/24/2019,1.628
12/23/2019,1.65
12/20/2019,1.641
12/19/2019,1.631
12/18/2019,1.627
12/17/2019,1.5943
12/16/2019,1.5886
12/13/2019,1.523
12/12/2019,1.583
12/11/2019,1.487
12/10/2019,1.536
12/9/2019,1.522
12/6/2019,1.54
12/5/2019,1.5014
12/4/2019,1.473
12/3/2019,1.4
12/2/2019,1.51
11/29/2019,1.4735
11/27/2019,1.452
11/26/2019,1.425
11/25/2019,1.4225
11/22/2019,1.437
11/21/2019,1.4231
11/20/2019,1.412
11/19/2019,1.4412
11/18/2019,1.48
11/15/2019,1.4918
11/14/2019,1.4759
11/13/2019,1.556
11/12/2019,1.5819
11/11/2019,1.5802
11/8/2019,1.614
11/7/2019,1.5913
11/6/2019,1.4939
11/5/2019,1.536
11/4/2019,1.4545
11/1/2019,1.396
10/31/2019,1.356
10/30/2019,1.447
10/29/2019,1.507
10/28/2019,1.516
10/25/2019,1.4656
10/24/2019,1.449
10/23/2019,1.446
10/22/2019,1.452
10/21/2019,1.498
10/18/2019,1.442
10/17/2019,1.4213
10/16/2019,1.425
10/15/2019,1.454
10/11/2019,1.416
10/10/2019,1.331
10/9/2019,1.224
10/8/2019,1.2039
10/7/2019,1.237
10/4/2019,1.2084
10/3/2019,1.1984
10/2/2019,1.2676
10/1/2019,1.3011
9/30/2019,1.3283
9/27/2019,1.3389
9/26/2019,1.3185
9/25/2019,1.347
9/24/2019,1.277
9/23/2019,1.369
9/20/2019,1.391
9/19/2019,1.405
9/18/2019,1.414
9/17/2019,1.435
9/16/2019,1.468
9/13/2019,1.5226
9/12/2019,1.403
9/11/2019,1.367
9/10/2019,1.367
9/9/2019,1.2662
9/6/2019,1.185
9/5/2019,1.1866
9/4/2019,1.095
9/3/2019,1.09
9/2/2019,1.1341
8/30/2019,1.1304
8/29/2019,1.1434
8/28/2019,1.1184
8/27/2019,1.1373
8/26/2019,1.193
8/23/2019,1.206
8/22/2019,1.291
8/21/2019,1.247
8/20/2019,1.2102
8/19/2019,1.2584
8/16/2019,1.198
8/15/2019,1.176
8/14/2019,1.232
8/13/2019,1.3413
8/12/2019,1.3053
8/9/2019,1.3613
8/8/2019,1.358
8/7/2019,1.367
8/6/2019,1.371
8/5/2019,1.3288
8/2/2019,1.507
8/1/2019,1.555
7/31/2019,1.6822
7/30/2019,1.7054
7/29/2019,1.729
7/26/2019,1.7303
7/25/2019,1.7325
7/24/2019,1.6969
7/23/2019,1.7263
7/22/2019,1.706
7/19/2019,1.7023
7/18/2019,1.6799
7/17/2019,1.7241
7/16/2019,1.782
7/15/2019,1.7682
7/12/2019,1.8056
7/11/2019,1.8166
7/10/2019,1.7254
7/9/2019,1.7423
7/8/2019,1.7062
7/5/2019,1.7217
7/4/2019,1.6384
7/3/2019,1.6377
7/2/2019,1.6605
7/1/2019,1.716
6/28/2019,1.699
6/27/2019,1.706
6/26/2019,1.6908
6/25/2019,1.6581
6/24/2019,1.6637
6/21/2019,1.7203
6/20/2019,1.6274
6/19/2019,1.693
6/18/2019,1.7179
6/17/2019,1.7585
6/14/2019,1.7283
6/13/2019,1.763
6/12/2019,1.7913
6/11/2019,1.854
6/10/2019,1.835
6/7/2019,1.791
6/6/2019,1.8262
6/5/2019,1.8365
6/4/2019,1.826
6/3/2019,1.7538
5/31/2019,1.8108
5/30/2019,1.8998
5/29/2019,1.9444
5/28/2019,1.9479
5/27/2019,1.9895
5/24/2019,1.9875
5/23/2019,1.9895
5/22/2019,2.101
5/21/2019,2.1041
5/20/2019,2.0638
5/17/2019,2.065
5/16/2019,2.0579
5/15/2019,2.0416
5/14/2019,2.0929
5/13/2019,2.086
5/10/2019,2.1627
5/9/2019,2.1377
5/8/2019,2.177
5/7/2019,2.1528
5/6/2019,2.1627
5/3/2019,2.2283
5/2/2019,2.24555
5/1/2019,2.2099
4/30/2019,2.20388
4/29/2019,2.22754
4/26/2019,2.20416
4/25/2019,2.24082
4/24/2019,2.22283
4/23/2019,2.26748
4/22/2019,2.29235
4/19/2019,2.27027
4/18/2019,2.27245
4/17/2019,2.30393
4/16/2019,2.2995
4/15/2019,2.26588
4/12/2019,2.27114
4/11/2019,2.20245
4/10/2019,2.1631
4/9/2019,2.19935
4/8/2019,2.21588
4/5/2019,2.18943
4/4/2019,2.20636
4/3/2019,2.20746
4/2/2019,2.16285
4/1/2019,2.2019
3/29/2019,2.11094
3/28/2019,2.10281
3/27/2019,2.05945
3/26/2019,2.10526
3/25/2019,2.07029
3/22/2019,2.1322
3/21/2019,2.2362
3/20/2019,2.23051
3/19/2019,2.31565
3/18/2019,2.30573
3/15/2019,2.29279
3/14/2019,2.33093
3/13/2019,2.32285
3/12/2019,2.30914
3/11/2019,2.35375
3/8/2019,2.34655
3/7/2019,2.35054
3/6/2019,2.40319
3/5/2019,2.41937
3/4/2019,2.41893
3/1/2019,2.45054
2/28/2019,2.41417
2/27/2019,2.37604
2/26/2019,2.32425
2/25/2019,2.34659
2/22/2019,2.34494
2/21/2019,2.3804
2/20/2019,2.34599
2/19/2019,2.32806
2/18/2019,2.36121
2/15/2019,2.3587
2/14/2019,2.35077
2/13/2019,2.39032
2/12/2019,2.37437
2/11/2019,2.34159
2/8/2019,2.32216
2/7/2019,2.33775
2/6/2019,2.37615
2/5/2019,2.37891
2/4/2019,2.40758
2/1/2019,2.37229
1/31/2019,2.3191
1/30/2019,2.37106
1/29/2019,2.39905
1/28/2019,2.42971
1/25/2019,2.44428
1/24/2019,2.39824
1/23/2019,2.41806
1/22/2019,2.4163
1/21/2019,2.46731
1/18/2019,2.46534
1/17/2019,2.42503
1/16/2019,2.40052
1/15/2019,2.3866
1/14/2019,2.37677
1/11/2019,2.37444
1/10/2019,2.41389
1/9/2019,2.38986
1/8/2019,2.413
1/7/2019,2.37984
1/4/2019,2.35092
1/3/2019,2.23121
1/2/2019,2.32257
1/1/2019,2.38481
12/31/2018,2.3823
12/28/2018,2.41668
12/27/2018,2.46056
12/26/2018,2.48902
12/25/2018,2.42186
12/24/2018,2.42063
12/21/2018,2.48562
12/20/2018,2.49558
12/19/2018,2.42855
12/18/2018,2.48569
12/17/2018,2.53144
12/14/2018,2.56346
12/13/2018,2.58758
12/12/2018,2.58433
12/11/2018,2.54806
12/10/2018,2.52117
12/7/2018,2.52403
12/6/2018,2.60063
12/5/2018,2.61423
12/4/2018,2.61752
12/3/2018,2.66794
11/30/2018,2.68433
11/29/2018,2.72008
11/28/2018,2.73007
11/27/2018,2.75019
11/26/2018,2.73192
11/23/2018,2.71882
11/22/2018,2.74242
11/21/2018,2.74283
11/20/2018,2.74427
11/19/2018,2.73534
11/16/2018,2.7415
11/15/2018,2.79354
11/14/2018,2.81897
11/13/2018,2.83425
11/12/2018,2.87333
11/9/2018,2.87393
11/8/2018,2.92169
11/7/2018,2.91639
11/6/2018,2.90871
11/5/2018,2.88199
11/2/2018,2.88842
11/1/2018,2.80728
10/31/2018,2.82354
10/30/2018,2.79895
10/29/2018,2.75836
10/26/2018,2.74521
10/25/2018,2.78108
10/24/2018,2.77293
10/23/2018,2.84086
10/22/2018,2.86507
10/19/2018,2.85652
10/18/2018,2.83922
10/17/2018,2.87467
10/16/2018,2.837
10/15/2018,2.82695
10/12/2018,2.83558
10/11/2018,2.82409
10/10/2018,2.84651
10/9/2018,2.90163
10/8/2018,2.91724
10/5/2018,2.92026
10/4/2018,2.87924
10/3/2018,2.86776
10/2/2018,2.75443
10/1/2018,2.7739
9/28/2018,2.75755
9/27/2018,2.74643
9/26/2018,2.74184
9/25/2018,2.78136
9/24/2018,2.78087
9/21/2018,2.76357
9/20/2018,2.76817
9/19/2018,2.76892
9/18/2018,2.76313
9/17/2018,2.69259
9/14/2018,2.70143
9/13/2018,2.67987
9/12/2018,2.66108
9/11/2018,2.66974
9/10/2018,2.61003
9/7/2018,2.62906
9/6/2018,2.56558
9/5/2018,2.57938
9/4/2018,2.56835
8/31/2018,2.53213
8/30/2018,2.53598
8/29/2018,2.56687
8/28/2018,2.56561
8/27/2018,2.5393
8/24/2018,2.50574
8/23/2018,2.51975
8/22/2018,2.51088
8/21/2018,2.51661
8/20/2018,2.5061
8/17/2018,2.54764
8/16/2018,2.54773
8/15/2018,2.54372
8/14/2018,2.58569
8/13/2018,2.56332
8/10/2018,2.55493
8/9/2018,2.60048
8/8/2018,2.63229
8/7/2018,2.64391
8/6/2018,2.61665
8/3/2018,2.62941
8/2/2018,2.66575
8/1/2018,2.682
7/31/2018,2.63768
7/30/2018,2.65669
7/27/2018,2.63833
7/26/2018,2.65643
7/25/2018,2.64626
7/24/2018,2.6233
7/23/2018,2.62309
7/20/2018,2.56446
7/19/2018,2.5072
7/18/2018,2.538
7/17/2018,2.51366
7/16/2018,2.51033
7/13/2018,2.47804
7/12/2018,2.50216
7/11/2018,2.50613
7/10/2018,2.51017
7/9/2018,2.51993
7/6/2018,2.48698
7/5/2018,2.48893
7/4/2018,2.4887
7/3/2018,2.48584
7/2/2018,2.5217
6/29/2018,2.51392
6/28/2018,2.4929
6/27/2018,2.48334
6/26/2018,2.539
6/25/2018,2.53995
6/22/2018,2.5563
6/21/2018,2.55512
6/20/2018,2.59236
6/19/2018,2.54514
6/18/2018,2.56978
6/15/2018,2.56437
6/14/2018,2.57958
6/13/2018,2.60877
6/12/2018,2.59749
6/11/2018,2.57647
6/8/2018,2.56904
6/7/2018,2.54351
6/6/2018,2.59018
6/5/2018,2.54708
6/4/2018,2.55761
6/1/2018,2.51662
5/31/2018,2.47398
5/30/2018,2.46423
5/29/2018,2.38602
5/25/2018,2.5512
5/24/2018,2.58762
5/23/2018,2.60116
5/22/2018,2.67131
5/21/2018,2.68537
5/18/2018,2.68125
5/17/2018,2.72996
5/16/2018,2.7218
5/15/2018,2.70313
5/14/2018,2.63053
5/11/2018,2.58549
5/10/2018,2.57713
5/9/2018,2.5936
5/8/2018,2.5688
5/7/2018,2.54226
5/4/2018,2.53729
5/3/2018,2.53469
5/2/2018,2.55363
5/1/2018,2.55284
4/30/2018,2.54217
4/27/2018,2.54483
4/26/2018,2.56644
4/25/2018,2.6083
4/24/2018,2.57867
4/23/2018,2.55544
4/20/2018,2.54854
4/19/2018,2.4895
4/18/2018,2.4546
4/17/2018,2.41592
4/16/2018,2.40658
4/13/2018,2.41044
4/12/2018,2.43057
4/11/2018,2.37974
4/10/2018,2.39122
4/9/2018,2.36067
4/6/2018,2.36012
4/5/2018,2.42611
4/4/2018,2.40319
4/3/2018,2.37145
4/2/2018,2.33885
3/30/2018,2.35192
3/29/2018,2.34941
3/28/2018,2.38656
3/27/2018,2.37395
3/26/2018,2.45035
3/23/2018,2.41199
3/22/2018,2.43638
3/21/2018,2.48582
3/20/2018,2.49117
3/19/2018,2.45011
3/16/2018,2.4352
3/15/2018,2.43427
3/14/2018,2.38775
3/13/2018,2.40813
3/12/2018,2.44297
3/9/2018,2.48402
3/8/2018,2.47031
3/7/2018,2.49042
3/6/2018,2.4922
3/5/2018,2.47782
3/2/2018,2.47229
3/1/2018,2.40923
2/28/2018,2.45586
2/27/2018,2.48202
2/26/2018,2.4354
2/23/2018,2.45365
2/22/2018,2.50227
2/21/2018,2.53282
2/20/2018,2.46864
2/19/2018,2.459
2/16/2018,2.45755
2/15/2018,2.49065
2/14/2018,2.48882
2/13/2018,2.40934
2/12/2018,2.43102
2/9/2018,2.40869
2/8/2018,2.39468
2/7/2018,2.43135
2/6/2018,2.41851
2/5/2018,2.31739
2/2/2018,2.47851
2/1/2018,2.43848
1/31/2018,2.35611
1/30/2018,2.36261
1/29/2018,2.33603
1/26/2018,2.30587
1/25/2018,2.26329
1/24/2018,2.3062
1/23/2018,2.27372
1/22/2018,2.32743
1/19/2018,2.34314
1/18/2018,2.25824
1/17/2018,2.22786
1/16/2018,2.17875
1/12/2018,2.17674
1/11/2018,2.16417
1/10/2018,2.17707
1/9/2018,2.18065
1/8/2018,2.10724
1/5/2018,2.11012
1/4/2018,2.08972
1/3/2018,2.07298
1/2/2018,2.08271
12/29/2017,2.03821
12/28/2017,2.06019
12/27/2017,2.03289
12/26/2017,2.08592
12/22/2017,2.09738
12/21/2017,2.10439
12/20/2017,2.11798
12/19/2017,2.09112
12/18/2017,2.03229
12/15/2017,1.99137
12/14/2017,1.9919
12/13/2017,1.99027
12/12/2017,2.05571
12/11/2017,2.05046
12/8/2017,2.0358
12/7/2017,2.02619
12/6/2017,2.00953
12/5/2017,2.01891
12/4/2017,2.04435
12/1/2017,2.02356
11/30/2017,2.06827
11/29/2017,2.0439
11/28/2017,1.98171
11/27/2017,1.97826
11/24/2017,1.99872
11/23/2017,1.98259
11/22/2017,1.97904
11/21/2017,2.01312
11/20/2017,2.02081
11/17/2017,2.0052
11/16/2017,2.03539
11/15/2017,1.97858
11/14/2017,2.02103
11/13/2017,2.05591
11/10/2017,2.0422
11/9/2017,1.98024
11/8/2017,1.96421
11/7/2017,1.95026
11/6/2017,1.95422
11/3/2017,1.97968
11/2/2017,1.99647
11/1/2017,2.02353
10/31/2017,2.02041
10/30/2017,2.01448
10/27/2017,2.04723
10/26/2017,2.10228
10/25/2017,2.07703
10/24/2017,2.06454
10/23/2017,2.003
10/20/2017,2.02458
10/19/2017,1.96403
10/18/2017,1.99019
10/17/2017,1.94433
10/16/2017,1.93518
10/13/2017,1.88449
10/12/2017,1.92304
10/11/2017,1.94969
10/10/2017,1.96219
10/6/2017,1.96229
10/5/2017,1.95208
10/4/2017,1.93438
10/3/2017,1.93553
10/2/2017,1.95368
9/29/2017,1.94413
9/28/2017,1.92326
9/27/2017,1.92765
9/26/2017,1.85705
9/25/2017,1.84328
9/22/2017,1.87677
9/21/2017,1.90626
9/20/2017,1.89403
9/19/2017,1.86627
9/18/2017,1.8554
9/15/2017,1.83207
9/14/2017,1.81213
9/13/2017,1.80312
9/12/2017,1.77407
9/11/2017,1.74184
9/8/2017,1.66572
9/7/2017,1.6525
9/6/2017,1.71401
9/5/2017,1.65871
9/1/2017,1.76853
8/31/2017,1.71628
8/30/2017,1.72328
8/29/2017,1.71392
8/28/2017,1.73933
8/25/2017,1.75241
8/24/2017,1.77833
8/23/2017,1.74837
8/22/2017,1.79751
8/21/2017,1.77014
8/18/2017,1.78752
8/17/2017,1.7783
8/16/2017,1.81929
8/15/2017,1.86745
8/14/2017,1.81839
8/11/2017,1.79381
8/10/2017,1.80834
8/9/2017,1.85981
8/8/2017,1.86748
8/7/2017,1.85294
8/4/2017,1.86683
8/3/2017,1.83702
8/2/2017,1.88304
8/1/2017,1.8604
7/31/2017,1.90498
7/28/2017,1.90446
7/27/2017,1.93088
7/26/2017,1.90881
7/25/2017,1.95753
7/24/2017,1.87764
7/21/2017,1.86195
7/20/2017,1.88576
7/19/2017,1.89308
7/18/2017,1.86027
7/17/2017,1.91143
7/14/2017,1.93416
7/13/2017,1.95148
7/12/2017,1.933
7/11/2017,1.97736
7/10/2017,2.00575
7/7/2017,2.02688
7/6/2017,2.02035
7/5/2017,1.98343
7/3/2017,2.00044
6/30/2017,1.9612
6/29/2017,1.92452
6/28/2017,1.89017
6/27/2017,1.86051
6/26/2017,1.79878
6/23/2017,1.78793
6/22/2017,1.76782
6/21/2017,1.78923
6/20/2017,1.79228
6/19/2017,1.82143
6/16/2017,1.79461
6/15/2017,1.81741
6/14/2017,1.78864
6/13/2017,1.86111
6/12/2017,1.8374
6/9/2017,1.83745
6/8/2017,1.83173
6/7/2017,1.81579
6/6/2017,1.79068
6/5/2017,1.82317
6/2/2017,1.80189
6/1/2017,1.85582
5/31/2017,1.84583
5/30/2017,1.85779
5/29/2017,1.88534
5/26/2017,1.88869
5/25/2017,1.88848
5/24/2017,1.87318
5/23/2017,1.9006
5/22/2017,1.86576
5/19/2017,1.84607
5/18/2017,1.82908
5/17/2017,1.81761
5/16/2017,1.9196
5/15/2017,1.93295
5/12/2017,1.92925
5/11/2017,1.98716
5/10/2017,2.00113
5/9/2017,1.98934
5/8/2017,1.97686
5/5/2017,1.93045
5/4/2017,1.94449
5/3/2017,1.91114
5/2/2017,1.88227
5/1/2017,1.92014
4/28/2017,1.8907
4/27/2017,1.90349
4/26/2017,1.90945
4/25/2017,1.9415
4/24/2017,1.86824
4/21/2017,1.82747
4/20/2017,1.81718
4/19/2017,1.778
4/18/2017,1.7436
4/17/2017,1.83156
4/14/2017,1.82879
4/13/2017,1.82854
4/12/2017,1.82405
4/11/2017,1.87674
4/10/2017,1.95001
4/7/2017,1.97642
4/6/2017,1.93847
4/5/2017,1.93501
4/4/2017,1.96603
4/3/2017,1.92707
3/31/2017,2.00685
3/30/2017,2.03027
3/29/2017,1.9795
3/28/2017,2.00138
3/27/2017,1.97032
3/24/2017,2.02065
3/23/2017,2.02585
3/22/2017,1.9882
3/21/2017,1.99438
3/20/2017,2.029
3/17/2017,2.06707
3/16/2017,2.08882
3/15/2017,2.03991
3/14/2017,2.14654
3/13/2017,2.17445
3/10/2017,2.12907
3/9/2017,2.15516
3/8/2017,2.10351
3/7/2017,2.05092
3/6/2017,2.04808
3/3/2017,2.03502
3/2/2017,2.02912
3/1/2017,1.98678
2/28/2017,1.93846
2/27/2017,1.90694
2/24/2017,1.85047
2/23/2017,1.91164
2/22/2017,1.95093
2/21/2017,1.97602
2/20/2017,1.94326
2/17/2017,1.94226
2/16/2017,1.95702
2/15/2017,1.99601
2/14/2017,1.96671
2/13/2017,1.93353
2/10/2017,1.90045
2/9/2017,1.88434
2/8/2017,1.82061
2/7/2017,1.8902
2/6/2017,1.91296
2/3/2017,1.95883
2/2/2017,1.95848
2/1/2017,1.95356
1/31/2017,1.93636
1/30/2017,1.96885
1/27/2017,1.97046
1/26/2017,1.98661
1/25/2017,1.98256
1/24/2017,1.93326
1/23/2017,1.87525
1/20/2017,1.93232
1/19/2017,1.94156
1/18/2017,1.88408
1/17/2017,1.76913
1/16/2017,1.84486
1/13/2017,1.84985
1/12/2017,1.82187
1/11/2017,1.82969
1/10/2017,1.83558
1/9/2017,1.82504
1/6/2017,1.88959
1/5/2017,1.81071
1/4/2017,1.88715
1/3/2017,1.91278
1/2/2017,1.93668
12/30/2016,1.93954
12/29/2016,1.9714
12/28/2016,1.99958
12/27/2016,2.04554
12/26/2016,2.02877
12/23/2016,2.02812
12/22/2016,2.04252
12/21/2016,2.02984
12/20/2016,2.05036
12/19/2016,2.03034
12/16/2016,2.08548
12/15/2016,2.09337
12/14/2016,2.04519
12/13/2016,1.93098
12/12/2016,1.94817
12/9/2016,1.9433
12/8/2016,1.88416
12/7/2016,1.80577
12/6/2016,1.8587
12/5/2016,1.85596
12/2/2016,1.84345
12/1/2016,1.90323
11/30/2016,1.83132
11/29/2016,1.74337
11/28/2016,1.76891
11/25/2016,1.80976
11/24/2016,1.79721
11/23/2016,1.79647
11/22/2016,1.75819
11/21/2016,1.76768
11/18/2016,1.81034
11/17/2016,1.75591
11/16/2016,1.68753
11/15/2016,1.69144
11/14/2016,1.73919
11/11/2016,1.61926
11/10/2016,1.62112
11/9/2016,1.52425
11/8/2016,1.31653
11/7/2016,1.28314
11/4/2016,1.23519
11/3/2016,1.26778
11/2/2016,1.26134
11/1/2016,1.28522
10/31/2016,1.28223
10/28/2016,1.30007
10/27/2016,1.29452
10/26/2016,1.22546
10/25/2016,1.18869
10/24/2016,1.19129
10/21/2016,1.1635
10/20/2016,1.18777
10/19/2016,1.16925
10/18/2016,1.17033
10/17/2016,1.20527
10/14/2016,1.2301
10/13/2016,1.17822
10/12/2016,1.20672
10/11/2016,1.19809
10/10/2016,1.15163
10/7/2016,1.14986
10/6/2016,1.17221
10/5/2016,1.13476
10/4/2016,1.11251
10/3/2016,1.05058
9/30/2016,1.02902
9/29/2016,0.99251
9/28/2016,0.996
9/27/2016,0.97873
9/26/2016,1.00199
9/23/2016,1.03824
9/22/2016,1.03316
9/21/2016,1.0767
9/20/2016,1.10876
9/19/2016,1.12061
9/16/2016,1.09882
9/15/2016,1.09485
9/14/2016,1.09851
9/13/2016,1.13352
9/12/2016,1.06952
9/9/2016,1.0872
9/8/2016,1.01134
9/7/2016,0.95314
9/6/2016,0.95017
9/5/2016,1.01411
9/2/2016,1.02209
9/1/2016,0.99723
8/31/2016,1.00517
8/30/2016,0.98353
8/29/2016,0.97417
8/26/2016,1.04715
8/25/2016,0.99654
8/24/2016,0.9679
8/23/2016,0.95245
8/22/2016,0.9575
8/19/2016,1.009
8/18/2016,0.98354
8/17/2016,0.99196
8/16/2016,1.01391
8/15/2016,1.01118
8/12/2016,0.97168
8/11/2016,1.00211
8/10/2016,0.93106
8/9/2016,0.97047
8/8/2016,1.02062
8/5/2016,1.01724
8/4/2016,0.92995
8/3/2016,0.97284
8/2/2016,0.99302
8/1/2016,0.98004
7/29/2016,0.91441
7/28/2016,0.95598
7/27/2016,0.95936
7/26/2016,1.01218
7/25/2016,1.02949
7/22/2016,1.03848
7/21/2016,1.02387
7/20/2016,1.02605
7/19/2016,1.00025
7/18/2016,1.03338
7/15/2016,1.00986
7/14/2016,0.99384
7/13/2016,0.9346
7/12/2016,0.99071
7/11/2016,0.91977
7/8/2016,0.84784
7/7/2016,0.88727
7/6/2016,0.8796
7/5/2016,0.898
7/4/2016,0.95407
6/30/2016,0.97023
6/29/2016,1.0055
6/28/2016,0.95006
6/27/2016,0.91154
6/24/2016,1.03388
6/23/2016,1.23213
6/22/2016,1.17136
6/21/2016,1.19532
6/20/2016,1.17571
6/17/2016,1.09569
6/16/2016,1.0569
6/15/2016,1.05961
6/14/2016,1.09887
6/13/2016,1.0996
6/10/2016,1.13589
6/9/2016,1.17836
6/8/2016,1.19663
6/7/2016,1.21264
6/6/2016,1.24186
6/3/2016,1.20061
6/2/2016,1.30559
6/1/2016,1.33362
5/31/2016,1.33965
5/30/2016,1.34865
5/27/2016,1.3489
5/26/2016,1.32901
5/25/2016,1.36135
5/24/2016,1.36252
5/23/2016,1.31784
5/20/2016,1.31645
5/19/2016,1.32838
5/18/2016,1.32543
5/17/2016,1.25916
5/16/2016,1.23365
5/13/2016,1.18477
5/12/2016,1.224
5/11/2016,1.1894
5/10/2016,1.21126
5/9/2016,1.20009
5/6/2016,1.23927
5/5/2016,1.21113
5/4/2016,1.25759
5/2/2016,1.36887
4/29/2016,1.32827
4/28/2016,1.31535
4/27/2016,1.33927
4/26/2016,1.40006
4/25/2016,1.38395
4/22/2016,1.35769
4/21/2016,1.3312
4/20/2016,1.32043
4/19/2016,1.25696
4/18/2016,1.23369
4/15/2016,1.21518
4/14/2016,1.2562
4/13/2016,1.23019
4/12/2016,1.25693
4/11/2016,1.21717
4/8/2016,1.21888
4/7/2016,1.17785
4/6/2016,1.24737
4/5/2016,1.20997
4/4/2016,1.25704
4/1/2016,1.27138
3/31/2016,1.25925
3/30/2016,1.29318
3/29/2016,1.28445
3/28/2016,1.36563
3/25/2016,1.37191
3/24/2016,1.3767
3/23/2016,1.34209
3/22/2016,1.39337
3/21/2016,1.36
3/18/2016,1.31375
3/17/2016,1.3439
3/16/2016,1.35229
3/15/2016,1.43263
3/14/2016,1.41943
3/11/2016,1.44311
3/10/2016,1.38739
3/8/2016,1.29967
3/7/2016,1.37726
3/4/2016,1.35141
3/3/2016,1.3081
3/2/2016,1.30356
3/1/2016,1.28629
2/29/2016,1.20519
2/26/2016,1.22436
2/25/2016,1.18165
2/24/2016,1.22565
2/23/2016,1.20253
2/22/2016,1.24283
2/19/2016,1.24387
2/18/2016,1.24402
2/17/2016,1.31537
2/16/2016,1.25811
2/15/2016,1.24595
2/12/2016,1.24501
2/11/2016,1.13072
2/10/2016,1.19467
2/9/2016,1.27848
2/8/2016,1.33164
2/5/2016,1.42674
2/4/2016,1.41807
2/3/2016,1.42813
2/2/2016,1.40272
2/1/2016,1.50786
1/29/2016,1.47643
1/28/2016,1.53909
1/27/2016,1.55661
1/26/2016,1.53933
1/25/2016,1.5505
1/22/2016,1.59524
1/21/2016,1.58112
1/20/2016,1.5258
1/19/2016,1.58829
1/18/2016,1.57038
1/15/2016,1.57036
1/14/2016,1.61333
1/13/2016,1.62906
1/12/2016,1.63702
1/11/2016,1.70317
1/8/2016,1.65797
1/7/2016,1.71832
1/6/2016,1.74937
1/5/2016,1.81229
1/4/2016,1.83914
1/1/2016,1.85327
12/31/2015,1.85138
12/30/2015,1.88033
12/29/2015,1.89876
12/28/2015,1.83428
12/25/2015,1.83898
12/24/2015,1.84009
12/23/2015,1.85521
12/22/2015,1.84297
12/21/2015,1.80448
12/18/2015,1.81467
12/17/2015,1.81735
12/16/2015,1.88335
12/15/2015,1.84282
12/14/2015,1.80727
12/11/2015,1.76341
12/10/2015,1.85545
12/9/2015,1.81657
12/8/2015,1.81035
12/7/2015,1.82257
12/4/2015,1.86666
12/3/2015,1.89966
12/2/2015,1.77503
12/1/2015,1.72649
11/30/2015,1.7758
11/27/2015,1.79417
11/26/2015,1.80851
11/25/2015,1.80682
11/24/2015,1.81504
11/23/2015,1.80884
11/20/2015,1.80432
11/19/2015,1.79486
11/18/2015,1.84459
11/17/2015,1.84809
11/16/2015,1.86585
11/13/2015,1.8641
11/12/2015,1.9181
11/11/2015,1.95137
11/10/2015,1.95138
11/9/2015,1.95638
11/6/2015,1.94159
11/5/2015,1.83137
11/4/2015,1.81798
11/3/2015,1.82858
11/2/2015,1.8026
10/30/2015,1.77412
10/29/2015,1.80987
10/28/2015,1.7471
10/27/2015,1.68866
10/26/2015,1.70501
10/23/2015,1.75089
10/22/2015,1.70776
10/21/2015,1.70144
10/20/2015,1.74416
10/19/2015,1.70219
10/16/2015,1.70843
10/15/2015,1.68148
10/14/2015,1.62187
10/13/2015,1.72752
10/12/2015,1.7869
10/9/2015,1.78557
10/8/2015,1.80514
10/7/2015,1.76696
10/6/2015,1.73671
10/5/2015,1.76698
10/2/2015,1.69677
10/1/2015,1.73903
9/30/2015,1.71771
9/29/2015,1.7096
9/28/2015,1.76686
9/25/2015,1.85174
9/24/2015,1.83498
9/23/2015,1.85924
9/22/2015,1.84725
9/21/2015,1.91983
9/18/2015,1.88055
9/17/2015,1.92645
9/16/2015,2.02679
9/15/2015,2.02662
9/14/2015,1.93444
9/11/2015,1.93503
9/10/2015,1.95802
9/9/2015,1.9358
9/8/2015,1.93961
9/7/2015,1.89997
9/4/2015,1.89907
9/3/2015,1.94625
9/2/2015,1.95773
9/1/2015,1.9202
8/31/2015,1.99956
8/28/2015,1.96608
8/27/2015,1.97747
8/26/2015,1.95322
8/25/2015,1.86083
8/24/2015,1.7971
8/21/2015,1.84256
8/20/2015,1.87876
8/19/2015,1.9319
8/18/2015,1.99495
8/17/2015,1.97261
8/14/2015,2.00315
8/13/2015,1.99264
8/12/2015,1.96342
8/11/2015,1.95585
8/10/2015,2.04045
8/7/2015,1.98491
8/6/2015,2.04346
8/5/2015,2.08966
8/4/2015,2.0398
8/3/2015,1.96483
7/31/2015,1.99688
7/30/2015,2.07422
7/29/2015,2.09717
7/28/2015,2.06248
7/27/2015,2.03245
7/24/2015,2.07726
7/23/2015,2.08686
7/22/2015,2.14487
7/21/2015,2.14059
7/20/2015,2.18868
7/17/2015,2.1672
7/16/2015,2.16239
7/15/2015,2.16042
7/14/2015,2.20629
7/13/2015,2.26509
7/10/2015,2.21508
7/9/2015,2.14883
7/8/2015,2.03423
7/7/2015,2.10451
7/6/2015,2.13286
7/3/2015,2.22009
7/2/2015,2.21928
7/1/2015,2.2489
6/30/2015,2.19309
6/29/2015,2.16185
6/26/2015,2.29563
6/25/2015,2.24084
6/24/2015,2.19524
6/23/2015,2.22526
6/22/2015,2.18382
6/19/2015,2.07249
6/18/2015,2.14788
6/17/2015,2.12874
6/16/2015,2.13014
6/15/2015,2.17047
6/12/2015,2.20809
6/11/2015,2.19968
6/10/2015,2.30444
6/9/2015,2.25805
6/8/2015,2.19541
6/5/2015,2.22537
6/4/2015,2.12411
6/3/2015,2.1756
6/2/2015,2.06747
6/1/2015,1.98696
5/29/2015,1.9398
5/28/2015,1.94398
5/27/2015,1.93264
5/26/2015,1.94402
5/22/2015,2.00833
5/21/2015,1.97315
5/20/2015,2.01784
5/19/2015,2.05987
5/18/2015,2.01534
5/15/2015,1.92402
5/14/2015,2.01004
5/13/2015,2.0723
5/12/2015,2.03758
5/11/2015,2.06573
5/8/2015,1.94095
5/7/2015,1.97411
5/6/2015,2.04244
5/5/2015,1.98932
5/4/2015,1.95425
5/1/2015,1.92452
4/30/2015,1.84665
4/29/2015,1.84298
4/28/2015,1.81288
4/27/2015,1.73157
4/24/2015,1.7156
4/23/2015,1.75734
4/22/2015,1.7854
4/21/2015,1.71472
4/20/2015,1.70121
4/17/2015,1.68403
4/16/2015,1.70599
4/15/2015,1.70218
4/14/2015,1.70923
4/13/2015,1.73969
4/10/2015,1.76652
4/9/2015,1.78135
4/8/2015,1.72342
4/7/2015,1.71394
4/6/2015,1.73331
4/3/2015,1.67906
4/2/2015,1.7409
4/1/2015,1.69176
3/31/2015,1.74831
3/30/2015,1.76388
3/27/2015,1.77646
3/26/2015,1.80948
3/25/2015,1.74843
3/24/2015,1.69907
3/23/2015,1.73696
3/20/2015,1.77009
3/19/2015,1.79443
3/18/2015,1.75087
3/17/2015,1.89486
3/16/2015,1.92418
3/13/2015,1.97255
3/12/2015,1.97511
3/11/2015,1.97114
3/10/2015,1.98888
3/9/2015,2.03299
3/6/2015,2.09211
3/5/2015,1.97211
3/4/2015,1.96965
3/3/2015,1.96796
3/2/2015,1.92925
2/27/2015,1.84022
2/26/2015,1.87745
2/25/2015,1.81945
2/24/2015,1.83317
2/23/2015,1.90753
2/20/2015,1.95483
2/19/2015,1.96187
2/18/2015,1.92458
2/17/2015,1.97751
2/16/2015,1.88405
2/13/2015,1.88601
2/12/2015,1.82728
2/11/2015,1.85794
2/10/2015,1.84452
2/9/2015,1.82575
2/6/2015,1.80782
2/5/2015,1.66816
2/4/2015,1.60171
2/3/2015,1.64441
2/2/2015,1.51193
1/30/2015,1.49916
1/29/2015,1.60194
1/28/2015,1.57625
1/27/2015,1.68249
1/26/2015,1.682
1/23/2015,1.65459
1/22/2015,1.71134
1/21/2015,1.71742
1/20/2015,1.62985
1/19/2015,1.66705
1/16/2015,1.66678
1/15/2015,1.54732
1/14/2015,1.68302
1/13/2015,1.72823
1/12/2015,1.73937
1/9/2015,1.77857
1/8/2015,1.84979
1/7/2015,1.79453
1/6/2015,1.75763
1/5/2015,1.8548
1/2/2015,1.93248
1/1/2015,1.9999
12/31/2014,2.0014
12/30/2014,2.01619
12/29/2014,2.03398
12/26/2014,2.08831
12/25/2014,2.10698
12/24/2014,2.11034
12/23/2014,2.10706
12/22/2014,2.00618
12/19/2014,2.00944
12/18/2014,2.054
12/17/2014,1.97915
12/16/2014,1.90482
12/15/2014,1.96715
12/12/2014,1.93275
12/11/2014,2.01916
12/10/2014,2.01015
12/9/2014,2.0599
12/8/2014,2.10728
12/5/2014,2.14881
12/4/2014,2.08199
12/3/2014,2.13881
12/2/2014,2.15213
12/1/2014,2.09657
11/28/2014,2.03172
11/27/2014,2.10481
11/26/2014,2.10581
11/25/2014,2.11331
11/24/2014,2.16291
11/21/2014,2.16483
11/20/2014,2.19324
11/19/2014,2.21252
11/18/2014,2.16429
11/17/2014,2.19253
11/14/2014,2.17964
11/13/2014,2.19141
11/12/2014,2.22947
11/11/2014,2.21803
11/10/2014,2.21837
11/7/2014,2.1597
11/6/2014,2.24834
11/5/2014,2.20729
11/4/2014,2.19247
11/3/2014,2.19878
10/31/2014,2.19756
10/30/2014,2.16446
10/29/2014,2.16646
10/28/2014,2.14182
10/27/2014,2.10873
10/24/2014,2.11574
10/23/2014,2.11825
10/22/2014,2.0542
10/21/2014,2.06619
10/20/2014,2.03755
10/17/2014,2.05116
10/16/2014,2.01587
10/15/2014,1.99686
10/14/2014,2.05542
10/10/2014,2.13012
10/9/2014,2.16428
10/8/2014,2.18237
10/7/2014,2.21512
10/6/2014,2.2947
10/3/2014,2.31119
10/2/2014,2.2974
10/1/2014,2.2617
9/30/2014,2.36477
9/29/2014,2.34762
9/26/2014,2.37907
9/25/2014,2.36076
9/24/2014,2.41706
9/23/2014,2.37709
9/22/2014,2.40914
9/19/2014,2.43302
9/18/2014,2.47709
9/17/2014,2.48266
9/16/2014,2.46066
9/15/2014,2.45382
9/12/2014,2.46881
9/11/2014,2.40883
9/10/2014,2.40081
9/9/2014,2.35678
9/8/2014,2.31952
9/5/2014,2.30103
9/4/2014,2.29511
9/3/2014,2.23811
9/2/2014,2.27143
9/1/2014,2.21438
8/29/2014,2.21626
8/28/2014,2.21179
8/27/2014,2.22567
8/26/2014,2.26015
8/25/2014,2.24555
8/22/2014,2.27487
8/21/2014,2.27997
8/20/2014,2.30431
8/19/2014,2.2793
8/18/2014,2.27223
8/15/2014,2.21714
8/14/2014,2.27152
8/13/2014,2.28949
8/12/2014,2.32678
8/11/2014,2.31048
8/8/2014,2.30281
8/7/2014,2.29173
8/6/2014,2.34262
8/5/2014,2.35438
8/4/2014,2.34594
8/1/2014,2.35834
7/31/2014,2.42207
7/30/2014,2.41091
7/29/2014,2.32201
7/28/2014,2.34448
7/25/2014,2.323
7/24/2014,2.36009
7/23/2014,2.3236
7/22/2014,2.32034
7/21/2014,2.32608
7/18/2014,2.33516
7/17/2014,2.30483
7/16/2014,2.37378
7/15/2014,2.39312
7/14/2014,2.38891
7/11/2014,2.36031
7/10/2014,2.38816
7/9/2014,2.40551
7/8/2014,2.41003
7/7/2014,2.46476
7/4/2014,2.48987
7/3/2014,2.49288
7/2/2014,2.48485
7/1/2014,2.42163
6/30/2014,2.38646
6/27/2014,2.39547
6/26/2014,2.39248
6/25/2014,2.41429
6/24/2014,2.42689
6/23/2014,2.46566
6/20/2014,2.44402
6/19/2014,2.45885
6/18/2014,2.42775
6/17/2014,2.49183
6/16/2014,2.44194
6/13/2014,2.44743
6/12/2014,2.44041
6/11/2014,2.48504
6/10/2014,2.49892
6/9/2014,2.45938
6/6/2014,2.44153
6/5/2014,2.4372
6/4/2014,2.45189
6/3/2014,2.44248
6/2/2014,2.36944
5/30/2014,2.31927
5/29/2014,2.29871
5/28/2014,2.26997
5/27/2014,2.33743
5/26/2014,2.35382
5/23/2014,2.35198
5/22/2014,2.37529
5/21/2014,2.35535
5/20/2014,2.34184
5/19/2014,2.37535
5/16/2014,2.35284
5/15/2014,2.31504
5/14/2014,2.36644
5/13/2014,2.42559
5/12/2014,2.47025
5/9/2014,2.43387
5/8/2014,2.42104
5/7/2014,2.41262
5/6/2014,2.42417
5/5/2014,2.44282
5/2/2014,2.41713
5/1/2014,2.44482
4/30/2014,2.4669
4/29/2014,2.50761
4/28/2014,2.51538
4/25/2014,2.48213
4/24/2014,2.49897
4/23/2014,2.50392
4/22/2014,2.5158
4/21/2014,2.52181
4/18/2014,2.53939
4/17/2014,2.54189
4/16/2014,2.45147
4/15/2014,2.44544
4/14/2014,2.45508
4/11/2014,2.43127
4/10/2014,2.45634
4/9/2014,2.48997
4/8/2014,2.48467
4/7/2014,2.50626
4/4/2014,2.52561
4/3/2014,2.60522
4/2/2014,2.60924
4/1/2014,2.56376
3/31/2014,2.52709
3/28/2014,2.52557
3/27/2014,2.48843
3/26/2014,2.49488
3/25/2014,2.55359
3/24/2014,2.52981
3/21/2014,2.54108
3/20/2014,2.57575
3/19/2014,2.57039
3/18/2014,2.46332
3/17/2014,2.48217
3/14/2014,2.44302
3/13/2014,2.42719
3/12/2014,2.50627
3/11/2014,2.54127
3/10/2014,2.54813
3/7/2014,2.56415
3/6/2014,2.5185
3/5/2014,2.48463
3/4/2014,2.48184
3/3/2014,2.39502
2/28/2014,2.43089
2/27/2014,2.4181
2/26/2014,2.43391
2/25/2014,2.4647
2/24/2014,2.50059
2/21/2014,2.49557
2/20/2014,2.52349
2/19/2014,2.51794
2/18/2014,2.48556
2/17/2014,2.52196
2/14/2014,2.51766
2/13/2014,2.5016
2/12/2014,2.55282
2/11/2014,2.51717
2/10/2014,2.45693
2/7/2014,2.48307
2/6/2014,2.50767
2/5/2014,2.48061
2/4/2014,2.44314
2/3/2014,2.3905
1/31/2014,2.45036
1/30/2014,2.49401
1/29/2014,2.48151
1/28/2014,2.54962
1/27/2014,2.54134
1/24/2014,2.5087
1/23/2014,2.57267
1/22/2014,2.65505
1/21/2014,2.61461
1/20/2014,2.61365
1/17/2014,2.61416
1/16/2014,2.63482
1/15/2014,2.6748
1/14/2014,2.64994
1/13/2014,2.59745
1/10/2014,2.63906
1/9/2014,2.73615
1/8/2014,2.75074
1/7/2014,2.69542
1/6/2014,2.70894
1/3/2014,2.74968
1/2/2014,2.74281
1/1/2014,2.78104
12/31/2013,2.77933
12/30/2013,2.71397
12/27/2013,2.74012
12/26/2013,2.73498
12/25/2013,2.72822
12/24/2013,2.72923
12/23/2013,2.67472
12/20/2013,2.63297
12/19/2013,2.67469
12/18/2013,2.62946
12/17/2013,2.56353
12/16/2013,2.60452
12/13/2013,2.59044
12/12/2013,2.60217
12/11/2013,2.57577
12/10/2013,2.52649
12/9/2013,2.55612
12/6/2013,2.57769
12/5/2013,2.60083
12/4/2013,2.56773
12/3/2013,2.53463
12/2/2013,2.54465
11/29/2013,2.49295
11/28/2013,2.47688
11/27/2013,2.4794
11/26/2013,2.44376
11/25/2013,2.45453
11/22/2013,2.47086
11/21/2013,2.49012
11/20/2013,2.50073
11/19/2013,2.41636
11/18/2013,2.38653
11/15/2013,2.42871
11/14/2013,2.43774
11/13/2013,2.46675
11/12/2013,2.54908
11/11/2013,2.52348
11/8/2013,2.53001
11/7/2013,2.39148
11/5/2013,2.46926
11/4/2013,2.40502
11/1/2013,2.41957
10/31/2013,2.35458
10/30/2013,2.33525
10/29/2013,2.30616
10/28/2013,2.32319
10/25/2013,2.31567
10/23/2013,2.30364
10/22/2013,2.30812
10/21/2013,2.39128
10/18/2013,2.37175
10/17/2013,2.37777
10/16/2013,2.44033
10/15/2013,2.49622
10/14/2013,2.45679
10/11/2013,2.45579
10/10/2013,2.45686
10/9/2013,2.43144
10/8/2013,2.39676
10/7/2013,2.41114
10/4/2013,2.44777
10/3/2013,2.41174
10/2/2013,2.42736
10/1/2013,2.45449
9/30/2013,2.41111
9/27/2013,2.42997
9/26/2013,2.4508
9/25/2013,2.43
9/24/2013,2.45935
9/23/2013,2.5033
9/20/2013,2.54347
9/19/2013,2.56182
9/18/2013,2.49378
9/17/2013,2.64897
9/16/2013,2.67311
9/13/2013,2.70275
9/12/2013,2.72293
9/11/2013,2.73405
9/10/2013,2.78077
9/9/2013,2.74003
9/6/2013,2.77144
9/5/2013,2.83058
9/4/2013,2.72327
9/3/2013,2.6759
9/2/2013,2.62033
8/30/2013,2.62006
8/29/2013,2.59041
8/28/2013,2.59242
8/27/2013,2.53416
8/26/2013,2.60744
8/23/2013,2.64073
8/22/2013,2.71814
8/21/2013,2.7192
8/20/2013,2.63196
8/19/2013,2.69658
8/16/2013,2.63106
8/15/2013,2.56748
8/14/2013,2.52219
8/13/2013,2.53193
8/12/2013,2.43487
8/9/2013,2.39001
8/8/2013,2.40877
8/7/2013,2.42556
8/6/2013,2.47201
8/5/2013,2.45444
8/2/2013,2.41366
8/1/2013,2.53695
7/31/2013,2.41625
7/30/2013,2.44663
7/29/2013,2.44144
7/26/2013,2.40933
7/25/2013,2.41632
7/24/2013,2.42962
7/23/2013,2.35292
7/22/2013,2.33765
7/19/2013,2.33993
7/18/2013,2.38284
7/17/2013,2.34828
7/16/2013,2.39588
7/15/2013,2.39774
7/12/2013,2.44892
7/11/2013,2.44411
7/10/2013,2.48946
7/9/2013,2.51027
7/8/2013,2.51597
7/5/2013,2.61896
7/4/2013,2.36304
7/3/2013,2.34626
7/2/2013,2.32785
7/1/2013,2.33191
6/28/2013,2.33494
6/27/2013,2.31566
6/26/2013,2.39166
6/25/2013,2.46271
6/24/2013,2.38701
6/21/2013,2.39881
6/20/2013,2.2859
6/19/2013,2.23106
6/18/2013,2.0416
6/17/2013,2.03691
6/14/2013,1.98514
6/13/2013,2.00639
6/12/2013,2.0895
6/11/2013,2.05251
6/10/2013,2.09287
6/7/2013,2.0513
6/6/2013,1.95854
6/5/2013,1.97135
6/4/2013,2.03161
6/3/2013,1.99468
5/31/2013,1.99846
5/30/2013,1.976
5/29/2013,1.97353
5/28/2013,2.0341
5/27/2013,1.86219
5/24/2013,1.86619
5/23/2013,1.86091
5/22/2013,1.88075
5/21/2013,1.76381
5/20/2013,1.80677
5/17/2013,1.79578
5/16/2013,1.71787
5/15/2013,1.78285
5/14/2013,1.82985
5/13/2013,1.77739
5/10/2013,1.75492
5/9/2013,1.67072
5/8/2013,1.66179
5/7/2013,1.66821
5/6/2013,1.65507
5/3/2013,1.63212
5/2/2013,1.52593
5/1/2013,1.53738
4/30/2013,1.5635
4/29/2013,1.55983
4/26/2013,1.55951
4/25/2013,1.59921
4/24/2013,1.59674
4/23/2013,1.60717
4/22/2013,1.57922
4/19/2013,1.58595
4/18/2013,1.564
4/17/2013,1.57623
4/16/2013,1.60939
4/15/2013,1.5652
4/12/2013,1.60913
4/11/2013,1.67102
4/10/2013,1.68148
4/9/2013,1.63923
4/8/2013,1.6438
4/5/2013,1.59533
4/4/2013,1.63594
4/3/2013,1.67707
4/2/2013,1.71673
4/1/2013,1.68364
3/28/2013,1.70316
3/27/2013,1.69253
3/26/2013,1.76901
3/25/2013,1.76783
3/22/2013,1.76427
3/21/2013,1.74583
3/20/2013,1.78631
3/19/2013,1.72232
3/18/2013,1.77572
3/15/2013,1.80043
3/14/2013,1.83884
3/13/2013,1.82113
3/12/2013,1.81713
3/11/2013,1.85586
3/8/2013,1.84135
3/7/2013,1.79188
3/6/2013,1.73417
3/5/2013,1.69428
3/4/2013,1.67504
3/1/2013,1.64805
2/28/2013,1.67671
2/27/2013,1.69988
2/26/2013,1.68065
2/25/2013,1.65607
2/22/2013,1.75514
2/21/2013,1.76491
2/20/2013,1.80142
2/19/2013,1.81613
2/15/2013,1.78149
2/14/2013,1.77991
2/13/2013,1.83235
2/12/2013,1.77802
2/11/2013,1.76037
2/8/2013,1.74386
2/7/2013,1.75158
2/6/2013,1.75305
2/5/2013,1.79224
2/4/2013,1.75255
2/1/2013,1.81004
1/31/2013,1.77435
1/30/2013,1.77602
1/29/2013,1.7764
1/28/2013,1.7336
1/25/2013,1.72718
1/24/2013,1.62518
1/23/2013,1.59774
1/22/2013,1.60536
1/18/2013,1.60536
1/17/2013,1.6327
1/16/2013,1.5644
1/15/2013,1.57937
1/14/2013,1.58816
1/11/2013,1.61249
1/10/2013,1.63444
1/9/2013,1.59416
1/8/2013,1.59705
1/7/2013,1.62966
1/4/2013,1.62839
1/3/2013,1.64735
1/2/2013,1.57901
1/1/2013,1.52313
12/31/2012,1.51717
12/28/2012,1.46131
12/27/2012,1.49918
12/26/2012,1.51216
12/25/2012,1.52557
12/24/2012,1.53724
12/21/2012,1.52034
12/20/2012,1.54869
12/19/2012,1.5525
12/18/2012,1.57025
12/17/2012,1.52674
12/14/2012,1.46062
12/13/2012,1.47934
12/12/2012,1.44971
12/11/2012,1.40993
12/10/2012,1.38203
12/7/2012,1.38513
12/6/2012,1.34783
12/5/2012,1.34442
12/4/2012,1.35722
12/3/2012,1.37173
11/30/2012,1.36954
11/29/2012,1.36326
11/28/2012,1.37626
11/27/2012,1.37472
11/26/2012,1.40578
11/23/2012,1.43021
11/21/2012,1.41872
11/20/2012,1.40831
11/19/2012,1.36275
11/16/2012,1.33749
11/15/2012,1.34923
11/14/2012,1.342
11/13/2012,1.35619
11/9/2012,1.36552
11/8/2012,1.3571
11/7/2012,1.41992
11/6/2012,1.51657
11/5/2012,1.44334
11/2/2012,1.47434
11/1/2012,1.49672
10/31/2012,1.46479
10/30/2012,1.48907
10/29/2012,1.48653
10/26/2012,1.51036
10/25/2012,1.59092
10/24/2012,1.54807
10/23/2012,1.52756
10/22/2012,1.57097
10/19/2012,1.52566
10/18/2012,1.59607
10/17/2012,1.58308
10/16/2012,1.4913
10/15/2012,1.44939
10/12/2012,1.43553
10/11/2012,1.44029
10/10/2012,1.44973
10/9/2012,1.49175
10/8/2012,1.52366
10/5/2012,1.52565
10/4/2012,1.46661
10/3/2012,1.40464
10/2/2012,1.42339
10/1/2012,1.43096
9/28/2012,1.43496
9/27/2012,1.42983
9/26/2012,1.38037
9/25/2012,1.4266
9/24/2012,1.4599
9/21/2012,1.5005
9/20/2012,1.50548
9/19/2012,1.52856
9/18/2012,1.58114
9/17/2012,1.62454
9/14/2012,1.64088
9/13/2012,1.52951
9/12/2012,1.58228
9/11/2012,1.53358
9/10/2012,1.47965
9/7/2012,1.49352
9/6/2012,1.49334
9/5/2012,1.40926
9/4/2012,1.3883
8/31/2012,1.36679
8/30/2012,1.4374
8/29/2012,1.45449
8/28/2012,1.43073
8/27/2012,1.44627
8/24/2012,1.49039
8/23/2012,1.48423
8/22/2012,1.48811
8/21/2012,1.59491
8/20/2012,1.6027
8/17/2012,1.60562
8/16/2012,1.64031
8/15/2012,1.62008
8/14/2012,1.52891
8/13/2012,1.46035
8/10/2012,1.45813
8/9/2012,1.48925
8/8/2012,1.47896
8/7/2012,1.46135
8/6/2012,1.40089
8/3/2012,1.4045
8/2/2012,1.32468
8/1/2012,1.35031
7/31/2012,1.28089
7/30/2012,1.30565
7/27/2012,1.34479
7/26/2012,1.24713
7/25/2012,1.21091
7/24/2012,1.20167
7/23/2012,1.23197
7/20/2012,1.26082
7/19/2012,1.30797
7/18/2012,1.29987
7/17/2012,1.321
7/16/2012,1.2829
7/13/2012,1.28041
7/12/2012,1.26254
7/11/2012,1.3009
7/10/2012,1.28783
7/9/2012,1.30408
7/6/2012,1.35082
7/5/2012,1.39481
7/4/2012,1.42001
7/3/2012,1.41954
7/2/2012,1.38431
6/29/2012,1.42049
6/28/2012,1.35775
6/27/2012,1.39908
6/26/2012,1.40976
6/25/2012,1.38789
6/22/2012,1.45642
6/21/2012,1.42094
6/20/2012,1.45509
6/19/2012,1.40931
6/18/2012,1.36046
6/15/2012,1.35804
6/14/2012,1.4175
6/13/2012,1.37512
6/12/2012,1.44614
6/11/2012,1.39459
6/8/2012,1.44561
6/7/2012,1.43909
6/6/2012,1.44082
6/5/2012,1.37363
6/4/2012,1.33752
6/1/2012,1.27084
5/31/2012,1.34534
5/30/2012,1.38784
5/29/2012,1.4987
5/28/2012,1.49653
5/25/2012,1.49511
5/24/2012,1.52589
5/23/2012,1.47663
5/22/2012,1.50381
5/21/2012,1.46517
5/18/2012,1.44398
5/17/2012,1.43225
5/16/2012,1.49502
5/15/2012,1.52044
5/14/2012,1.51972
5/11/2012,1.59944
5/10/2012,1.62485
5/9/2012,1.60472
5/8/2012,1.61851
5/7/2012,1.64158
5/4/2012,1.64958
5/3/2012,1.69222
5/2/2012,1.688
5/1/2012,1.70549
4/30/2012,1.6644
4/27/2012,1.69293
4/26/2012,1.69993
4/25/2012,1.73859
4/24/2012,1.72544
4/23/2012,1.68254
4/20/2012,1.70637
4/19/2012,1.70967
4/18/2012,1.71254
4/17/2012,1.73151
4/16/2012,1.71498
4/13/2012,1.73063
4/12/2012,1.79139
4/11/2012,1.77254
4/10/2012,1.71948
4/9/2012,1.77591
4/6/2012,1.77955
4/5/2012,1.92127
4/4/2012,1.96309
4/3/2012,2.03272
4/2/2012,1.91369
3/30/2012,1.93833
3/29/2012,1.88544
3/28/2012,1.9258
3/27/2012,1.9069
3/26/2012,1.97831
3/23/2012,1.96903
3/22/2012,2.01183
3/21/2012,2.03106
3/20/2012,2.09886
3/19/2012,2.10737
3/16/2012,2.01528
3/15/2012,1.99722
3/14/2012,1.97211
3/13/2012,1.83837
3/12/2012,1.74737
3/9/2012,1.75236
3/8/2012,1.74629
3/7/2012,1.71284
3/6/2012,1.68189
3/5/2012,1.73793
3/2/2012,1.7093
3/1/2012,1.75703
2/29/2012,1.70416
2/28/2012,1.67358
2/27/2012,1.6525
2/24/2012,1.70129
2/23/2012,1.71985
2/22/2012,1.72394
2/21/2012,1.78191
2/20/2012,1.70497
2/17/2012,1.717
2/16/2012,1.69167
2/15/2012,1.64486
2/14/2012,1.65212
2/13/2012,1.69967
2/10/2012,1.71641
2/9/2012,1.77911
2/8/2012,1.75041
2/7/2012,1.72525
2/6/2012,1.66229
2/3/2012,1.67952
2/2/2012,1.58646
2/1/2012,1.58824
1/31/2012,1.56987
1/30/2012,1.61103
1/27/2012,1.6538
1/26/2012,1.69
1/25/2012,1.74914
1/24/2012,1.81547
1/23/2012,1.81197
1/20/2012,1.78281
1/19/2012,1.72692
1/18/2012,1.64875
1/17/2012,1.61355
1/16/2012,1.61328
1/13/2012,1.62021
1/12/2012,1.67335
1/11/2012,1.64356
1/10/2012,1.70281
1/9/2012,1.691
1/6/2012,1.68265
1/5/2012,1.71372
1/4/2012,1.6967
1/3/2012,1.68196
1/2/2012,1.61816
12/30/2011,1.61516
12/29/2011,1.63497
12/28/2011,1.64907
12/27/2011,1.73467
12/26/2011,1.76036
12/22/2011,1.67978
12/21/2011,1.70188
12/20/2011,1.67275
12/19/2011,1.57119
12/16/2011,1.61884
12/15/2011,1.66451
12/14/2011,1.63907
12/13/2011,1.71715
12/12/2011,1.77358
12/9/2011,1.80861
12/8/2011,1.72447
12/7/2011,1.78276
12/6/2011,1.83951
12/5/2011,1.80008
12/2/2011,1.8077
12/1/2011,1.85334
11/30/2011,1.82128
11/29/2011,1.73385
11/28/2011,1.72405
11/25/2011,1.71718
11/24/2011,1.65299
11/23/2011,1.65523
11/22/2011,1.67179
11/21/2011,1.69944
11/18/2011,1.74895
11/17/2011,1.71843
11/16/2011,1.76657
11/15/2011,1.81725
11/14/2011,1.83161
11/11/2011,1.81087
11/10/2011,1.81854
11/9/2011,1.76961
11/8/2011,1.86409
11/7/2011,1.82489
11/4/2011,1.82277
11/3/2011,1.86891
11/2/2011,1.78248
11/1/2011,1.79425
10/31/2011,1.91904
10/28/2011,2.10424
10/27/2011,2.18739
10/26/2011,2.02829
10/25/2011,1.93711
10/24/2011,2.06187
10/21/2011,2.05053
10/20/2011,2.01448
10/19/2011,1.98955
10/18/2011,2.00695
10/17/2011,1.98123
10/14/2011,2.06988
10/13/2011,1.98652
10/12/2011,1.99735
10/11/2011,1.95652
10/10/2011,1.89039
10/7/2011,1.89602
10/6/2011,1.83031
10/5/2011,1.7607
10/4/2011,1.70189
10/3/2011,1.62227
9/30/2011,1.76082
9/29/2011,1.83229
9/28/2011,1.81585
9/27/2011,1.81444
9/26/2011,1.75128
9/23/2011,1.68111
9/22/2011,1.56593
9/21/2011,1.73145
9/20/2011,1.80561
9/19/2011,1.80789
9/16/2011,1.89166
9/15/2011,1.91988
9/14/2011,1.83582
9/12/2011,1.81591
9/9/2011,1.79695
9/8/2011,1.83493
9/7/2011,1.89936
9/6/2011,1.84768
9/5/2011,1.84201
9/2/2011,1.84601
9/1/2011,1.98709
8/31/2011,2.06492
8/30/2011,2.01691
8/29/2011,2.05751
8/26/2011,1.99847
8/25/2011,2.05696
8/24/2011,2.10782
8/23/2011,1.93852
8/22/2011,1.90197
8/19/2011,1.85128
8/18/2011,1.84079
8/17/2011,1.94185
8/16/2011,2.01465
8/15/2011,2.10687
8/12/2011,2.07343
8/11/2011,2.15999
8/10/2011,1.97176
8/9/2011,2.12234
8/8/2011,2.20082
8/5/2011,2.3923
8/4/2011,2.22216
8/2/2011,2.3984
7/29/2011,2.592
7/28/2011,2.72633
7/27/2011,2.74921
7/26/2011,2.73588
7/25/2011,2.77713
7/22/2011,2.74951
7/21/2011,2.82197
7/20/2011,2.74532
7/19/2011,2.70626
7/18/2011,2.72772
7/15/2011,2.73342
7/14/2011,2.79076
7/13/2011,2.73564
7/12/2011,2.7448
7/11/2011,2.79254
7/8/2011,2.88852
7/7/2011,3.00185
7/6/2011,2.97023
7/5/2011,2.97527
6/30/2011,3.00092
6/29/2011,2.94851
6/28/2011,2.85635
6/27/2011,2.76634
6/24/2011,2.71412
6/23/2011,2.75982
6/22/2011,2.82368
6/21/2011,2.84527
6/20/2011,2.82469
6/16/2011,2.80631
6/15/2011,2.8314
6/14/2011,2.94894
6/13/2011,2.83519
6/10/2011,2.82059
6/9/2011,2.84627
6/8/2011,2.79923
6/7/2011,2.86351
6/6/2011,2.8626
6/3/2011,2.84918
6/2/2011,2.88823
6/1/2011,2.7925
5/31/2011,2.89931
5/27/2011,2.90711
5/26/2011,2.88538
5/25/2011,2.95976
5/24/2011,2.94884
5/23/2011,2.96793
5/20/2011,2.98416
5/19/2011,3.01073
5/18/2011,3.00853
5/17/2011,2.94111
5/16/2011,2.97415
5/13/2011,3.0055
5/12/2011,3.05395
5/11/2011,3.00875
5/10/2011,3.06199
5/9/2011,2.99536
5/6/2011,3.00173
5/5/2011,3.01095
5/3/2011,3.06464
5/2/2011,3.10381
4/29/2011,3.10029
4/28/2011,3.12001
4/27/2011,3.16769
4/26/2011,3.11599
4/25/2011,3.17834
4/22/2011,3.21079
4/21/2011,3.2224
4/20/2011,3.22528
4/19/2011,3.17567
4/18/2011,3.14369
4/15/2011,3.2169
4/14/2011,3.30505
4/13/2011,3.24367
4/12/2011,3.29991
4/11/2011,3.3693
4/8/2011,3.37162
4/7/2011,3.33651
4/6/2011,3.34181
4/5/2011,3.28915
4/4/2011,3.22716
4/1/2011,3.23753
3/31/2011,3.26378
3/30/2011,3.22996
3/29/2011,3.29055
3/28/2011,3.23925
3/25/2011,3.24623
3/24/2011,3.19854
3/23/2011,3.14374
3/22/2011,3.11822
3/21/2011,3.11923
3/18/2011,3.04762
3/17/2011,3.04511
3/16/2011,2.98488
3/15/2011,3.10309
3/14/2011,3.16803
3/11/2011,3.20042
3/10/2011,3.15608
3/9/2011,3.25124
3/8/2011,3.33047
3/7/2011,3.30749
3/4/2011,3.29385
3/3/2011,3.37013
3/2/2011,3.27668
3/1/2011,3.1949
2/28/2011,3.21989
2/25/2011,3.21802
2/24/2011,3.2474
2/23/2011,3.28282
2/22/2011,3.26352
2/21/2011,3.36778
2/18/2011,3.3746
2/17/2011,3.3648
2/16/2011,3.42669
2/15/2011,3.39709
2/14/2011,3.42261
2/11/2011,3.43828
2/10/2011,3.50645
2/9/2011,3.45936
2/8/2011,3.52878
2/7/2011,3.43455
2/4/2011,3.41114
2/3/2011,3.33353
2/2/2011,3.24453
2/1/2011,3.20597
1/31/2011,3.1501
1/28/2011,3.10047
1/27/2011,3.14988
1/26/2011,3.17775
1/25/2011,3.09446
1/24/2011,3.15867
1/21/2011,3.15473
1/20/2011,3.19002
1/19/2011,3.07963
1/18/2011,3.1055
1/17/2011,3.07116
1/14/2011,3.06818
1/13/2011,3.03945
1/12/2011,3.10959
1/11/2011,3.09461
1/10/2011,3.03724
1/7/2011,3.08054
1/6/2011,3.14775
1/5/2011,3.23035
1/4/2011,3.08222
1/3/2011,3.08524
12/31/2010,3.0572
12/30/2010,3.1329
12/29/2010,3.11855
12/28/2010,3.24104
12/27/2010,3.09255
12/24/2010,3.15106
12/23/2010,3.15157
12/22/2010,3.11369
12/21/2010,3.07087
12/20/2010,3.10309
12/17/2010,3.11844
12/16/2010,3.22216
12/15/2010,3.3363
12/14/2010,3.25553
12/13/2010,3.05625
12/10/2010,3.11273
12/9/2010,2.98059
12/8/2010,3.06404
12/7/2010,2.95654
12/6/2010,2.75458
12/3/2010,2.83665
12/2/2010,2.81952
12/1/2010,2.78586
11/30/2010,2.61535
11/29/2010,2.60437
11/26/2010,2.68951
11/25/2010,2.59121
11/24/2010,2.73242
11/23/2010,2.60092
11/22/2010,2.6371
11/19/2010,2.71805
11/18/2010,2.73213
11/17/2010,2.72581
11/16/2010,2.68105
11/15/2010,2.77782
11/12/2010,2.61911
11/11/2010,2.47637
11/10/2010,2.47586
11/9/2010,2.52834
11/8/2010,2.39446
11/5/2010,2.376
11/4/2010,2.33828
11/3/2010,2.38142
11/2/2010,2.39898
11/1/2010,2.41795
10/29/2010,2.38749
10/28/2010,2.46866
10/27/2010,2.53093
10/26/2010,2.45536
10/25/2010,2.35057
10/22/2010,2.32624
10/21/2010,2.30869
10/20/2010,2.24202
10/19/2010,2.24883
10/18/2010,2.28087
10/15/2010,2.34029
10/14/2010,2.28593
10/13/2010,2.20418
10/12/2010,2.22147
10/11/2010,2.20193
10/8/2010,2.20243
10/7/2010,2.19141
10/6/2010,2.2114
10/5/2010,2.28107
10/4/2010,2.26778
10/1/2010,2.30438
9/30/2010,2.28834
9/29/2010,2.25174
9/28/2010,2.19401
9/27/2010,2.27395
9/24/2010,2.36156
9/23/2010,2.3099
9/22/2010,2.31231
9/21/2010,2.31341
9/20/2010,2.42758
9/17/2010,2.47247
9/16/2010,2.50552
9/15/2010,2.43482
9/14/2010,2.3734
9/13/2010,2.44687
9/10/2010,2.49421
9/9/2010,2.45389
9/8/2010,2.32123
9/7/2010,2.24958
9/6/2010,2.39578
9/3/2010,2.4018
9/2/2010,2.34124
9/1/2010,2.29586
8/31/2010,2.19712
8/30/2010,2.26127
8/27/2010,2.38815
8/26/2010,2.20113
8/25/2010,2.26929
8/24/2010,2.2324
8/23/2010,2.33759
8/20/2010,2.33803
8/19/2010,2.29691
8/18/2010,2.35533
8/17/2010,2.33838
8/16/2010,2.26332
8/13/2010,2.37581
8/12/2010,2.46293
8/11/2010,2.40491
8/10/2010,2.45599
8/9/2010,2.55676
8/6/2010,2.5653
8/5/2010,2.6266
8/4/2010,2.64176
8/3/2010,2.60926
8/2/2010,2.65626
7/30/2010,2.61986
7/29/2010,2.68536
7/28/2010,2.70252
7/27/2010,2.75893
7/26/2010,2.70083
7/23/2010,2.72624
7/22/2010,2.63907
7/21/2010,2.58781
7/20/2010,2.69668
7/19/2010,2.67329
7/16/2010,2.66081
7/15/2010,2.70246
7/14/2010,2.76446
7/13/2010,2.84655
7/12/2010,2.80624
7/9/2010,2.7746
7/8/2010,2.75307
7/7/2010,2.70641
7/6/2010,2.66662
7/5/2010,2.65958
7/2/2010,2.72253
7/1/2010,2.69459
6/30/2010,2.65546
6/29/2010,2.66385
6/28/2010,2.72997
6/25/2010,2.85882
6/24/2010,2.86658
6/23/2010,2.84778
6/22/2010,2.85979
6/21/2010,2.9338
6/18/2010,2.93506
6/17/2010,2.9051
6/16/2010,2.98619
6/15/2010,3.03508
6/14/2010,2.99753
6/11/2010,3.01749
6/10/2010,3.07667
6/9/2010,2.92426
6/8/2010,2.95608
6/7/2010,2.90211
6/4/2010,2.9638
6/3/2010,3.12884
6/2/2010,3.10387
6/1/2010,3.00537
5/31/2010,3.03183
5/28/2010,3.0381
5/27/2010,3.09636
5/26/2010,2.922
5/25/2010,2.88703
5/24/2010,2.93006
5/21/2010,2.95014
5/20/2010,2.93078
5/19/2010,3.08448
5/18/2010,3.11864
5/17/2010,3.23748
5/14/2010,3.17068
5/13/2010,3.27007
5/12/2010,3.33027
5/11/2010,3.27574
5/10/2010,3.29011
5/7/2010,3.14963
5/6/2010,3.13426
5/5/2010,3.26576
5/4/2010,3.34109
5/3/2010,3.44595
4/30/2010,3.40651
4/29/2010,3.45859
4/28/2010,3.50639
4/27/2010,3.44999
4/26/2010,3.57164
4/23/2010,3.59906
4/22/2010,3.54921
4/21/2010,3.50746
4/20/2010,3.5735
4/19/2010,3.57021
4/16/2010,3.52303
4/15/2010,3.58792
4/14/2010,3.60666
4/13/2010,3.553
4/12/2010,3.58843
4/9/2010,3.65425
4/8/2010,3.65831
4/7/2010,3.6129
4/6/2010,3.72214
4/5/2010,3.80982
4/2/2010,3.74241
4/1/2010,3.65856
3/31/2010,3.60046
3/30/2010,3.59729
3/29/2010,3.60362
3/26/2010,3.57476
3/25/2010,3.59754
3/24/2010,3.54266
3/23/2010,3.44235
3/22/2010,3.46372
3/19/2010,3.51468
3/18/2010,3.48901
3/17/2010,3.44085
3/16/2010,3.4631
3/15/2010,3.50874
3/12/2010,3.51824
3/11/2010,3.53494
3/10/2010,3.51976
3/9/2010,3.59616
3/8/2010,3.53974
3/5/2010,3.48878
3/4/2010,3.38175
3/3/2010,3.39125
3/2/2010,3.40414
3/1/2010,3.41013
2/26/2010,3.42362
2/25/2010,3.45808
2/24/2010,3.50769
2/23/2010,3.50403
2/22/2010,3.61039
2/19/2010,3.62292
2/18/2010,3.64192
2/17/2010,3.56599
2/16/2010,3.48492
2/15/2010,3.54937
2/12/2010,3.54887
2/11/2010,3.57341
2/10/2010,3.55545
2/9/2010,3.49979
2/8/2010,3.40266
2/5/2010,3.41485
2/4/2010,3.46674
2/3/2010,3.57519
2/2/2010,3.51927
2/1/2010,3.54089
1/29/2010,3.48812
1/28/2010,3.54389
1/27/2010,3.55705
1/26/2010,3.51557
1/25/2010,3.52618
1/22/2010,3.51105
1/21/2010,3.47812
1/20/2010,3.54041
1/19/2010,3.57357
1/18/2010,3.60886
1/15/2010,3.56117
1/14/2010,3.61503
1/13/2010,3.67408
1/12/2010,3.59099
1/11/2010,3.69662
1/8/2010,3.72373
1/7/2010,3.72038
1/6/2010,3.69954
1/5/2010,3.63072
1/4/2010,3.71075
1/1/2010,3.72696
12/31/2009,3.78056
12/30/2009,3.7067
12/29/2009,3.72646
12/28/2009,3.77562
12/25/2009,3.72514
12/24/2009,3.72646
12/23/2009,3.68441
12/22/2009,3.69545
12/21/2009,3.60389
12/18/2009,3.44643
12/17/2009,3.39319
12/16/2009,3.5146
12/15/2009,3.50022
12/14/2009,3.45053
12/11/2009,3.45715
12/10/2009,3.38805
12/9/2009,3.3328
12/8/2009,3.29213
12/7/2009,3.34518
12/4/2009,3.39269
12/3/2009,3.27117
12/2/2009,3.18553
12/1/2009,3.16213
11/30/2009,3.06603
11/27/2009,3.05888
11/26/2009,3.12809
11/25/2009,3.11952
11/24/2009,3.15887
11/23/2009,3.24351
11/20/2009,3.24216
11/19/2009,3.20758
11/18/2009,3.23124
11/17/2009,3.18887
11/16/2009,3.19835
11/13/2009,3.30754
11/12/2009,3.34341
11/11/2009,3.40184
11/10/2009,3.38409
11/9/2009,3.41341
11/6/2009,3.42984
11/5/2009,3.46737
11/4/2009,3.47131
11/3/2009,3.41254
11/2/2009,3.38084
10/30/2009,3.34516
10/29/2009,3.44676
10/28/2009,3.35599
10/27/2009,3.42449
10/26/2009,3.54463
10/23/2009,3.46318
10/22/2009,3.39436
10/21/2009,3.35751
10/20/2009,3.28515
10/19/2009,3.3264
10/16/2009,3.39062
10/15/2009,3.39867
10/14/2009,3.36487
10/13/2009,3.29883
10/12/2009,3.32686
10/9/2009,3.33651
10/8/2009,3.18254
10/7/2009,3.14317
10/6/2009,3.21661
10/5/2009,3.17371
10/2/2009,3.16286
10/1/2009,3.11089
9/30/2009,3.24085
9/29/2009,3.2204
9/28/2009,3.22292
9/25/2009,3.2581
9/24/2009,3.35274
9/23/2009,3.39053
9/22/2009,3.44266
9/21/2009,3.47547
9/18/2009,3.45474
9/17/2009,3.36537
9/16/2009,3.4512
9/15/2009,3.43996
9/14/2009,3.3894
9/11/2009,3.29476
9/10/2009,3.29331
9/9/2009,3.41923
9/8/2009,3.44956
9/7/2009,3.4112
9/4/2009,3.4172
9/3/2009,3.32073
9/2/2009,3.28481
9/1/2009,3.3611
8/31/2009,3.38367
8/28/2009,3.44389
8/27/2009,3.44832
8/26/2009,3.43265
8/25/2009,3.45338
8/24/2009,3.49991
8/21/2009,3.59049
8/20/2009,3.44443
8/19/2009,3.47866
8/18/2009,3.52824
8/17/2009,3.44093
8/14/2009,3.56012
8/13/2009,3.59245
8/12/2009,3.72571
8/11/2009,3.71456
8/10/2009,3.85029
8/7/2009,3.94295
8/6/2009,3.81187
8/5/2009,3.78703
8/4/2009,3.69987
8/3/2009,3.66194
7/31/2009,3.48929
7/30/2009,3.62086
7/29/2009,3.66239
7/28/2009,3.67049
7/27/2009,3.72058
7/24/2009,3.65959
7/23/2009,3.67124
7/22/2009,3.52392
7/21/2009,3.47458
7/20/2009,3.634
7/17/2009,3.67249
7/16/2009,3.58428
7/15/2009,3.63856
7/14/2009,3.47407
7/13/2009,3.32411
7/10/2009,3.26332
7/9/2009,3.3588
7/8/2009,3.24132
7/7/2009,3.42074
7/6/2009,3.47462
7/3/2009,3.48006
7/2/2009,3.47485
7/1/2009,3.51322
6/30/2009,3.54797
6/29/2009,3.43105
6/26/2009,3.46458
6/25/2009,3.46586
6/24/2009,3.63537
6/23/2009,3.59527
6/22/2009,3.64695
6/19/2009,3.75997
6/18/2009,3.80964
6/17/2009,3.5979
6/16/2009,3.56605
6/15/2009,3.66941
6/12/2009,3.79018
6/11/2009,3.90753
6/10/2009,4.03567
6/9/2009,3.93974
6/8/2009,4.0146
6/5/2009,3.91831
6/4/2009,3.7739
6/3/2009,3.55968
6/2/2009,3.64713
6/1/2009,3.69989
5/29/2009,3.35336
5/28/2009,3.57314
5/27/2009,3.7652
5/26/2009,3.45828
5/25/2009,3.34396
5/22/2009,3.30762
5/21/2009,3.20669
5/20/2009,3.00819
5/19/2009,3.02337
5/18/2009,3.02085
5/15/2009,2.93329
5/14/2009,2.87695
5/13/2009,2.90497
5/12/2009,2.95703
5/11/2009,2.98171
5/8/2009,3.09323
5/7/2009,3.12404
5/6/2009,2.93632
5/5/2009,2.95451
5/4/2009,2.95899
5/1/2009,2.95949
4/30/2009,2.89139
4/29/2009,2.86611
4/28/2009,2.78721
4/27/2009,2.70483
4/24/2009,2.78213
4/23/2009,2.69283
4/22/2009,2.73287
4/21/2009,2.69333
4/20/2009,2.66127
4/17/2009,2.75228
4/16/2009,2.62941
4/15/2009,2.57294
4/14/2009,2.61062
4/13/2009,2.70104
4/10/2009,2.71557
4/9/2009,2.75317
4/8/2009,2.69811
4/7/2009,2.7577
4/6/2009,2.76852
4/3/2009,2.7061
4/2/2009,2.58946
4/1/2009,2.50614
3/31/2009,2.49689
3/30/2009,2.53906
3/27/2009,2.59695
3/26/2009,2.56462
3/25/2009,2.64641
3/24/2009,2.58087
3/23/2009,2.55142
3/20/2009,2.58126
3/19/2009,2.53535
3/18/2009,2.46617
3/17/2009,2.80741
3/16/2009,2.75984
3/13/2009,2.7166
3/12/2009,2.62189
3/11/2009,2.68722
3/10/2009,2.81384
3/9/2009,2.69275
3/6/2009,2.72587
3/5/2009,2.71021
3/4/2009,2.8876
3/3/2009,2.8221
3/2/2009,2.83015
2/27/2009,2.9445
2/26/2009,2.93375
2/25/2009,2.87126
2/24/2009,2.68529
2/23/2009,2.64206
2/20/2009,2.66295
2/19/2009,2.72307
2/18/2009,2.65592
2/17/2009,2.56648
2/16/2009,2.75871
2/13/2009,2.76553
2/12/2009,2.64684
2/11/2009,2.63754
2/10/2009,2.7216
2/9/2009,2.85794
2/6/2009,2.85392
2/5/2009,2.78515
2/4/2009,2.80298
2/3/2009,2.73133
2/2/2009,2.58177
1/30/2009,2.73802
1/29/2009,2.73428
1/28/2009,2.53648
1/27/2009,2.38218
1/26/2009,2.48455
1/23/2009,2.41329
1/22/2009,2.38269
1/21/2009,2.33536
1/20/2009,2.18229
1/19/2009,2.10116
1/16/2009,2.13636
1/15/2009,2.05431
1/14/2009,2.04119
1/13/2009,2.18129
1/12/2009,2.16686
1/9/2009,2.22357
1/8/2009,2.25173
1/7/2009,2.34296
1/6/2009,2.35128
1/5/2009,2.47196
1/2/2009,2.39383
1/1/2009,2.21234
12/31/2008,2.21034
12/30/2008,2.09165
12/29/2008,2.12359
12/26/2008,2.16826
12/25/2008,2.20608
12/24/2008,2.19731
12/23/2008,2.17812
12/22/2008,2.13965
12/19/2008,2.02059
12/18/2008,1.94982
12/17/2008,1.99858
12/16/2008,1.99478
12/15/2008,2.29578
12/12/2008,2.31433
12/11/2008,2.41245
12/10/2008,2.4688
12/9/2008,2.47269
12/8/2008,2.56269
12/5/2008,2.54553
12/4/2008,2.44533
12/3/2008,2.51208
12/2/2008,2.44401
12/1/2008,2.50696
11/28/2008,2.67411
11/27/2008,2.85657
11/26/2008,2.74288
11/25/2008,2.80675
11/24/2008,3.09985
11/21/2008,2.99649
11/20/2008,2.73671
11/19/2008,3.18096
11/18/2008,3.43546
11/17/2008,3.58464
11/14/2008,3.67372
11/13/2008,3.78059
11/12/2008,3.63195
11/11/2008,3.77881
11/10/2008,3.79401
11/7/2008,3.82594
11/6/2008,3.73676
11/5/2008,3.7198
11/4/2008,3.79936
11/3/2008,4.01083
10/31/2008,4.05042
10/30/2008,4.04737
10/29/2008,3.9266
10/28/2008,3.95856
10/27/2008,3.78162
10/24/2008,3.75072
10/23/2008,3.71435
10/22/2008,3.64255
10/21/2008,3.7745
10/20/2008,3.89262
10/17/2008,4.05499
10/16/2008,4.11338
10/15/2008,4.08189
10/14/2008,4.22922
10/13/2008,4.09255
10/10/2008,3.91053
10/9/2008,3.89417
10/8/2008,3.68975
10/7/2008,3.63458
10/6/2008,3.58097
10/3/2008,3.74002
10/2/2008,3.82461
10/1/2008,3.8758
9/30/2008,3.95451
9/29/2008,3.72041
9/26/2008,3.98951
9/25/2008,4.00118
9/24/2008,4.00879
9/23/2008,3.98875
9/22/2008,4.03899
9/19/2008,3.9847
9/18/2008,3.72899
9/17/2008,3.61369
9/16/2008,3.63859
9/15/2008,3.5474
9/12/2008,3.89619
9/11/2008,3.78341
9/10/2008,3.81887
9/9/2008,3.78517
9/8/2008,3.8375
9/5/2008,3.93257
9/4/2008,3.8574
9/3/2008,3.96693
9/2/2008,4.006
9/1/2008,4.04763
8/29/2008,4.06032
8/28/2008,4.03696
8/27/2008,4.04153
8/26/2008,4.06387
8/25/2008,4.09738
8/22/2008,4.15719
8/21/2008,4.11465
8/20/2008,4.08215
8/19/2008,4.14389
8/18/2008,4.14518
8/15/2008,4.16943
8/14/2008,4.19212
8/13/2008,4.23246
8/12/2008,4.22935
8/11/2008,4.33512
8/8/2008,4.25471
8/7/2008,4.28223
8/6/2008,4.41255
8/5/2008,4.36388
8/4/2008,4.31707
8/1/2008,4.26368
7/31/2008,4.28873
7/30/2008,4.35741
7/29/2008,4.34989
7/28/2008,4.31428
7/25/2008,4.41452
7/24/2008,4.29546
7/23/2008,4.43132
7/22/2008,4.43208
7/21/2008,4.42025
7/18/2008,4.49333
7/17/2008,4.39482
7/16/2008,4.29637
7/15/2008,4.16419
7/14/2008,4.21489
7/11/2008,4.31723
7/10/2008,4.18215
7/9/2008,4.21559
7/8/2008,4.30556
7/7/2008,4.39282
7/4/2008,4.44832
7/3/2008,4.44221
7/2/2008,4.41318
7/1/2008,4.42031
6/30/2008,4.37958
6/27/2008,4.37857
6/26/2008,4.44945
6/25/2008,4.48714
6/24/2008,4.48001
6/23/2008,4.57649
6/20/2008,4.55916
6/19/2008,4.5762
6/18/2008,4.48795
6/17/2008,4.59251
6/16/2008,4.69246
6/13/2008,4.66593
6/12/2008,4.62086
6/11/2008,4.50423
6/10/2008,4.57633
6/9/2008,4.44896
6/6/2008,4.37781
6/5/2008,4.48372
6/4/2008,4.38901
6/3/2008,4.26892
6/2/2008,4.31878
5/30/2008,4.42312
5/29/2008,4.43483
5/28/2008,4.36356
5/27/2008,4.2866
5/26/2008,4.19367
5/23/2008,4.20892
5/22/2008,4.25577
5/21/2008,4.13478
5/20/2008,4.0921
5/19/2008,4.13637
5/16/2008,4.16673
5/15/2008,4.1243
5/14/2008,4.26104
5/13/2008,4.27478
5/12/2008,4.11973
5/9/2008,4.09229
5/8/2008,4.08518
5/7/2008,4.18173
5/6/2008,4.2702
5/5/2008,4.20104
5/2/2008,4.19393
5/1/2008,4.08442
4/30/2008,4.0504
4/29/2008,4.15403
4/28/2008,4.1567
4/25/2008,4.21464
4/24/2008,4.16781
4/23/2008,4.07046
4/22/2008,4.01816
4/21/2008,4.06893
4/18/2008,4.04418
4/17/2008,4.12824
4/16/2008,4.12659
4/15/2008,4.0212
4/14/2008,3.92197
4/11/2008,3.84094
4/10/2008,3.929
4/9/2008,3.85818
4/8/2008,3.93122
4/7/2008,3.89888
4/4/2008,3.83497
4/3/2008,3.99834
4/2/2008,4.01471
4/1/2008,3.94568
3/31/2008,3.8076
3/28/2008,3.84309
3/27/2008,3.95266
3/26/2008,3.85424
3/25/2008,3.86996
3/24/2008,3.92272
3/21/2008,3.70979
3/20/2008,3.69561
3/19/2008,3.6656
3/18/2008,3.82497
3/17/2008,3.65827
3/14/2008,3.87315
3/13/2008,3.96611
3/12/2008,3.9382
3/11/2008,4.07159
3/10/2008,4.03998
3/7/2008,4.11058
3/6/2008,4.21007
3/5/2008,4.24134
3/4/2008,4.09902
3/3/2008,3.98692
2/29/2008,3.94937
2/28/2008,4.10829
2/27/2008,4.27109
2/26/2008,4.30263
2/25/2008,4.3733
2/22/2008,4.28889
2/21/2008,4.22735
2/20/2008,4.33889
2/19/2008,4.41232
2/18/2008,4.2524
2/15/2008,4.24833
2/14/2008,4.31752
2/13/2008,4.19761
2/12/2008,4.1107
2/11/2008,4.05
2/8/2008,4.07615
2/7/2008,4.19189
2/6/2008,4.0015
2/5/2008,3.9803
2/4/2008,4.05812
2/1/2008,4.00022
1/31/2008,3.99426
1/30/2008,4.06916
1/29/2008,4.0458
1/28/2008,3.94934
1/25/2008,3.91763
1/24/2008,4.12073
1/23/2008,4.01102
1/22/2008,3.79997
1/21/2008,4.01458
1/18/2008,4.01052
1/17/2008,4.00772
1/16/2008,4.122
1/15/2008,4.01787
1/14/2008,4.10397
1/11/2008,4.12417
1/10/2008,4.23702
1/9/2008,4.16622
1/8/2008,4.13726
1/7/2008,4.18198
1/4/2008,4.24007
1/3/2008,4.27719
1/2/2008,4.29106
1/1/2008,4.41677
12/31/2007,4.41677
12/28/2007,4.48999
12/27/2007,4.62327
12/26/2007,4.68078
12/25/2007,4.61549
12/24/2007,4.61753
12/21/2007,4.57623
12/20/2007,4.45089
12/19/2007,4.41161
12/18/2007,4.52775
12/17/2007,4.5675
12/14/2007,4.66643
12/13/2007,4.60625
12/12/2007,4.53386
12/11/2007,4.44089
12/10/2007,4.63225
12/7/2007,4.57464
12/6/2007,4.42791
12/5/2007,4.37693
12/4/2007,4.31891
12/3/2007,4.26855
11/30/2007,4.33214
11/29/2007,4.35008
11/28/2007,4.44732
11/27/2007,4.3908
11/26/2007,4.31497
11/23/2007,4.51979
11/22/2007,4.57688
11/21/2007,4.5728
11/20/2007,4.66816
11/19/2007,4.61372
11/16/2007,4.66727
11/15/2007,4.64904
11/14/2007,4.74509
11/13/2007,4.77062
11/12/2007,4.73935
11/9/2007,4.73118
11/8/2007,4.80585
11/7/2007,4.82716
11/6/2007,4.88672
11/5/2007,4.84078
11/2/2007,4.7908
11/1/2007,4.80499
10/31/2007,4.91125
10/30/2007,4.79948
10/29/2007,4.80414
10/26/2007,4.84738
10/25/2007,4.79117
10/24/2007,4.73706
10/23/2007,4.81378
10/22/2007,4.83471
10/19/2007,4.81926
10/18/2007,4.92477
10/17/2007,4.97933
10/16/2007,5.08716
10/15/2007,5.10946
10/12/2007,5.10763
10/11/2007,5.0363
10/10/2007,5.05604
10/9/2007,5.1019
10/8/2007,5.22249
10/5/2007,5.0494
10/4/2007,4.92412
10/3/2007,4.9675
10/2/2007,4.93741
10/1/2007,4.96604
9/28/2007,5.0003
9/27/2007,4.97933
9/26/2007,5.05386
9/25/2007,5.07279
9/24/2007,5.09534
9/21/2007,5.07181
9/20/2007,5.17073
9/19/2007,4.95841
9/18/2007,4.89503
9/17/2007,4.93666
9/14/2007,4.93564
9/13/2007,4.9244
9/12/2007,4.83533
9/11/2007,4.83423
9/10/2007,4.74853
9/7/2007,4.80724
9/6/2007,4.97459
9/5/2007,4.94866
9/4/2007,5.04786
9/3/2007,5.0095
8/31/2007,5.01155
8/30/2007,5.01001
8/29/2007,5.07269
8/28/2007,5.02423
8/27/2007,5.05032
8/24/2007,5.0805
8/23/2007,5.15127
8/22/2007,5.16458
8/21/2007,5.14666
8/20/2007,5.19363
8/17/2007,5.25062
8/16/2007,5.25062
8/15/2007,5.29007
8/14/2007,5.30149
8/13/2007,5.31174
8/10/2007,5.32734
8/9/2007,5.27507
8/8/2007,5.36498
8/7/2007,5.30827
8/6/2007,5.29217
8/3/2007,5.27175
8/2/2007,5.33229
8/1/2007,5.3651
7/31/2007,5.33486
7/30/2007,5.38636
7/27/2007,5.36123
7/26/2007,5.35686
7/25/2007,5.47068
7/24/2007,5.47941
7/23/2007,5.50353
7/20/2007,5.50411
7/19/2007,5.55134
7/18/2007,5.57034
7/17/2007,5.59367
7/16/2007,5.57415
7/13/2007,5.62055
7/12/2007,5.66155
7/11/2007,5.63073
7/10/2007,5.57423
7/9/2007,5.66823
7/6/2007,5.7073
7/5/2007,5.64511
7/4/2007,5.54188
7/3/2007,5.53674
7/2/2007,5.49773
6/29/2007,5.54239
6/28/2007,5.60658
6/27/2007,5.57936
6/26/2007,5.58552
6/25/2007,5.59015
6/22/2007,5.63175
6/21/2007,5.69445
6/20/2007,5.61994
6/19/2007,5.54393
6/18/2007,5.59888
6/15/2007,5.64049
6/14/2007,5.70216
6/13/2007,5.69188
6/12/2007,5.81631
6/11/2007,5.64357
6/8/2007,5.5922
6/7/2007,5.62353
6/6/2007,5.4182
6/5/2007,5.44333
6/4/2007,5.3746
6/1/2007,5.40383
5/31/2007,5.32794
5/30/2007,5.30129
5/29/2007,5.31359
5/28/2007,5.28525
5/25/2007,5.28591
5/24/2007,5.26644
5/23/2007,5.2772
5/22/2007,5.25107
5/21/2007,5.20547
5/18/2007,5.22955
5/17/2007,5.16962
5/16/2007,5.12047
5/15/2007,5.11331
5/14/2007,5.10461
5/11/2007,5.084
5/10/2007,5.04525
5/9/2007,5.0739
5/8/2007,5.03911
5/7/2007,5.0345
5/4/2007,5.0432
5/3/2007,5.07544
5/2/2007,5.04985
5/1/2007,5.04576
4/30/2007,5.03348
4/27/2007,5.10256
4/26/2007,5.10256
4/25/2007,5.04781
4/24/2007,5.0079
4/23/2007,5.03348
4/20/2007,5.06367
4/19/2007,5.05548
4/18/2007,5.03604
4/17/2007,5.07083
4/16/2007,5.13327
4/13/2007,5.16706
4/12/2007,5.14095
4/11/2007,5.13634
4/10/2007,5.12559
4/9/2007,5.15324
4/6/2007,5.15836
4/5/2007,5.07741
4/4/2007,5.05081
4/3/2007,5.06104
4/2/2007,5.03392
3/30/2007,5.03437
3/29/2007,5.03846
3/28/2007,5.01179
3/27/2007,4.98724
3/26/2007,4.99287
3/23/2007,4.99901
3/22/2007,4.95759
3/21/2007,4.91004
3/20/2007,4.93918
3/19/2007,4.95401
3/16/2007,4.9356
3/15/2007,4.92589
3/14/2007,4.93049
3/13/2007,4.89165
3/12/2007,4.94877
3/9/2007,4.98571
3/8/2007,4.90698
3/7/2007,4.8804
3/6/2007,4.93107
3/5/2007,4.91982
3/2/2007,4.92136
3/1/2007,4.95254
2/28/2007,4.97204
2/27/2007,4.91836
2/26/2007,5.01244
2/23/2007,5.05746
2/22/2007,5.10659
2/21/2007,5.0616
2/20/2007,5.04528
2/19/2007,5.06258
2/16/2007,5.06109
2/15/2007,5.07557
2/14/2007,5.10183
2/13/2007,5.1883
2/12/2007,5.19178
2/9/2007,5.16341
2/8/2007,5.09737
2/7/2007,5.10044
2/6/2007,5.11989
2/5/2007,5.15855
2/2/2007,5.18645
2/1/2007,5.21397
1/31/2007,5.19169
1/30/2007,5.26151
1/29/2007,5.27955
1/26/2007,5.24625
1/25/2007,5.23969
1/24/2007,5.15764
1/23/2007,5.15508
1/22/2007,5.10159
1/19/2007,5.12487
1/18/2007,5.09109
1/17/2007,5.13875
1/16/2007,5.09723
1/15/2007,5.1259
1/12/2007,5.12283
1/11/2007,5.07888
1/10/2007,5.02576
1/9/2007,4.97967
1/8/2007,4.97073
1/5/2007,4.95247
1/4/2007,4.92149
1/3/2007,4.98325
1/2/2007,5.01333
1/1/2007,5.0297
