Security,USOSFRC BGN Curncy
Start Date,1/1/2007 0:00
End Date,7/25/2025 0:00
Period,D
Currency,USD
Pricing Source,BGN
,
Date,PX_LAST
7/25/2025,4.31835
7/24/2025,4.31734
7/23/2025,4.316
7/22/2025,4.32028
7/21/2025,4.32321
7/18/2025,4.3191
7/17/2025,4.33426
7/16/2025,4.3309
7/15/2025,4.3373
7/14/2025,4.32666
7/11/2025,4.3192
7/10/2025,4.31945
7/9/2025,4.322
7/8/2025,4.3354
7/7/2025,4.3307
7/4/2025,4.329
7/3/2025,4.3315
7/2/2025,4.28208
7/1/2025,4.29925
6/30/2025,4.3019
6/27/2025,4.2969
6/26/2025,4.2932
6/25/2025,4.2961
6/24/2025,4.30837
6/23/2025,4.30738
6/20/2025,4.31662
6/19/2025,4.3284
6/18/2025,4.3261
6/17/2025,4.3251
6/16/2025,4.33115
6/13/2025,4.3123
6/12/2025,4.3097
6/11/2025,4.3143
6/10/2025,4.323
6/9/2025,4.32398
6/6/2025,4.32382
6/5/2025,4.3076
6/4/2025,4.3093
6/3/2025,4.3157
6/2/2025,4.31717
5/30/2025,4.31765
5/29/2025,4.32087
5/28/2025,4.3296
5/27/2025,4.3285
5/23/2025,4.327
5/22/2025,4.32762
5/21/2025,4.3275
5/20/2025,4.3271
5/19/2025,4.32535
5/16/2025,4.32265
5/15/2025,4.32081
5/14/2025,4.3251
5/13/2025,4.32541
5/12/2025,4.32528
5/9/2025,4.30991
5/8/2025,4.31098
5/7/2025,4.3062
5/6/2025,4.30076
5/5/2025,4.3081
5/2/2025,4.30203
5/1/2025,4.26765
4/30/2025,4.26585
4/29/2025,4.27186
4/28/2025,4.27876
4/25/2025,4.27665
4/24/2025,4.28355
4/23/2025,4.2924
4/22/2025,4.28503
4/21/2025,4.28136
4/17/2025,4.28485
4/16/2025,4.27076
4/15/2025,4.27922
4/14/2025,4.27822
4/11/2025,4.27239
4/10/2025,4.25625
4/9/2025,4.299
4/8/2025,4.1877
4/7/2025,4.2295
4/4/2025,4.207
4/3/2025,4.253
4/2/2025,4.28992
4/1/2025,4.2832
3/31/2025,4.287
3/28/2025,4.28494
3/27/2025,4.30046
3/26/2025,4.30183
3/25/2025,4.30775
3/24/2025,4.30775
3/21/2025,4.29711
3/20/2025,4.2997
3/19/2025,4.3015
3/18/2025,4.31008
3/17/2025,4.31035
3/14/2025,4.30137
3/13/2025,4.2922
3/12/2025,4.30044
3/11/2025,4.2947
3/10/2025,4.2854
3/7/2025,4.3062
3/6/2025,4.28914
3/5/2025,4.30375
3/4/2025,4.304
3/3/2025,4.29387
2/28/2025,4.306
2/27/2025,4.315
2/26/2025,4.3181
2/25/2025,4.316
2/24/2025,4.31615
2/21/2025,4.31348
2/20/2025,4.322
2/19/2025,4.3284
2/18/2025,4.33095
2/17/2025,4.326
2/14/2025,4.3261
2/13/2025,4.32347
2/12/2025,4.3268
2/11/2025,4.3219
2/10/2025,4.319
2/7/2025,4.31542
2/6/2025,4.3045
2/5/2025,4.30557
2/4/2025,4.3042
2/3/2025,4.30555
1/31/2025,4.3028
1/30/2025,4.304
1/29/2025,4.30392
1/28/2025,4.29076
1/27/2025,4.29295
1/24/2025,4.29641
1/23/2025,4.30067
1/22/2025,4.3035
1/21/2025,4.2995
1/20/2025,4.292
1/17/2025,4.29254
1/16/2025,4.2931
1/15/2025,4.2955
1/14/2025,4.3036
1/13/2025,4.3079
1/10/2025,4.30469
1/9/2025,4.28975
1/8/2025,4.293
1/7/2025,4.2935
1/6/2025,4.2891
1/3/2025,4.2909
1/2/2025,4.29325
12/31/2024,4.302
12/30/2024,4.3055
12/27/2024,4.31475
12/26/2024,4.3218
12/24/2024,4.33085
12/23/2024,4.3279
12/20/2024,4.3303
12/19/2024,4.33445
12/18/2024,4.347
12/17/2024,4.35785
12/16/2024,4.3588
12/13/2024,4.36235
12/12/2024,4.3563
12/11/2024,4.36776
12/10/2024,4.39605
12/9/2024,4.398
12/6/2024,4.3945
12/5/2024,4.4273
12/4/2024,4.4329
12/3/2024,4.4469
12/2/2024,4.4512
11/29/2024,4.467
11/28/2024,4.4746
11/27/2024,4.4695
11/26/2024,4.4832
11/25/2024,4.5146
11/22/2024,4.52485
11/21/2024,4.5195
11/20/2024,4.52545
11/19/2024,4.52
11/18/2024,4.521
11/15/2024,4.5215
11/14/2024,4.521
11/13/2024,4.48645
11/12/2024,4.5293
11/11/2024,4.5265
11/8/2024,4.5225
11/7/2024,4.5092
11/6/2024,4.5245
11/5/2024,4.5248
11/4/2024,4.5273
11/1/2024,4.536
10/31/2024,4.5554
10/30/2024,4.57175
10/29/2024,4.5759
10/28/2024,4.5933
10/25/2024,4.5939
10/24/2024,4.60788
10/23/2024,4.6288
10/22/2024,4.62963
10/21/2024,4.646
10/18/2024,4.62455
10/17/2024,4.6401
10/16/2024,4.63
10/15/2024,4.6325
10/14/2024,4.65525
10/11/2024,4.6473
10/10/2024,4.65554
10/9/2024,4.67545
10/8/2024,4.6703
10/7/2024,4.6788
10/4/2024,4.6488
10/3/2024,4.5936
10/2/2024,4.60495
10/1/2024,4.6156
9/30/2024,4.6284
9/27/2024,4.5935
9/26/2024,4.6155
9/25/2024,4.6255
9/24/2024,4.6382
9/23/2024,4.65575
9/20/2024,4.669
9/19/2024,4.6913
9/18/2024,4.7255
9/17/2024,4.8226
9/16/2024,4.81525
9/13/2024,4.8803
9/12/2024,4.906
9/11/2024,4.9805
9/10/2024,4.9382
9/9/2024,4.95166
9/6/2024,4.9582
9/5/2024,4.9483
9/4/2024,4.96163
9/3/2024,4.99487
8/30/2024,5.01405
8/29/2024,5.02738
8/28/2024,5.0449
8/27/2024,5.0556
8/26/2024,5.0683
8/23/2024,5.0625
8/22/2024,5.0924
8/21/2024,5.0766
8/20/2024,5.10355
8/19/2024,5.1295
8/16/2024,5.1257
8/15/2024,5.13725
8/14/2024,5.1243
8/13/2024,5.111
8/12/2024,5.1277
8/9/2024,5.13455
8/8/2024,5.1285
8/7/2024,5.1017
8/6/2024,5.125
8/5/2024,5.0918
8/2/2024,5.1325
8/1/2024,5.2064
7/31/2024,5.2441
7/30/2024,5.2442
7/29/2024,5.252
7/26/2024,5.251
7/25/2024,5.26
7/24/2024,5.2658
7/23/2024,5.2822
7/22/2024,5.286
7/19/2024,5.28375
7/18/2024,5.2852
7/17/2024,5.2891
7/16/2024,5.2826
7/15/2024,5.28285
7/12/2024,5.28735
7/11/2024,5.28337
7/10/2024,5.3045
7/9/2024,5.3085
7/8/2024,5.30515
7/5/2024,5.3027
7/4/2024,5.3075
7/3/2024,5.3075
7/2/2024,5.31635
7/1/2024,5.3226
6/28/2024,5.3219
6/27/2024,5.3241
6/26/2024,5.33209
6/25/2024,5.3369
6/24/2024,5.3391
6/21/2024,5.342
6/20/2024,5.3455
6/19/2024,5.3474
6/18/2024,5.3466
6/17/2024,5.35615
6/14/2024,5.3495
6/13/2024,5.3442
6/12/2024,5.3477
6/11/2024,5.3451
6/10/2024,5.3462
6/7/2024,5.3465
6/6/2024,5.3295
6/5/2024,5.3354
6/4/2024,5.33755
6/3/2024,5.33845
5/31/2024,5.33995
5/30/2024,5.3416
5/29/2024,5.3447
5/28/2024,5.347
5/24/2024,5.343
5/23/2024,5.3451
5/22/2024,5.33715
5/21/2024,5.3322
5/20/2024,5.33085
5/17/2024,5.327
5/16/2024,5.3254
5/15/2024,5.325
5/14/2024,5.3269
5/13/2024,5.3301
5/10/2024,5.3263
5/9/2024,5.3235
5/8/2024,5.32565
5/7/2024,5.327
5/6/2024,5.3255
5/3/2024,5.323
5/2/2024,5.3275
5/1/2024,5.3367
4/30/2024,5.3373
4/29/2024,5.32905
4/26/2024,5.32925
4/25/2024,5.3301
4/24/2024,5.323
4/23/2024,5.3227
4/22/2024,5.3244
4/19/2024,5.3219
4/18/2024,5.32595
4/17/2024,5.32555
4/16/2024,5.32925
4/15/2024,5.3213
4/12/2024,5.3179
4/11/2024,5.32595
4/10/2024,5.3325
4/9/2024,5.29975
4/8/2024,5.30885
4/5/2024,5.3053
4/4/2024,5.2831
4/3/2024,5.3055
4/2/2024,5.3051
4/1/2024,5.311
3/29/2024,5.30365
3/28/2024,5.30365
3/27/2024,5.2999
3/26/2024,5.3058
3/25/2024,5.3123
3/22/2024,5.3068
3/21/2024,5.31605
3/20/2024,5.31555
3/19/2024,5.3312
3/18/2024,5.33405
3/15/2024,5.33375
3/14/2024,5.33365
3/13/2024,5.333
3/12/2024,5.33515
3/11/2024,5.3275
3/8/2024,5.32265
3/7/2024,5.3152
3/6/2024,5.3247
3/5/2024,5.3254
3/4/2024,5.329
3/1/2024,5.32075
2/29/2024,5.33065
2/28/2024,5.33571
2/27/2024,5.3411
2/26/2024,5.34375
2/23/2024,5.338
2/22/2024,5.33125
2/21/2024,5.3275
2/20/2024,5.3248
2/16/2024,5.3225
2/15/2024,5.3164
2/14/2024,5.32246
2/13/2024,5.32858
2/12/2024,5.31155
2/9/2024,5.31048
2/8/2024,5.3095
2/7/2024,5.3144
2/6/2024,5.31525
2/5/2024,5.32575
2/2/2024,5.3171
2/1/2024,5.29355
1/31/2024,5.312
1/30/2024,5.3098
1/29/2024,5.3078
1/26/2024,5.30835
1/25/2024,5.3113
1/24/2024,5.3255
1/23/2024,5.31642
1/22/2024,5.3234
1/19/2024,5.3172
1/18/2024,5.313
1/17/2024,5.3195
1/16/2024,5.312
1/12/2024,5.30055
1/11/2024,5.30585
1/10/2024,5.32165
1/9/2024,5.3245
1/8/2024,5.3286
1/5/2024,5.323
1/4/2024,5.32975
1/3/2024,5.3331
1/2/2024,5.3301
12/29/2023,5.3265
12/28/2023,5.3295
12/27/2023,5.337
12/26/2023,5.3476
12/22/2023,5.3472
12/21/2023,5.35131
12/20/2023,5.36015
12/19/2023,5.3723
12/18/2023,5.37275
12/15/2023,5.37162
12/14/2023,5.36735
12/13/2023,5.368
12/12/2023,5.383
12/11/2023,5.38486
12/8/2023,5.38235
12/7/2023,5.3707
12/6/2023,5.368
12/5/2023,5.37658
12/4/2023,5.3768
12/1/2023,5.358
11/30/2023,5.37
11/29/2023,5.3712
11/28/2023,5.3729
11/27/2023,5.3842
11/24/2023,5.3901
11/23/2023,5.388
11/22/2023,5.3855
11/21/2023,5.3788
11/20/2023,5.3756
11/17/2023,5.37
11/16/2023,5.3658
11/15/2023,5.36825
11/14/2023,5.359
11/13/2023,5.388
11/10/2023,5.3809
11/9/2023,5.3785
11/8/2023,5.37
11/7/2023,5.3649
11/6/2023,5.3645
11/3/2023,5.36215
11/2/2023,5.382
11/1/2023,5.3795
10/31/2023,5.38875
10/30/2023,5.38115
10/27/2023,5.372
10/26/2023,5.37664
10/25/2023,5.38585
10/24/2023,5.38325
10/23/2023,5.378
10/20/2023,5.37337
10/19/2023,5.38144
10/18/2023,5.399
10/17/2023,5.4117
10/16/2023,5.396
10/13/2023,5.3896
10/12/2023,5.398
10/11/2023,5.387
10/10/2023,5.3934
10/6/2023,5.4197
10/5/2023,5.403
10/4/2023,5.40588
10/3/2023,5.4148
10/2/2023,5.40913
9/29/2023,5.38826
9/28/2023,5.39195
9/27/2023,5.392
9/26/2023,5.3826
9/25/2023,5.3825
9/22/2023,5.3845
9/21/2023,5.3955
9/20/2023,5.39285
9/19/2023,5.393
9/18/2023,5.3934
9/15/2023,5.391
9/14/2023,5.39788
9/13/2023,5.399
9/12/2023,5.407
9/11/2023,5.40855
9/8/2023,5.4068
9/7/2023,5.40082
9/6/2023,5.4015
9/5/2023,5.3971
9/1/2023,5.387
8/31/2023,5.3991
8/30/2023,5.396
8/29/2023,5.39895
8/28/2023,5.4225
8/25/2023,5.41495
8/24/2023,5.4025
8/23/2023,5.38565
8/22/2023,5.38788
8/21/2023,5.38455
8/18/2023,5.373
8/17/2023,5.37465
8/16/2023,5.37625
8/15/2023,5.3701
8/14/2023,5.372
8/11/2023,5.36815
8/10/2023,5.36245
8/9/2023,5.368
8/8/2023,5.363
8/7/2023,5.3627
8/4/2023,5.3603
8/3/2023,5.368
8/2/2023,5.36687
8/1/2023,5.36375
7/31/2023,5.36395
7/28/2023,5.3645
7/27/2023,5.36855
7/26/2023,5.3705
7/25/2023,5.362
7/24/2023,5.356
7/21/2023,5.3458
7/20/2023,5.345
7/19/2023,5.33575
7/18/2023,5.3305
7/17/2023,5.3245
7/14/2023,5.3195
7/13/2023,5.30437
7/12/2023,5.30225
7/11/2023,5.30424
7/10/2023,5.29905
7/7/2023,5.29585
7/6/2023,5.291
7/5/2023,5.2743
7/4/2023,5.2738
7/3/2023,5.2735
6/30/2023,5.2635
6/29/2023,5.261
6/28/2023,5.2338
6/27/2023,5.2355
6/26/2023,5.2378
6/23/2023,5.23165
6/22/2023,5.2374
6/21/2023,5.2285
6/20/2023,5.228
6/16/2023,5.217
6/15/2023,5.2062
6/14/2023,5.19695
6/13/2023,5.2111
6/12/2023,5.253
6/9/2023,5.25295
6/8/2023,5.2352
6/7/2023,5.2411
6/6/2023,5.2226
6/5/2023,5.2289
6/2/2023,5.24345
6/1/2023,5.225
5/31/2023,5.2405
5/30/2023,5.283
5/26/2023,5.2772
5/25/2023,5.27225
5/24/2023,5.2339
5/23/2023,5.182
5/22/2023,5.1674
5/19/2023,5.141
5/18/2023,5.1662
5/17/2023,5.13225
5/16/2023,5.1115
5/15/2023,5.10465
5/12/2023,5.0915
5/11/2023,5.08
5/10/2023,5.0766
5/9/2023,5.105
5/8/2023,5.08648
5/5/2023,5.072
5/4/2023,5.0505
5/3/2023,5.05825
5/2/2023,5.0566
5/1/2023,5.11225
4/28/2023,5.068
4/27/2023,5.084
4/26/2023,5.0448
4/25/2023,5.032
4/24/2023,5.064
4/21/2023,5.062
4/20/2023,5.057
4/19/2023,5.059
4/18/2023,5.04655
4/17/2023,5.04635
4/14/2023,5.0218
4/13/2023,4.9815
4/12/2023,4.98155
4/11/2023,4.9815
4/10/2023,4.97885
4/7/2023,4.9683
4/6/2023,4.9154
4/5/2023,4.903
4/4/2023,4.9019
4/3/2023,4.936
3/31/2023,4.91485
3/30/2023,4.9095
3/29/2023,4.89045
3/28/2023,4.88937
3/27/2023,4.904
3/24/2023,4.8317
3/23/2023,4.856
3/22/2023,4.881
3/21/2023,4.8894
3/20/2023,4.8397
3/17/2023,4.7627
3/16/2023,4.855
3/15/2023,4.747
3/14/2023,4.8735
3/13/2023,4.7287
3/10/2023,5.00515
3/9/2023,5.0727
3/8/2023,5.102
3/7/2023,5.059
3/6/2023,4.953
3/3/2023,4.9391
3/2/2023,4.9228
3/1/2023,4.9175
2/28/2023,4.893
2/27/2023,4.8878
2/24/2023,4.8834
2/23/2023,4.88725
2/22/2023,4.8555
2/21/2023,4.842
2/17/2023,4.816
2/16/2023,4.81075
2/15/2023,4.777
2/14/2023,4.772
2/13/2023,4.7649
2/10/2023,4.76
2/9/2023,4.757
2/8/2023,4.73
2/7/2023,4.72575
2/6/2023,4.7228
2/3/2023,4.70995
2/2/2023,4.6923
2/1/2023,4.68
1/31/2023,4.683
1/30/2023,4.68235
1/27/2023,4.66985
1/26/2023,4.67285
1/25/2023,4.656
1/24/2023,4.65985
1/23/2023,4.6592
1/20/2023,4.6518
1/19/2023,4.652
1/18/2023,4.63025
1/17/2023,4.63315
1/13/2023,4.62565
1/12/2023,4.6208
1/11/2023,4.634
1/10/2023,4.62495
1/9/2023,4.615
1/6/2023,4.61875
1/5/2023,4.6486
1/4/2023,4.6032
1/3/2023,4.5993
12/30/2022,4.59
12/29/2022,4.5826
12/28/2022,4.5635
12/27/2022,4.57
12/23/2022,4.5575
12/22/2022,4.545
12/21/2022,4.5172
12/20/2022,4.5213
12/19/2022,4.52055
12/16/2022,4.50425
12/15/2022,4.5035
12/14/2022,4.4905
12/13/2022,4.495
12/12/2022,4.5194
12/9/2022,4.4965
12/8/2022,4.484
12/7/2022,4.454
12/6/2022,4.45407
12/5/2022,4.448
12/2/2022,4.42695
12/1/2022,4.41535
11/30/2022,4.394
11/29/2022,4.40091
11/28/2022,4.39409
11/25/2022,4.39042
11/24/2022,4.3829
11/23/2022,4.39005
11/22/2022,4.37895
11/21/2022,4.33435
11/18/2022,4.3145
11/17/2022,4.29015
11/16/2022,4.2632
11/15/2022,4.2395
11/14/2022,4.22945
11/11/2022,4.215
11/10/2022,4.21535
11/9/2022,4.24395
11/8/2022,4.2125
11/7/2022,4.20895
11/4/2022,4.1865
11/3/2022,4.194
11/2/2022,4.169
11/1/2022,4.15
10/31/2022,4.1295
10/28/2022,4.095
10/27/2022,4.0666
10/26/2022,4.04415
10/25/2022,4.051
10/24/2022,4.0445
10/21/2022,4.0169
10/20/2022,4.04045
10/19/2022,4.002
10/18/2022,3.9551
10/17/2022,3.9468
10/14/2022,3.93485
10/13/2022,3.9265
10/12/2022,3.83035
10/11/2022,3.7995
10/10/2022,3.7762
10/7/2022,3.7707
10/6/2022,3.738
10/5/2022,3.67445
10/4/2022,3.64273
10/3/2022,3.6137
9/30/2022,3.5997
9/29/2022,3.5699
9/28/2022,3.52695
9/27/2022,3.52255
9/26/2022,3.54661
9/23/2022,3.527
9/22/2022,3.5175
9/21/2022,3.47105
9/20/2022,3.483
9/19/2022,3.4649
9/16/2022,3.43685
9/15/2022,3.4195
9/14/2022,3.36465
9/13/2022,3.348
9/12/2022,3.2034
9/9/2022,3.1765
9/8/2022,3.1461
9/7/2022,3.079
9/6/2022,3.059
9/2/2022,2.98965
9/1/2022,3.02345
8/31/2022,2.9746
8/30/2022,2.94875
8/29/2022,2.9435
8/26/2022,2.9095
8/25/2022,2.895
8/24/2022,2.8754
8/23/2022,2.835
8/22/2022,2.8347
8/19/2022,2.7865
8/18/2022,2.7745
8/17/2022,2.75
8/16/2022,2.7379
8/15/2022,2.722
8/12/2022,2.7184
8/11/2022,2.7011
8/10/2022,2.6923
8/9/2022,2.73315
8/8/2022,2.69595
8/5/2022,2.687
8/4/2022,2.617
8/3/2022,2.60965
8/2/2022,2.583
8/1/2022,2.5504
7/29/2022,2.5508
7/28/2022,2.5364
7/27/2022,2.542
7/26/2022,2.5575
7/25/2022,2.54595
7/22/2022,2.517
7/21/2022,2.53175
7/20/2022,2.50675
7/19/2022,2.4872
7/18/2022,2.4549
7/15/2022,2.4391
7/14/2022,2.46925
7/13/2022,2.5141
7/12/2022,2.30225
7/11/2022,2.28615
7/8/2022,2.2685
7/7/2022,2.2201
7/6/2022,2.2019
7/5/2022,2.126
7/4/2022,2.1397
7/1/2022,2.113
6/30/2022,2.09875
6/29/2022,2.06835
6/28/2022,2.048
6/27/2022,2.0425
6/24/2022,2.0075
6/23/2022,2.00575
6/22/2022,1.9815
6/21/2022,1.971
6/20/2022,1.951
6/17/2022,1.9393
6/16/2022,1.929
6/15/2022,1.8995
6/14/2022,1.8935
6/13/2022,1.8267
6/10/2022,1.6093
6/9/2022,1.5434
6/8/2022,1.5163
6/7/2022,1.4972
6/6/2022,1.4899
6/3/2022,1.4723
6/2/2022,1.461
6/1/2022,1.44
5/31/2022,1.413
5/27/2022,1.3928
5/26/2022,1.391
5/25/2022,1.3638
5/24/2022,1.34715
5/23/2022,1.3499
5/20/2022,1.32465
5/19/2022,1.32005
5/18/2022,1.302
5/17/2022,1.285
5/16/2022,1.265
5/13/2022,1.254
5/12/2022,1.24
5/11/2022,1.222
5/10/2022,1.199
5/9/2022,1.18
5/6/2022,1.1874
5/5/2022,1.1814
5/4/2022,1.15555
5/3/2022,1.1635
5/2/2022,1.134
4/29/2022,1.1419
4/28/2022,1.091
4/27/2022,1.02295
4/26/2022,0.99465
4/25/2022,1.0043
4/22/2022,0.985
4/21/2022,0.965
4/20/2022,0.9148
4/19/2022,0.8995
4/18/2022,0.87465
4/15/2022,0.8579
4/14/2022,0.8569
4/13/2022,0.8465
4/12/2022,0.801
4/11/2022,0.807
4/8/2022,0.786
4/7/2022,0.774
4/6/2022,0.7418
4/5/2022,0.724
4/4/2022,0.7065
4/1/2022,0.6877
3/31/2022,0.667
3/30/2022,0.63835
3/29/2022,0.6391
3/28/2022,0.644
3/25/2022,0.6335
3/24/2022,0.61575
3/23/2022,0.59165
3/22/2022,0.5799
3/21/2022,0.561
3/18/2022,0.5202
3/17/2022,0.4975
3/16/2022,0.5007
3/15/2022,0.5189
3/14/2022,0.51295
3/11/2022,0.475
3/10/2022,0.461
3/9/2022,0.44925
3/8/2022,0.41685
3/7/2022,0.414
3/4/2022,0.4015
3/3/2022,0.4105
3/2/2022,0.3903
3/1/2022,0.3615
2/28/2022,0.365
2/25/2022,0.404
2/24/2022,0.372
2/23/2022,0.38815
2/22/2022,0.387
2/18/2022,0.34425
2/17/2022,0.3653
2/16/2022,0.34645
2/15/2022,0.3657
2/14/2022,0.36127
2/11/2022,0.346
2/10/2022,0.4045
2/9/2022,0.27105
2/8/2022,0.2684
2/7/2022,0.251
2/4/2022,0.2685
2/3/2022,0.2325
2/2/2022,0.198
2/1/2022,0.19985
1/31/2022,0.208
1/28/2022,0.19635
1/27/2022,0.1978
1/26/2022,0.1855
1/25/2022,0.17055
1/24/2022,0.16285
1/21/2022,0.16375
1/20/2022,0.169
1/19/2022,0.16445
1/18/2022,0.1569
1/17/2022,0.1545
1/14/2022,0.14345
1/13/2022,0.13405
1/12/2022,0.1232
1/11/2022,0.1172
1/10/2022,0.121
1/7/2022,0.1143
1/6/2022,0.11175
1/5/2022,0.0982
1/4/2022,0.0908
1/3/2022,0.09075
12/31/2021,0.089
12/30/2021,0.08895
12/29/2021,0.0845
12/28/2021,0.08245
12/27/2021,0.07865
12/24/2021,0.078
12/23/2021,0.077
12/22/2021,0.06895
12/21/2021,0.0665
12/20/2021,0.066
12/17/2021,0.064
12/16/2021,0.06255
12/15/2021,0.061
12/14/2021,0.06745
12/13/2021,0.0641
12/10/2021,0.059
12/9/2021,0.059
12/8/2021,0.0585
12/7/2021,0.059
12/6/2021,0.0574
12/3/2021,0.05575
12/2/2021,0.0557
12/1/2021,0.0547
11/30/2021,0.05528
11/29/2021,0.054
11/26/2021,0.05375
11/25/2021,0.0573
11/24/2021,0.0545
11/23/2021,0.056
11/22/2021,0.05485
11/19/2021,0.053
11/18/2021,0.0535
11/17/2021,0.05255
11/16/2021,0.0515
11/15/2021,0.0525
11/12/2021,0.0505
11/11/2021,0.0498
11/10/2021,0.051
11/9/2021,0.04755
11/8/2021,0.048
11/5/2021,0.0465
11/4/2021,0.046
11/3/2021,0.04455
11/2/2021,0.04527
11/1/2021,0.04829
10/29/2021,0.04875
10/28/2021,0.047
10/27/2021,0.048
10/26/2021,0.04475
10/25/2021,0.0477
10/22/2021,0.0457
10/21/2021,0.04671
10/20/2021,0.04456
10/19/2021,0.05175
10/18/2021,0.05195
10/15/2021,0.05485
10/14/2021,0.05375
10/13/2021,0.05435
10/12/2021,0.0545
10/11/2021,0.0549
10/8/2021,0.054
10/7/2021,0.0545
10/6/2021,0.05555
10/5/2021,0.05645
10/4/2021,0.05655
10/1/2021,0.05695
9/30/2021,0.056
9/29/2021,0.055
9/28/2021,0.0573
9/27/2021,0.0583
9/24/2021,0.0569
9/23/2021,0.0573
9/22/2021,0.058
9/21/2021,0.0555
9/20/2021,0.057
9/17/2021,0.059
9/16/2021,0.05903
9/15/2021,0.0585
9/14/2021,0.0535
9/13/2021,0.053
9/10/2021,0.05173
9/9/2021,0.0525
9/8/2021,0.0525
9/7/2021,0.0525
9/3/2021,0.053
9/2/2021,0.052
9/1/2021,0.0515
8/31/2021,0.0507
8/30/2021,0.05093
8/27/2021,0.051
8/26/2021,0.05185
8/25/2021,0.052
8/24/2021,0.052
8/23/2021,0.051
8/20/2021,0.0505
8/19/2021,0.05
8/18/2021,0.0505
8/17/2021,0.051
8/16/2021,0.051
8/13/2021,0.051
8/12/2021,0.0495
8/11/2021,0.0495
8/10/2021,0.05065
8/9/2021,0.049
8/6/2021,0.0495
8/5/2021,0.049
8/4/2021,0.0485
8/3/2021,0.0485
8/2/2021,0.049
7/30/2021,0.049
7/29/2021,0.049
7/28/2021,0.049
7/27/2021,0.049
7/26/2021,0.0485
7/23/2021,0.048
7/22/2021,0.0475
7/21/2021,0.04783
7/20/2021,0.04755
7/19/2021,0.04752
7/16/2021,0.04758
7/15/2021,0.04758
7/14/2021,0.0482
7/13/2021,0.04868
7/12/2021,0.04838
7/9/2021,0.0481
7/8/2021,0.04972
7/7/2021,0.05
7/6/2021,0.0475
7/2/2021,0.048
7/1/2021,0.04748
6/30/2021,0.04642
6/29/2021,0.0465
6/28/2021,0.047
6/25/2021,0.048
6/24/2021,0.0455
6/23/2021,0.0455
6/22/2021,0.044
6/21/2021,0.04795
6/18/2021,0.0475
6/17/2021,0.048
6/16/2021,0.0485
6/15/2021,0.0325
6/14/2021,0.0325
6/11/2021,0.0265
6/10/2021,0.026
6/9/2021,0.0265
6/8/2021,0.029
6/7/2021,0.0285
6/4/2021,0.0295
6/3/2021,0.028
6/2/2021,0.029
6/1/2021,0.0285
5/28/2021,0.025
5/27/2021,0.02637
5/26/2021,0.025
5/25/2021,0.0265
5/24/2021,0.0275
5/21/2021,0.02765
5/20/2021,0.027
5/19/2021,0.02757
5/18/2021,0.025
5/17/2021,0.02617
5/14/2021,0.0265
5/13/2021,0.0275
5/12/2021,0.02713
5/11/2021,0.028
5/10/2021,0.0275
5/7/2021,0.0275
5/6/2021,0.0295
5/5/2021,0.031
5/4/2021,0.034
5/3/2021,0.037
4/30/2021,0.032
4/29/2021,0.0325
4/28/2021,0.0245
4/27/2021,0.031
4/26/2021,0.0295
4/23/2021,0.03022
4/22/2021,0.0315
4/21/2021,0.0295
4/20/2021,0.03
4/19/2021,0.03
4/16/2021,0.0325
4/15/2021,0.03027
4/14/2021,0.03
4/13/2021,0.03
4/12/2021,0.0305
4/9/2021,0.02855
4/8/2021,0.03155
4/7/2021,0.0285
4/6/2021,0.0218
4/5/2021,0.02085
4/2/2021,0.0195
4/1/2021,0.019
3/31/2021,0.0185
3/30/2021,0.019
3/29/2021,0.021
3/26/2021,0.02132
3/25/2021,0.02032
3/24/2021,0.0185
3/23/2021,0.0185
3/22/2021,0.016
3/19/2021,0.0143
3/18/2021,0.0239
3/17/2021,0.0195
3/16/2021,0.0355
3/15/2021,0.0335
3/12/2021,0.0325
3/11/2021,0.0385
3/10/2021,0.0409
3/9/2021,0.038
3/8/2021,0.03605
3/5/2021,0.0396
3/4/2021,0.0427
3/3/2021,0.0413
3/2/2021,0.04405
3/1/2021,0.043
2/26/2021,0.047
2/25/2021,0.0466
2/24/2021,0.0427
2/23/2021,0.0388
2/22/2021,0.03545
2/19/2021,0.0317
2/18/2021,0.03405
2/17/2021,0.034
2/16/2021,0.0342
2/15/2021,0.035
2/12/2021,0.0335
2/11/2021,0.03355
2/10/2021,0.033
2/9/2021,0.038
2/8/2021,0.0345
2/5/2021,0.038
2/4/2021,0.03445
2/3/2021,0.0415
2/2/2021,0.0439
2/1/2021,0.0412
1/29/2021,0.03715
1/28/2021,0.04665
1/27/2021,0.04305
1/26/2021,0.04555
1/25/2021,0.0562
1/22/2021,0.0591
1/21/2021,0.057
1/20/2021,0.0614
1/19/2021,0.0697
1/18/2021,0.065
1/15/2021,0.068
1/14/2021,0.0702
1/13/2021,0.0699
1/12/2021,0.0702
1/11/2021,0.0684
1/8/2021,0.0677
1/7/2021,0.0692
1/6/2021,0.07275
1/5/2021,0.06535
1/4/2021,0.0612
1/1/2021,0.065
12/31/2020,0.064
12/30/2020,0.0618
12/29/2020,0.0663
12/28/2020,0.069
12/24/2020,0.07
12/23/2020,0.068
12/22/2020,0.06515
12/21/2020,0.063
12/18/2020,0.06295
12/17/2020,0.068
12/16/2020,0.0659
12/15/2020,0.06245
12/14/2020,0.0607
12/11/2020,0.06
12/10/2020,0.055
12/9/2020,0.0608
12/8/2020,0.06575
12/7/2020,0.064
12/4/2020,0.07
12/3/2020,0.07
12/2/2020,0.0715
12/1/2020,0.07
11/30/2020,0.07
11/27/2020,0.0718
11/26/2020,0.072
11/25/2020,0.06995
11/24/2020,0.069
11/23/2020,0.07
11/20/2020,0.069
11/19/2020,0.0742
11/18/2020,0.0818
11/17/2020,0.085
11/16/2020,0.0856
11/13/2020,0.085
11/12/2020,0.0846
11/11/2020,0.09
11/10/2020,0.09
11/9/2020,0.1
11/6/2020,0.09015
11/5/2020,0.0897
11/4/2020,0.0881
11/3/2020,0.0878
11/2/2020,0.08
10/30/2020,0.0835
10/29/2020,0.087
10/28/2020,0.0826
10/27/2020,0.0826
10/26/2020,0.0821
10/23/2020,0.0864
10/22/2020,0.0863
10/21/2020,0.0855
10/20/2020,0.0847
10/19/2020,0.0838
10/16/2020,0.0836
10/15/2020,0.08475
10/14/2020,0.0815
10/13/2020,0.0801
10/12/2020,0.08
10/9/2020,0.0797
10/8/2020,0.0793
10/7/2020,0.0799
10/6/2020,0.0785
10/5/2020,0.079
10/2/2020,0.0775
10/1/2020,0.076
9/30/2020,0.0769
9/29/2020,0.075
9/28/2020,0.0738
9/25/2020,0.0734
9/24/2020,0.072
9/23/2020,0.0734
9/22/2020,0.074
9/21/2020,0.073
9/18/2020,0.0754
9/17/2020,0.0744
9/16/2020,0.0739
9/15/2020,0.077
9/14/2020,0.0766
9/11/2020,0.0773
9/10/2020,0.0816
9/9/2020,0.0819
9/8/2020,0.0826
9/7/2020,0.0851
9/4/2020,0.0809
9/3/2020,0.0744
9/2/2020,0.075
9/1/2020,0.0739
8/31/2020,0.0747
8/28/2020,0.0727
8/27/2020,0.0704
8/26/2020,0.0767
8/25/2020,0.0782
8/24/2020,0.0722
8/21/2020,0.0716
8/20/2020,0.0727
8/19/2020,0.074
8/18/2020,0.0872
8/17/2020,0.0871
8/14/2020,0.0888
8/13/2020,0.085
8/12/2020,0.0816
8/11/2020,0.0826
8/10/2020,0.0803
8/7/2020,0.072
8/6/2020,0.0729
8/5/2020,0.0727
8/4/2020,0.074
8/3/2020,0.0723
7/31/2020,0.0698
7/30/2020,0.0699
7/29/2020,0.0761
7/28/2020,0.0753
7/27/2020,0.0769
7/24/2020,0.08
7/23/2020,0.0791
7/22/2020,0.0863
7/21/2020,0.086
7/20/2020,0.0843
7/17/2020,0.0815
7/16/2020,0.0803
7/15/2020,0.0815
7/14/2020,0.0829
7/13/2020,0.0832
7/10/2020,0.0838
7/9/2020,0.0815
7/8/2020,0.0806
7/7/2020,0.0848
7/6/2020,0.0864
7/3/2020,0.082
7/2/2020,0.0769
7/1/2020,0.071
6/30/2020,0.0647
6/29/2020,0.0664
6/26/2020,0.0697
6/25/2020,0.0708
6/24/2020,0.0711
6/23/2020,0.0759
6/22/2020,0.078
6/19/2020,0.0803
6/18/2020,0.0795
6/17/2020,0.0874
6/16/2020,0.1004
6/15/2020,0.1023
6/12/2020,0.0969
6/11/2020,0.1054
6/10/2020,0.07325
6/9/2020,0.0826
6/8/2020,0.0842
6/5/2020,0.0748
6/4/2020,0.0772
6/3/2020,0.0777
6/2/2020,0.0742
6/1/2020,0.0708
5/29/2020,0.0691
5/28/2020,0.0729
5/27/2020,0.0682
5/26/2020,0.0738
5/25/2020,0.0628
5/22/2020,0.0633
5/21/2020,0.0505
5/20/2020,0.0548
5/19/2020,0.0645
5/18/2020,0.0677
5/15/2020,0.0597
5/14/2020,0.062
5/13/2020,0.0607
5/12/2020,0.0685
5/11/2020,0.0619
5/8/2020,0.0573
5/7/2020,0.0573
5/6/2020,0.0492
5/5/2020,0.0485
5/4/2020,0.0346
5/1/2020,0.0321
4/30/2020,0.0282
4/29/2020,0.031
4/28/2020,0.047
4/27/2020,0.0534
4/24/2020,0.0523
4/23/2020,0.058
4/22/2020,0.0537
4/21/2020,0.0507
4/20/2020,0.0562
4/17/2020,0.063
4/16/2020,0.073
4/15/2020,0.0733
4/14/2020,0.07825
4/13/2020,0.0762
4/10/2020,0.05
4/9/2020,0.0701
4/8/2020,0.0646
4/7/2020,0.0656
4/6/2020,0.0682
4/3/2020,0.0598
4/2/2020,0.0662
4/1/2020,0.0606
3/31/2020,0.0583
3/30/2020,0.0576
3/27/2020,0.0536
3/26/2020,0.0501
3/25/2020,0.0551
3/24/2020,0.0664
3/23/2020,0.0653
3/20/2020,0.1006
3/19/2020,0.1118
3/18/2020,0.1338
3/17/2020,0.1355
3/16/2020,0.1321
3/13/2020,0.176
3/12/2020,0.186
3/11/2020,0.2829
3/10/2020,0.459
3/9/2020,0.33
3/6/2020,0.546
3/5/2020,0.6638
3/4/2020,0.8197
3/3/2020,0.825
3/2/2020,1.1164
2/28/2020,1.236
2/27/2020,1.36
2/26/2020,1.4778
2/25/2020,1.5109
2/24/2020,1.522
2/21/2020,1.5534
2/20/2020,1.5569
2/19/2020,1.5644
2/18/2020,1.5517
2/14/2020,1.553
2/13/2020,1.5601
2/12/2020,1.5644
2/11/2020,1.5649
2/10/2020,1.5569
2/7/2020,1.5666
2/6/2020,1.609
2/5/2020,1.5791
2/4/2020,1.58
2/3/2020,1.572
1/31/2020,1.5526
1/30/2020,1.5801
1/29/2020,1.582
1/28/2020,1.5815
1/27/2020,1.5729
1/24/2020,1.584
1/23/2020,1.585
1/22/2020,1.583
1/21/2020,1.5798
1/20/2020,1.5889
1/17/2020,1.5855
1/16/2020,1.5859
1/15/2020,1.5873
1/14/2020,1.5858
1/13/2020,1.5911
1/10/2020,1.585
1/9/2020,1.5837
1/8/2020,1.585
1/7/2020,1.584
1/6/2020,1.582
1/3/2020,1.573
1/2/2020,1.564
1/1/2020,1.565
12/31/2019,1.566
12/30/2019,1.5685
12/27/2019,1.5756
12/26/2019,1.584
12/25/2019,1.586
12/24/2019,1.586
12/23/2019,1.589
12/20/2019,1.587
12/19/2019,1.58
12/18/2019,1.5925
12/17/2019,1.595
12/16/2019,1.593
12/13/2019,1.5935
12/12/2019,1.598
12/11/2019,1.606
12/10/2019,1.6025
12/9/2019,1.6022
12/6/2019,1.6005
12/5/2019,1.593
12/4/2019,1.6
12/3/2019,1.603
12/2/2019,1.6135
11/29/2019,1.621
11/28/2019,1.6209
11/27/2019,1.6209
11/26/2019,1.6195
11/25/2019,1.62
11/22/2019,1.618
11/21/2019,1.6245
11/20/2019,1.6073
11/19/2019,1.597
11/18/2019,1.5885
11/15/2019,1.594
11/14/2019,1.59
11/13/2019,1.602
11/12/2019,1.608
11/11/2019,1.604
11/8/2019,1.605
11/7/2019,1.6037
11/6/2019,1.606
11/5/2019,1.6096
11/4/2019,1.608
11/1/2019,1.605
10/31/2019,1.5894
10/30/2019,1.61
10/29/2019,1.6206
10/28/2019,1.646
10/25/2019,1.648
10/24/2019,1.673
10/23/2019,1.6536
10/22/2019,1.6705
10/21/2019,1.681
10/18/2019,1.66
10/17/2019,1.688
10/16/2019,1.6889
10/15/2019,1.714
10/14/2019,1.699
10/11/2019,1.719
10/10/2019,1.6995
10/9/2019,1.701
10/8/2019,1.688
10/7/2019,1.70243
10/4/2019,1.7173
10/3/2019,1.7227
10/2/2019,1.7611
10/1/2019,1.7964
9/30/2019,1.8301
9/27/2019,1.8399
9/26/2019,1.8406
9/25/2019,1.876
9/24/2019,1.8597
9/23/2019,1.8583
9/20/2019,1.8662
9/19/2019,1.971
9/18/2019,1.9505
9/17/2019,1.969
9/16/2019,1.935
9/13/2019,1.9249
9/12/2019,1.8957
9/11/2019,1.908
9/10/2019,1.9093
9/9/2019,1.899
9/6/2019,1.9023
9/5/2019,1.902
9/4/2019,1.8676
9/3/2019,1.877
9/2/2019,1.9069
8/30/2019,1.919
8/29/2019,1.921
8/28/2019,1.94
8/27/2019,1.937
8/26/2019,1.938
8/23/2019,1.92
8/22/2019,1.959
8/21/2019,1.9564
8/20/2019,1.9568
8/19/2019,1.9568
8/16/2019,1.935
8/15/2019,1.9166
8/14/2019,1.9611
8/13/2019,2.0055
8/12/2019,1.971
8/9/2019,1.995
8/8/2019,1.9965
8/7/2019,1.9716
8/6/2019,2.0169
8/5/2019,2.0059
8/2/2019,2.0707
8/1/2019,2.102
7/31/2019,2.1475
7/30/2019,2.119
7/29/2019,2.122
7/26/2019,2.135
7/25/2019,2.138
7/24/2019,2.1304
7/23/2019,2.139
7/22/2019,2.1375
7/19/2019,2.142
7/18/2019,2.0545
7/17/2019,2.1258
7/16/2019,2.134
7/15/2019,2.128
7/12/2019,2.1437
7/11/2019,2.1575
7/10/2019,2.15
7/9/2019,2.2209
7/8/2019,2.199
7/5/2019,2.1937
7/4/2019,2.148
7/3/2019,2.1601
7/2/2019,2.1656
7/1/2019,2.1928
6/28/2019,2.1662
6/27/2019,2.184
6/26/2019,2.214
6/25/2019,2.214
6/24/2019,2.1933
6/21/2019,2.21
6/20/2019,2.2237
6/19/2019,2.2312
6/18/2019,2.256
6/17/2019,2.2801
6/14/2019,2.2742
6/13/2019,2.2743
6/12/2019,2.2914
6/11/2019,2.3285
6/10/2019,2.317
6/7/2019,2.2961
6/6/2019,2.3323
6/5/2019,2.3358
6/4/2019,2.3513
6/3/2019,2.3361
5/31/2019,2.4164
5/30/2019,2.4349
5/29/2019,2.4186
5/28/2019,2.4204
5/27/2019,2.4226
5/24/2019,2.4243
5/23/2019,2.4183
5/22/2019,2.42
5/21/2019,2.4237
5/20/2019,2.408
5/17/2019,2.411
5/16/2019,2.4055
5/15/2019,2.4063
5/14/2019,2.3975
5/13/2019,2.3972
5/10/2019,2.4117
5/9/2019,2.4158
5/8/2019,2.4225
5/7/2019,2.424
5/6/2019,2.4272
5/3/2019,2.4362
5/2/2019,2.4392
5/1/2019,2.4318
4/30/2019,2.4422
4/29/2019,2.4442
4/26/2019,2.4437
4/25/2019,2.4482
4/24/2019,2.4422
4/23/2019,2.45105
4/22/2019,2.4556
4/19/2019,2.4552
4/18/2019,2.4572
4/17/2019,2.4557
4/16/2019,2.4497
4/15/2019,2.4497
4/12/2019,2.4477
4/11/2019,2.4472
4/10/2019,2.4432
4/9/2019,2.4432
4/8/2019,2.4452
4/5/2019,2.4442
4/4/2019,2.4432
4/3/2019,2.44335
4/2/2019,2.4402
4/1/2019,2.4422
3/29/2019,2.4362
3/28/2019,2.4332
3/27/2019,2.4307
3/26/2019,2.4397
3/25/2019,2.43625
3/22/2019,2.44635
3/21/2019,2.4517
3/20/2019,2.4452
3/19/2019,2.4452
3/18/2019,2.4442
3/15/2019,2.4422
3/14/2019,2.4452
3/13/2019,2.4462
3/12/2019,2.4467
3/11/2019,2.4472
3/8/2019,2.4452
3/7/2019,2.4457
3/6/2019,2.4497
3/5/2019,2.4512
3/4/2019,2.4512
3/1/2019,2.4517
2/28/2019,2.4492
2/27/2019,2.4482
2/26/2019,2.4492
2/25/2019,2.44865
2/22/2019,2.44675
2/21/2019,2.4477
2/20/2019,2.4439
2/19/2019,2.4437
2/18/2019,2.4442
2/15/2019,2.4442
2/14/2019,2.44385
2/13/2019,2.4452
2/12/2019,2.44385
2/11/2019,2.4432
2/8/2019,2.4422
2/7/2019,2.4427
2/6/2019,2.4491
2/5/2019,2.4452
2/4/2019,2.4467
2/1/2019,2.4452
1/31/2019,2.4462
1/30/2019,2.4482
1/29/2019,2.4502
1/28/2019,2.4498
1/25/2019,2.4552
1/24/2019,2.4532
1/23/2019,2.4542
1/22/2019,2.4496
1/21/2019,2.4512
1/18/2019,2.4512
1/17/2019,2.44875
1/16/2019,2.4452
1/15/2019,2.4472
1/14/2019,2.4482
1/11/2019,2.45015
1/10/2019,2.4532
1/9/2019,2.4492
1/8/2019,2.4532
1/7/2019,2.44765
1/4/2019,2.44405
1/3/2019,2.4332
1/2/2019,2.4452
1/1/2019,2.4472
12/31/2018,2.4472
12/28/2018,2.4482
12/27/2018,2.445
12/26/2018,2.4462
12/24/2018,2.4402
12/21/2018,2.4472
12/20/2018,2.4542
12/19/2018,2.4517
12/18/2018,2.4187
12/17/2018,2.4187
12/14/2018,2.43085
12/13/2018,2.4342
12/12/2018,2.4267
12/11/2018,2.4202
12/10/2018,2.4122
12/7/2018,2.4102
12/6/2018,2.41145
12/5/2018,2.4132
12/4/2018,2.4137
12/3/2018,2.419
11/30/2018,2.4102
11/29/2018,2.4132
11/28/2018,2.41045
11/27/2018,2.4072
11/26/2018,2.4028
11/23/2018,2.3952
11/22/2018,2.3972
11/21/2018,2.3892
11/20/2018,2.3822
11/19/2018,2.373
11/16/2018,2.3692
11/15/2018,2.3742
11/14/2018,2.3717
11/13/2018,2.3722
11/12/2018,2.3802
11/9/2018,2.3762
11/8/2018,2.3722
11/7/2018,2.3612
11/6/2018,2.3522
11/5/2018,2.3487
11/2/2018,2.3482
11/1/2018,2.3402
10/31/2018,2.3402
10/30/2018,2.3302
10/29/2018,2.3247
10/26/2018,2.3197
10/25/2018,2.3242
10/24/2018,2.3182
10/23/2018,2.3192
10/22/2018,2.3232
10/19/2018,2.3212
10/18/2018,2.3137
10/17/2018,2.3042
10/16/2018,2.2922
10/15/2018,2.2922
10/12/2018,2.2912
10/11/2018,2.2842
10/10/2018,2.2817
10/9/2018,2.2827
10/8/2018,2.2822
10/5/2018,2.2802
10/4/2018,2.2787
10/3/2018,2.2717
10/2/2018,2.2642
10/1/2018,2.2592
9/28/2018,2.2532
9/27/2018,2.2522
9/26/2018,2.2472
9/25/2018,2.2337
9/24/2018,2.2282
9/21/2018,2.2267
9/20/2018,2.2202
9/19/2018,2.2052
9/18/2018,2.1972
9/17/2018,2.1897
9/14/2018,2.1862
9/13/2018,2.1842
9/12/2018,2.1782
9/11/2018,2.1702
9/10/2018,2.1657
9/7/2018,2.1637
9/6/2018,2.1602
9/5/2018,2.1522
9/4/2018,2.1492
9/3/2018,2.1472
8/31/2018,2.1452
8/30/2018,2.1452
8/29/2018,2.1342
8/28/2018,2.1322
8/27/2018,2.1292
8/24/2018,2.1242
8/23/2018,2.1222
8/22/2018,2.1102
8/21/2018,2.1042
8/20/2018,2.0992
8/17/2018,2.0992
8/16/2018,2.0972
8/15/2018,2.0862
8/14/2018,2.0832
8/13/2018,2.0772
8/10/2018,2.0742
8/9/2018,2.0757
8/8/2018,2.0732
8/7/2018,2.0672
8/6/2018,2.0632
8/3/2018,2.0622
8/2/2018,2.0602
8/1/2018,2.0572
7/31/2018,2.0542
7/30/2018,2.0532
7/27/2018,2.0482
7/26/2018,2.0472
7/25/2018,2.0427
7/24/2018,2.0357
7/23/2018,2.0342
7/20/2018,2.0302
7/19/2018,2.0297
7/18/2018,2.0272
7/17/2018,2.02195
7/16/2018,2.0142
7/13/2018,2.0059
7/12/2018,2.0032
7/11/2018,2.0002
7/10/2018,1.9944
7/9/2018,1.9932
7/6/2018,1.9912
7/5/2018,1.991
7/4/2018,1.9892
7/3/2018,1.9902
7/2/2018,1.9838
6/29/2018,1.9812
6/28/2018,1.97855
6/27/2018,1.9726
6/26/2018,1.97475
6/25/2018,1.9732
6/22/2018,1.9785
6/21/2018,1.9791
6/20/2018,1.9762
6/19/2018,1.9582
6/18/2018,1.9562
6/15/2018,1.95735
6/14/2018,1.9584
6/13/2018,1.9592
6/12/2018,1.96595
6/11/2018,1.95975
6/8/2018,1.95415
6/7/2018,1.95145
6/6/2018,1.9512
6/5/2018,1.9462
6/4/2018,1.9442
6/1/2018,1.93735
5/31/2018,1.9262
5/30/2018,1.9242
5/29/2018,1.8992
5/28/2018,1.9172
5/25/2018,1.9252
5/24/2018,1.9312
5/23/2018,1.9152
5/22/2018,1.93725
5/21/2018,1.9372
5/18/2018,1.93185
5/17/2018,1.9314
5/16/2018,1.9252
5/15/2018,1.9212
5/14/2018,1.9169
5/11/2018,1.91175
5/10/2018,1.9102
5/9/2018,1.9052
5/8/2018,1.8972
5/7/2018,1.8957
5/4/2018,1.88925
5/3/2018,1.8812
5/2/2018,1.8792
5/1/2018,1.8757
4/30/2018,1.8732
4/27/2018,1.8672
4/26/2018,1.8641
4/25/2018,1.855
4/24/2018,1.8472
4/23/2018,1.84395
4/20/2018,1.835
4/19/2018,1.8312
4/18/2018,1.8255
4/17/2018,1.8182
4/16/2018,1.81095
4/13/2018,1.8082
4/12/2018,1.8052
4/11/2018,1.79555
4/10/2018,1.7932
4/9/2018,1.7861
4/6/2018,1.7808
4/5/2018,1.78395
4/4/2018,1.77495
4/3/2018,1.7687
4/2/2018,1.7662
3/30/2018,1.7632
3/29/2018,1.7612
3/28/2018,1.7542
3/27/2018,1.7527
3/26/2018,1.7561
3/23/2018,1.7502
3/22/2018,1.7533
3/21/2018,1.7537
3/20/2018,1.74215
3/19/2018,1.7352
3/16/2018,1.7292
3/15/2018,1.72155
3/14/2018,1.7072
3/13/2018,1.6981
3/12/2018,1.69205
3/9/2018,1.6877
3/8/2018,1.6825
3/7/2018,1.6753
3/6/2018,1.66985
3/5/2018,1.66735
3/2/2018,1.6572
3/1/2018,1.6532
2/28/2018,1.6532
2/27/2018,1.65095
2/26/2018,1.6482
2/23/2018,1.6462
2/22/2018,1.6432
2/21/2018,1.6293
2/20/2018,1.62905
2/19/2018,1.6232
2/16/2018,1.62465
2/15/2018,1.622
2/14/2018,1.6072
2/13/2018,1.5942
2/12/2018,1.5903
2/9/2018,1.5872
2/8/2018,1.5822
2/7/2018,1.5762
2/6/2018,1.5682
2/5/2018,1.55925
2/2/2018,1.5732
2/1/2018,1.5756
1/31/2018,1.5657
1/30/2018,1.56425
1/29/2018,1.5602
1/26/2018,1.56065
1/25/2018,1.5582
1/24/2018,1.5452
1/23/2018,1.5392
1/22/2018,1.5372
1/19/2018,1.5352
1/18/2018,1.5307
1/17/2018,1.5252
1/16/2018,1.52385
1/15/2018,1.5202
1/12/2018,1.51935
1/11/2018,1.5112
1/10/2018,1.5026
1/9/2018,1.4996
1/8/2018,1.49575
1/5/2018,1.4945
1/4/2018,1.49445
1/3/2018,1.4822
1/2/2018,1.47735
1/1/2018,1.4712
12/29/2017,1.4712
12/28/2017,1.4692
12/27/2017,1.4622
12/26/2017,1.4602
12/22/2017,1.4572
12/21/2017,1.4567
12/20/2017,1.4492
12/19/2017,1.4492
12/18/2017,1.4455
12/15/2017,1.4454
12/14/2017,1.4482
12/13/2017,1.44485
12/12/2017,1.4442
12/11/2017,1.44055
12/8/2017,1.4344
12/7/2017,1.4312
12/6/2017,1.4239
12/5/2017,1.4222
12/4/2017,1.41705
12/1/2017,1.40955
11/30/2017,1.41245
11/29/2017,1.4009
11/28/2017,1.3981
11/27/2017,1.39565
11/24/2017,1.3932
11/23/2017,1.3902
11/22/2017,1.39035
11/21/2017,1.3842
11/20/2017,1.3778
11/17/2017,1.37375
11/16/2017,1.3712
11/15/2017,1.3632
11/14/2017,1.3547
11/13/2017,1.3552
11/10/2017,1.3522
11/9/2017,1.3482
11/8/2017,1.3462
11/7/2017,1.3382
11/6/2017,1.3332
11/3/2017,1.3302
11/2/2017,1.3252
11/1/2017,1.3192
10/31/2017,1.3132
10/30/2017,1.3092
10/27/2017,1.3087
10/26/2017,1.3062
10/25/2017,1.3012
10/24/2017,1.2972
10/23/2017,1.2932
10/20/2017,1.2902
10/19/2017,1.2822
10/18/2017,1.2802
10/17/2017,1.2762
10/16/2017,1.2717
10/13/2017,1.2632
10/12/2017,1.2642
10/11/2017,1.2632
10/10/2017,1.2572
10/9/2017,1.2562
10/6/2017,1.2552
10/5/2017,1.2502
10/4/2017,1.2427
10/3/2017,1.2367
10/2/2017,1.2352
9/29/2017,1.2332
9/28/2017,1.2292
9/27/2017,1.2272
9/26/2017,1.2232
9/25/2017,1.2207
9/22/2017,1.2222
9/21/2017,1.2217
9/20/2017,1.2142
9/19/2017,1.2132
9/18/2017,1.2092
9/15/2017,1.2067
9/14/2017,1.2042
9/13/2017,1.1987
9/12/2017,1.19725
9/11/2017,1.1972
9/8/2017,1.1932
9/7/2017,1.1962
9/6/2017,1.1962
9/5/2017,1.1962
9/4/2017,1.2002
9/1/2017,1.2012
8/31/2017,1.19875
8/30/2017,1.2002
8/29/2017,1.1997
8/28/2017,1.2022
8/25/2017,1.2022
8/24/2017,1.2027
8/23/2017,1.2007
8/22/2017,1.1992
8/21/2017,1.1982
8/18/2017,1.1982
8/17/2017,1.1992
8/16/2017,1.2002
8/15/2017,1.2012
8/14/2017,1.1997
8/11/2017,1.2002
8/10/2017,1.2007
8/9/2017,1.2027
8/8/2017,1.2032
8/7/2017,1.2032
8/4/2017,1.2012
8/3/2017,1.2017
8/2/2017,1.2022
8/1/2017,1.2002
7/31/2017,1.2012
7/28/2017,1.2007
7/27/2017,1.2022
7/26/2017,1.2032
7/25/2017,1.2072
7/24/2017,1.2067
7/21/2017,1.2032
7/20/2017,1.2042
7/19/2017,1.2062
7/18/2017,1.2032
7/17/2017,1.2037
7/14/2017,1.2047
7/13/2017,1.2062
7/12/2017,1.2057
7/11/2017,1.2052
7/10/2017,1.2067
7/7/2017,1.2062
7/6/2017,1.2072
7/5/2017,1.2092
7/4/2017,1.2062
7/3/2017,1.2067
6/30/2017,1.2032
6/29/2017,1.2012
6/28/2017,1.2012
6/27/2017,1.2002
6/26/2017,1.1992
6/23/2017,1.1972
6/22/2017,1.1977
6/21/2017,1.1982
6/20/2017,1.1972
6/19/2017,1.1962
6/16/2017,1.1962
6/15/2017,1.1967
6/14/2017,1.1927
6/13/2017,1.1872
6/12/2017,1.1842
6/9/2017,1.1812
6/8/2017,1.1742
6/7/2017,1.1672
6/6/2017,1.1622
6/5/2017,1.1602
6/2/2017,1.1562
6/1/2017,1.1512
5/31/2017,1.1387
5/30/2017,1.1311
5/29/2017,1.1282
5/26/2017,1.1202
5/25/2017,1.1222
5/24/2017,1.1032
5/23/2017,1.1072
5/22/2017,1.0962
5/19/2017,1.0872
5/18/2017,1.0817
5/17/2017,1.0552
5/16/2017,1.0758
5/15/2017,1.0742
5/12/2017,1.0722
5/11/2017,1.0822
5/10/2017,1.0802
5/9/2017,1.0747
5/8/2017,1.0752
5/5/2017,1.0642
5/4/2017,1.0542
5/3/2017,1.0462
5/2/2017,1.0322
5/1/2017,1.0332
4/28/2017,1.0337
4/27/2017,1.0297
4/26/2017,1.0232
4/25/2017,1.0212
4/24/2017,1.0137
4/21/2017,0.9932
4/20/2017,0.99915
4/19/2017,0.9852
4/18/2017,0.9757
4/17/2017,0.9832
4/14/2017,0.9882
4/13/2017,0.9862
4/12/2017,0.9842
4/11/2017,0.9852
4/10/2017,0.9887
4/7/2017,0.9887
4/6/2017,0.9876
4/5/2017,0.9792
4/4/2017,0.9752
4/3/2017,0.9712
3/31/2017,0.9712
3/30/2017,0.96825
3/29/2017,0.9617
3/28/2017,0.9632
3/27/2017,0.9592
3/24/2017,0.9592
3/23/2017,0.9592
3/22/2017,0.9562
3/21/2017,0.9532
3/20/2017,0.9522
3/17/2017,0.9512
3/16/2017,0.9502
3/15/2017,0.9452
3/14/2017,0.9392
3/13/2017,0.9352
3/10/2017,0.9294
3/9/2017,0.9247
3/8/2017,0.9137
3/7/2017,0.9042
3/6/2017,0.9012
3/3/2017,0.8927
3/2/2017,0.88455
3/1/2017,0.8592
2/28/2017,0.8503
2/27/2017,0.8002
2/24/2017,0.7802
2/23/2017,0.7762
2/22/2017,0.7642
2/21/2017,0.7642
2/20/2017,0.7542
2/17/2017,0.7547
2/16/2017,0.7592
2/15/2017,0.7662
2/14/2017,0.7462
2/13/2017,0.7367
2/10/2017,0.7352
2/9/2017,0.73
2/8/2017,0.72035
2/7/2017,0.72225
2/6/2017,0.7175
2/3/2017,0.7247
2/2/2017,0.73005
2/1/2017,0.7262
1/31/2017,0.7322
1/30/2017,0.7302
1/27/2017,0.7322
1/26/2017,0.7352
1/25/2017,0.7322
1/24/2017,0.7282
1/23/2017,0.7212
1/20/2017,0.7227
1/19/2017,0.7297
1/18/2017,0.7228
1/17/2017,0.7137
1/16/2017,0.7152
1/13/2017,0.7167
1/12/2017,0.7142
1/11/2017,0.7132
1/10/2017,0.7132
1/9/2017,0.7132
1/6/2017,0.7142
1/5/2017,0.7107
1/4/2017,0.7117
1/3/2017,0.7112
1/2/2017,0.6992
12/30/2016,0.7052
12/29/2016,0.7037
12/28/2016,0.69885
12/27/2016,0.6982
12/23/2016,0.69625
12/22/2016,0.69655
12/21/2016,0.6932
12/20/2016,0.6942
12/19/2016,0.6912
12/16/2016,0.6912
12/15/2016,0.6952
12/14/2016,0.6934
12/13/2016,0.6907
12/12/2016,0.6852
12/9/2016,0.6832
12/8/2016,0.6802
12/7/2016,0.6682
12/6/2016,0.6667
12/5/2016,0.66425
12/2/2016,0.6572
12/1/2016,0.6582
11/30/2016,0.6472
11/29/2016,0.6402
11/28/2016,0.6377
11/25/2016,0.6392
11/24/2016,0.6392
11/23/2016,0.6352
11/22/2016,0.6232
11/21/2016,0.6152
11/18/2016,0.6092
11/17/2016,0.6042
11/16/2016,0.5962
11/15/2016,0.5902
11/14/2016,0.5852
11/11/2016,0.5672
11/10/2016,0.5642
11/9/2016,0.5677
11/8/2016,0.5612
11/7/2016,0.5517
11/4/2016,0.5422
11/3/2016,0.541
11/2/2016,0.5397
11/1/2016,0.5412
10/31/2016,0.54155
10/28/2016,0.5405
10/27/2016,0.5447
10/26/2016,0.5382
10/25/2016,0.5364
10/24/2016,0.5308
10/21/2016,0.5252
10/20/2016,0.5217
10/19/2016,0.5107
10/18/2016,0.5057
10/17/2016,0.5077
10/14/2016,0.5072
10/13/2016,0.5061
10/12/2016,0.5062
10/11/2016,0.50125
10/10/2016,0.4982
10/7/2016,0.4937
10/6/2016,0.5019
10/5/2016,0.4972
10/4/2016,0.4853
10/3/2016,0.47925
9/30/2016,0.47425
9/29/2016,0.4687
9/28/2016,0.4672
9/27/2016,0.46095
9/26/2016,0.4632
9/23/2016,0.4685
9/22/2016,0.4672
9/21/2016,0.4662
9/20/2016,0.4907
9/19/2016,0.4849
9/16/2016,0.4831
9/15/2016,0.476
9/14/2016,0.4772
9/13/2016,0.47775
9/12/2016,0.4767
9/9/2016,0.4917
9/8/2016,0.4877
9/7/2016,0.472
9/6/2016,0.4762
9/2/2016,0.4912
9/1/2016,0.4972
8/31/2016,0.4982
8/30/2016,0.4932
8/29/2016,0.4942
8/26/2016,0.5057
8/25/2016,0.4852
8/24/2016,0.4782
8/23/2016,0.4742
8/22/2016,0.4717
8/19/2016,0.4672
8/18/2016,0.4617
8/17/2016,0.4654
8/16/2016,0.4617
8/15/2016,0.4529
8/12/2016,0.45065
8/11/2016,0.4602
8/10/2016,0.4527
8/9/2016,0.4587
8/8/2016,0.4617
8/5/2016,0.4627
8/4/2016,0.4532
8/3/2016,0.4537
8/2/2016,0.4518
8/1/2016,0.44645
7/29/2016,0.4456
7/28/2016,0.4562
7/27/2016,0.4542
7/26/2016,0.4597
7/25/2016,0.4545
7/22/2016,0.4512
7/21/2016,0.4533
7/20/2016,0.4482
7/19/2016,0.44545
7/18/2016,0.4412
7/15/2016,0.4422
7/14/2016,0.4392
7/13/2016,0.4322
7/12/2016,0.43455
7/11/2016,0.4307
7/8/2016,0.4277
7/7/2016,0.4212
7/6/2016,0.4182
7/5/2016,0.4152
7/4/2016,0.4147
7/1/2016,0.4182
6/30/2016,0.4147
6/29/2016,0.41725
6/28/2016,0.4127
6/27/2016,0.3997
6/24/2016,0.3911
6/23/2016,0.4347
6/22/2016,0.4264
6/21/2016,0.42965
6/20/2016,0.4257
6/17/2016,0.4227
6/16/2016,0.4222
6/15/2016,0.41525
6/14/2016,0.42985
6/13/2016,0.4281
6/10/2016,0.43275
6/9/2016,0.4377
6/8/2016,0.4357
6/7/2016,0.4327
6/6/2016,0.4377
6/3/2016,0.4461
6/2/2016,0.5011
6/1/2016,0.4972
5/31/2016,0.4957
5/30/2016,0.5162
5/27/2016,0.5162
5/26/2016,0.4952
5/25/2016,0.50205
5/24/2016,0.5017
5/23/2016,0.4927
5/20/2016,0.4812
5/19/2016,0.4842
5/18/2016,0.4832
5/17/2016,0.4442
5/16/2016,0.4262
5/13/2016,0.4217
5/12/2016,0.4247
5/11/2016,0.4217
5/10/2016,0.423
5/9/2016,0.42
5/6/2016,0.4257
5/5/2016,0.4265
5/4/2016,0.42675
5/3/2016,0.4247
5/2/2016,0.4247
4/29/2016,0.4252
4/28/2016,0.4247
4/27/2016,0.4247
4/26/2016,0.4317
4/25/2016,0.4307
4/22/2016,0.4297
4/21/2016,0.4297
4/20/2016,0.4277
4/19/2016,0.4237
4/18/2016,0.4202
4/15/2016,0.4197
4/14/2016,0.4207
4/13/2016,0.4212
4/12/2016,0.4212
4/11/2016,0.4187
4/8/2016,0.4207
4/7/2016,0.4172
4/6/2016,0.4197
4/5/2016,0.4172
4/4/2016,0.4212
4/1/2016,0.4242
3/31/2016,0.4222
3/30/2016,0.4212
3/29/2016,0.4222
3/28/2016,0.4312
3/25/2016,0.4377
3/24/2016,0.4382
3/23/2016,0.4362
3/22/2016,0.4332
3/21/2016,0.4337
3/18/2016,0.4242
3/17/2016,0.4207
3/16/2016,0.4212
3/15/2016,0.4502
3/14/2016,0.4562
3/11/2016,0.4492
3/10/2016,0.4432
3/9/2016,0.4402
3/8/2016,0.4392
3/7/2016,0.4467
3/4/2016,0.4422
3/3/2016,0.4412
3/2/2016,0.4512
3/1/2016,0.4482
2/29/2016,0.4407
2/26/2016,0.4457
2/25/2016,0.4402
2/24/2016,0.4372
2/23/2016,0.4372
2/22/2016,0.4342
2/19/2016,0.4297
2/18/2016,0.4252
2/17/2016,0.4282
2/16/2016,0.4192
2/15/2016,0.4182
2/12/2016,0.4147
2/11/2016,0.4117
2/10/2016,0.4182
2/9/2016,0.4157
2/8/2016,0.4162
2/5/2016,0.4302
2/4/2016,0.4282
2/3/2016,0.4312
2/2/2016,0.4252
2/1/2016,0.4392
1/29/2016,0.4287
1/28/2016,0.4272
1/27/2016,0.4292
1/26/2016,0.4332
1/25/2016,0.4342
1/22/2016,0.4302
1/21/2016,0.4187
1/20/2016,0.4172
1/19/2016,0.4282
1/18/2016,0.4212
1/15/2016,0.4182
1/14/2016,0.4257
1/13/2016,0.4287
1/12/2016,0.4272
1/11/2016,0.4277
1/8/2016,0.4252
1/7/2016,0.4222
1/6/2016,0.4232
1/5/2016,0.4232
1/4/2016,0.4222
12/31/2015,0.4232
12/30/2015,0.4262
12/29/2015,0.4172
12/28/2015,0.4162
12/24/2015,0.4112
12/23/2015,0.4112
12/22/2015,0.4062
12/21/2015,0.4022
12/18/2015,0.4062
12/17/2015,0.4012
12/16/2015,0.3882
12/15/2015,0.3692
12/14/2015,0.3677
12/11/2015,0.3607
12/10/2015,0.3712
12/9/2015,0.3632
12/8/2015,0.3672
12/7/2015,0.3577
12/4/2015,0.3507
12/3/2015,0.3427
12/2/2015,0.3332
12/1/2015,0.3282
11/30/2015,0.3322
11/27/2015,0.3262
11/26/2015,0.3257
11/25/2015,0.3262
11/24/2015,0.3202
11/23/2015,0.3122
11/20/2015,0.3022
11/19/2015,0.2972
11/18/2015,0.2907
11/17/2015,0.2842
11/16/2015,0.2827
11/13/2015,0.2772
11/12/2015,0.2787
11/11/2015,0.2792
11/10/2015,0.2767
11/9/2015,0.2752
11/6/2015,0.2727
11/5/2015,0.2542
11/4/2015,0.2522
11/3/2015,0.2382
11/2/2015,0.2362
10/30/2015,0.2352
10/29/2015,0.2347
10/28/2015,0.2267
10/27/2015,0.2112
10/26/2015,0.2162
10/23/2015,0.2172
10/22/2015,0.2097
10/21/2015,0.2077
10/20/2015,0.2082
10/19/2015,0.2042
10/16/2015,0.2037
10/15/2015,0.2032
10/14/2015,0.1972
10/13/2015,0.2052
10/12/2015,0.2102
10/9/2015,0.2092
10/8/2015,0.2087
10/7/2015,0.2042
10/6/2015,0.1987
10/5/2015,0.2012
10/2/2015,0.1967
10/1/2015,0.2142
9/30/2015,0.2112
9/29/2015,0.2082
9/28/2015,0.2082
9/25/2015,0.2092
9/24/2015,0.2067
9/23/2015,0.2097
9/22/2015,0.2022
9/21/2015,0.2052
9/18/2015,0.2012
9/17/2015,0.2072
9/16/2015,0.2702
9/15/2015,0.2642
9/14/2015,0.2542
9/11/2015,0.2582
9/10/2015,0.2542
9/9/2015,0.2522
9/8/2015,0.2482
9/7/2015,0.2572
9/4/2015,0.2572
9/3/2015,0.2507
9/2/2015,0.2482
9/1/2015,0.2542
8/31/2015,0.26895
8/28/2015,0.2592
8/27/2015,0.2392
8/26/2015,0.2282
8/25/2015,0.2242
8/24/2015,0.2162
8/21/2015,0.2367
8/20/2015,0.2377
8/19/2015,0.2367
8/18/2015,0.2602
8/17/2015,0.2562
8/14/2015,0.2577
8/13/2015,0.2547
8/12/2015,0.2417
8/11/2015,0.24395
8/10/2015,0.2517
8/7/2015,0.2562
8/6/2015,0.2432
8/5/2015,0.2442
8/4/2015,0.2367
8/3/2015,0.2202
7/31/2015,0.2197
7/30/2015,0.2302
7/29/2015,0.2152
7/28/2015,0.2172
7/27/2015,0.2152
7/24/2015,0.2142
7/23/2015,0.2137
7/22/2015,0.2117
7/21/2015,0.2092
7/20/2015,0.2112
7/17/2015,0.2082
7/16/2015,0.2047
7/15/2015,0.1982
7/14/2015,0.1932
7/13/2015,0.1962
7/10/2015,0.1942
7/9/2015,0.1877
7/8/2015,0.1842
7/7/2015,0.1852
7/6/2015,0.1867
7/3/2015,0.1882
7/2/2015,0.1882
7/1/2015,0.1902
6/30/2015,0.1852
6/29/2015,0.1842
6/26/2015,0.1852
6/25/2015,0.1882
6/24/2015,0.1842
6/23/2015,0.1872
6/22/2015,0.1832
6/19/2015,0.1832
6/18/2015,0.1832
6/17/2015,0.1822
6/16/2015,0.1892
6/15/2015,0.1862
6/12/2015,0.1882
6/11/2015,0.18835
6/10/2015,0.1902
6/9/2015,0.1862
6/8/2015,0.1882
6/5/2015,0.1892
6/4/2015,0.1842
6/3/2015,0.1852
6/2/2015,0.1832
6/1/2015,0.1822
5/29/2015,0.1827
5/28/2015,0.1842
5/27/2015,0.1812
5/26/2015,0.1822
5/25/2015,0.1842
5/22/2015,0.1842
5/21/2015,0.1772
5/20/2015,0.1797
5/19/2015,0.1772
5/18/2015,0.1772
5/15/2015,0.1762
5/14/2015,0.1777
5/13/2015,0.1772
5/12/2015,0.1796
5/11/2015,0.1802
5/8/2015,0.1782
5/7/2015,0.1822
5/6/2015,0.1822
5/5/2015,0.1822
5/4/2015,0.1808
5/1/2015,0.1797
4/30/2015,0.1787
4/29/2015,0.1752
4/28/2015,0.1742
4/27/2015,0.17395
4/24/2015,0.1752
4/23/2015,0.1752
4/22/2015,0.1777
4/21/2015,0.1722
4/20/2015,0.1722
4/17/2015,0.1732
4/16/2015,0.1721
4/15/2015,0.1722
4/14/2015,0.1707
4/13/2015,0.1732
4/10/2015,0.1752
4/9/2015,0.1732
4/8/2015,0.1722
4/7/2015,0.1687
4/6/2015,0.1672
4/3/2015,0.1692
4/2/2015,0.1707
4/1/2015,0.1696
3/31/2015,0.1697
3/30/2015,0.16895
3/27/2015,0.1672
3/26/2015,0.1692
3/25/2015,0.1672
3/24/2015,0.1682
3/23/2015,0.1702
3/20/2015,0.1692
3/19/2015,0.1712
3/18/2015,0.1662
3/17/2015,0.1742
3/16/2015,0.1762
3/13/2015,0.1722
3/12/2015,0.1742
3/11/2015,0.1702
3/10/2015,0.1682
3/9/2015,0.1722
3/6/2015,0.1672
3/5/2015,0.16645
3/4/2015,0.1657
3/3/2015,0.1652
3/2/2015,0.1647
2/27/2015,0.1672
2/26/2015,0.1662
2/25/2015,0.1642
2/24/2015,0.1652
2/23/2015,0.1687
2/20/2015,0.1682
2/19/2015,0.1682
2/18/2015,0.16955
2/17/2015,0.17085
2/16/2015,0.1662
2/13/2015,0.1677
2/12/2015,0.1682
2/11/2015,0.1702
2/10/2015,0.1702
2/9/2015,0.1692
2/6/2015,0.1702
2/5/2015,0.1697
2/4/2015,0.1722
2/3/2015,0.1677
2/2/2015,0.1677
1/30/2015,0.1702
1/29/2015,0.1692
1/28/2015,0.1682
1/27/2015,0.1702
1/26/2015,0.1682
1/23/2015,0.1672
1/22/2015,0.1667
1/21/2015,0.1672
1/20/2015,0.1692
1/19/2015,0.1632
1/16/2015,0.1652
1/15/2015,0.1592
1/14/2015,0.1612
1/13/2015,0.1622
1/12/2015,0.1612
1/9/2015,0.1608
1/8/2015,0.1612
1/7/2015,0.1597
1/6/2015,0.1572
1/5/2015,0.1582
1/2/2015,0.15895
12/31/2014,0.1592
12/30/2014,0.1617
12/29/2014,0.1662
12/26/2014,0.1662
12/24/2014,0.1652
12/23/2014,0.1632
12/22/2014,0.1652
12/19/2014,0.1652
12/18/2014,0.1652
12/17/2014,0.1552
12/16/2014,0.15585
12/15/2014,0.1502
12/12/2014,0.1532
12/11/2014,0.1532
12/10/2014,0.1522
12/9/2014,0.1542
12/8/2014,0.1552
12/5/2014,0.1572
12/4/2014,0.1552
12/3/2014,0.1572
12/2/2014,0.1562
12/1/2014,0.1527
11/28/2014,0.1512
11/27/2014,0.1502
11/26/2014,0.1512
11/25/2014,0.1522
11/24/2014,0.15145
11/21/2014,0.1507
11/20/2014,0.1522
11/19/2014,0.1532
11/18/2014,0.1462
11/17/2014,0.1432
11/14/2014,0.1432
11/13/2014,0.1442
11/12/2014,0.1422
11/11/2014,0.1392
11/10/2014,0.1402
11/7/2014,0.1372
11/6/2014,0.1377
11/5/2014,0.1392
11/4/2014,0.1372
11/3/2014,0.13645
10/31/2014,0.1377
10/30/2014,0.1372
10/29/2014,0.1387
10/28/2014,0.1282
10/27/2014,0.1277
10/24/2014,0.1292
10/23/2014,0.1282
10/22/2014,0.1277
10/21/2014,0.1282
10/20/2014,0.1272
10/17/2014,0.1272
10/16/2014,0.1282
10/15/2014,0.1282
10/14/2014,0.1267
10/13/2014,0.1252
10/10/2014,0.1262
10/9/2014,0.1252
10/8/2014,0.1247
10/7/2014,0.1257
10/6/2014,0.1262
10/3/2014,0.1262
10/2/2014,0.1252
10/1/2014,0.1212
9/30/2014,0.1252
9/29/2014,0.1262
9/26/2014,0.1257
9/25/2014,0.1272
9/24/2014,0.1302
9/23/2014,0.1292
9/22/2014,0.13145
9/19/2014,0.1292
9/18/2014,0.1312
9/17/2014,0.1332
9/16/2014,0.1322
9/15/2014,0.1302
9/12/2014,0.1342
9/11/2014,0.1352
9/10/2014,0.1342
9/9/2014,0.1352
9/8/2014,0.1342
9/5/2014,0.1342
9/4/2014,0.1327
9/3/2014,0.1327
9/2/2014,0.1322
8/29/2014,0.1322
8/28/2014,0.13395
8/27/2014,0.1312
8/26/2014,0.1332
8/25/2014,0.1342
8/22/2014,0.1352
8/21/2014,0.1352
8/20/2014,0.1352
8/19/2014,0.1332
8/18/2014,0.1332
8/15/2014,0.1322
8/14/2014,0.1332
8/13/2014,0.1327
8/12/2014,0.1327
8/11/2014,0.1332
8/8/2014,0.1332
8/7/2014,0.1332
8/6/2014,0.1352
8/5/2014,0.1362
8/4/2014,0.1362
8/1/2014,0.1347
7/31/2014,0.13645
7/30/2014,0.13705
7/29/2014,0.1352
7/28/2014,0.1357
7/25/2014,0.1372
7/24/2014,0.1377
7/23/2014,0.1367
7/22/2014,0.1377
7/21/2014,0.1367
7/18/2014,0.1377
7/17/2014,0.1357
7/16/2014,0.13645
7/15/2014,0.1357
7/14/2014,0.1357
7/11/2014,0.1357
7/10/2014,0.13645
7/9/2014,0.1387
7/8/2014,0.1422
7/7/2014,0.1427
7/3/2014,0.1432
7/2/2014,0.1432
7/1/2014,0.1462
6/30/2014,0.1452
6/27/2014,0.14395
6/26/2014,0.1462
6/25/2014,0.14145
6/24/2014,0.1432
6/23/2014,0.1427
6/20/2014,0.1422
6/19/2014,0.1422
6/18/2014,0.1462
6/17/2014,0.1432
6/16/2014,0.1437
6/13/2014,0.1427
6/12/2014,0.13895
6/11/2014,0.1377
6/10/2014,0.1342
6/9/2014,0.13895
6/6/2014,0.13895
6/5/2014,0.13645
6/4/2014,0.1372
6/3/2014,0.1362
6/2/2014,0.1347
5/30/2014,0.1332
5/29/2014,0.1367
5/28/2014,0.1352
5/27/2014,0.1367
5/23/2014,0.1347
5/22/2014,0.1337
5/21/2014,0.1332
5/20/2014,0.1327
5/19/2014,0.1322
5/16/2014,0.1322
5/15/2014,0.13145
5/14/2014,0.1332
5/13/2014,0.1332
5/12/2014,0.1332
5/9/2014,0.1332
5/8/2014,0.1342
5/7/2014,0.1347
5/6/2014,0.1332
5/5/2014,0.1342
5/2/2014,0.1327
5/1/2014,0.1327
4/30/2014,0.1352
4/29/2014,0.1342
4/28/2014,0.1322
4/25/2014,0.1342
4/24/2014,0.1347
4/23/2014,0.1307
4/22/2014,0.1277
4/21/2014,0.1257
4/17/2014,0.1282
4/16/2014,0.1262
4/15/2014,0.1237
4/14/2014,0.1227
4/11/2014,0.1222
4/10/2014,0.1202
4/9/2014,0.1212
4/8/2014,0.1237
4/7/2014,0.1232
4/4/2014,0.1242
4/3/2014,0.1262
4/2/2014,0.1232
4/1/2014,0.1227
3/31/2014,0.1217
3/28/2014,0.1277
3/27/2014,0.1267
3/26/2014,0.1282
3/25/2014,0.12895
3/24/2014,0.1277
3/21/2014,0.1302
3/20/2014,0.12895
3/19/2014,0.1262
3/18/2014,0.1257
3/17/2014,0.1252
3/14/2014,0.12395
3/13/2014,0.1217
3/12/2014,0.1212
3/11/2014,0.1202
3/10/2014,0.1227
3/7/2014,0.1217
3/6/2014,0.1202
3/5/2014,0.1172
3/4/2014,0.1152
3/3/2014,0.1157
2/28/2014,0.1167
2/27/2014,0.11705
2/26/2014,0.1162
2/25/2014,0.1152
2/24/2014,0.1142
2/21/2014,0.1132
2/20/2014,0.1142
2/19/2014,0.1132
2/18/2014,0.1137
2/17/2014,0.1152
2/14/2014,0.1158
2/13/2014,0.1152
2/12/2014,0.1172
2/11/2014,0.1197
2/10/2014,0.1212
2/7/2014,0.1212
2/6/2014,0.1257
2/5/2014,0.1232
2/4/2014,0.1242
2/3/2014,0.1237
1/31/2014,0.1232
1/30/2014,0.12455
1/29/2014,0.1262
1/28/2014,0.1252
1/27/2014,0.1262
1/24/2014,0.1272
1/23/2014,0.1242
1/22/2014,0.1247
1/21/2014,0.1252
1/20/2014,0.1252
1/17/2014,0.1237
1/16/2014,0.1272
1/15/2014,0.1267
1/14/2014,0.1282
1/13/2014,0.1267
1/10/2014,0.1292
1/9/2014,0.1312
1/8/2014,0.1317
1/7/2014,0.1322
1/6/2014,0.1337
1/3/2014,0.1333
1/2/2014,0.1352
1/1/2014,0.1312
12/31/2013,0.1312
12/30/2013,0.1342
12/27/2013,0.1317
12/26/2013,0.1362
12/24/2013,0.1352
12/23/2013,0.1342
12/20/2013,0.1332
12/19/2013,0.1362
12/18/2013,0.1322
12/17/2013,0.1287
12/16/2013,0.1292
12/13/2013,0.1272
12/12/2013,0.1272
12/11/2013,0.1262
12/10/2013,0.1272
12/9/2013,0.1282
12/6/2013,0.1302
12/5/2013,0.1272
12/4/2013,0.1297
12/3/2013,0.1327
12/2/2013,0.1287
11/29/2013,0.1262
11/28/2013,0.1282
11/27/2013,0.1282
11/26/2013,0.1282
11/25/2013,0.1252
11/22/2013,0.1222
11/21/2013,0.1222
11/20/2013,0.1232
11/19/2013,0.1282
11/18/2013,0.1272
11/15/2013,0.1252
11/14/2013,0.1252
11/13/2013,0.1262
11/12/2013,0.1308
11/11/2013,0.1262
11/8/2013,0.1262
11/7/2013,0.1272
11/6/2013,0.1272
11/5/2013,0.1262
11/4/2013,0.1262
11/1/2013,0.1262
10/31/2013,0.1282
10/30/2013,0.1271
10/29/2013,0.1282
10/28/2013,0.1272
10/25/2013,0.12645
10/24/2013,0.12645
10/23/2013,0.1242
10/22/2013,0.1282
10/21/2013,0.1302
10/18/2013,0.1302
10/17/2013,0.1332
10/16/2013,0.1387
10/15/2013,0.1422
10/14/2013,0.1457
10/11/2013,0.1452
10/10/2013,0.1392
10/9/2013,0.1532
10/8/2013,0.1542
10/7/2013,0.1412
10/4/2013,0.1402
10/3/2013,0.1367
10/2/2013,0.1352
10/1/2013,0.1387
9/30/2013,0.1417
9/27/2013,0.1421
9/26/2013,0.1422
9/25/2013,0.1362
9/24/2013,0.1372
9/23/2013,0.1357
9/20/2013,0.1372
9/19/2013,0.1327
9/18/2013,0.1332
9/17/2013,0.1332
9/16/2013,0.1332
9/13/2013,0.1337
9/12/2013,0.1322
9/11/2013,0.1317
9/10/2013,0.1322
9/9/2013,0.1332
9/6/2013,0.1342
9/5/2013,0.1385
9/4/2013,0.1383
9/3/2013,0.1392
9/2/2013,0.1367
8/30/2013,0.1367
8/29/2013,0.1372
8/28/2013,0.1407
8/27/2013,0.1422
8/26/2013,0.1447
8/23/2013,0.1432
8/22/2013,0.1462
8/21/2013,0.1447
8/20/2013,0.1412
8/19/2013,0.1407
8/16/2013,0.1411
8/15/2013,0.1418
8/14/2013,0.1392
8/13/2013,0.1396
8/12/2013,0.138
8/9/2013,0.14
8/8/2013,0.1398
8/7/2013,0.1402
8/6/2013,0.1402
8/5/2013,0.1412
8/2/2013,0.1387
8/1/2013,0.1452
7/31/2013,0.1443
7/30/2013,0.1442
7/29/2013,0.1427
7/26/2013,0.14395
7/25/2013,0.1422
7/24/2013,0.1472
7/23/2013,0.1452
7/22/2013,0.1464
7/19/2013,0.1427
7/18/2013,0.1462
7/17/2013,0.1459
7/16/2013,0.14645
7/15/2013,0.1487
7/12/2013,0.1491
7/11/2013,0.1487
7/10/2013,0.1522
7/9/2013,0.1523
7/8/2013,0.151
7/5/2013,0.1522
7/4/2013,0.1502
7/3/2013,0.1512
7/2/2013,0.1482
7/1/2013,0.1506
6/28/2013,0.1552
6/27/2013,0.1582
6/26/2013,0.1602
6/25/2013,0.1642
6/24/2013,0.1672
6/21/2013,0.1612
6/20/2013,0.1587
6/19/2013,0.1532
6/18/2013,0.1519
6/17/2013,0.1492
6/14/2013,0.1449
6/13/2013,0.1452
6/12/2013,0.1495
6/11/2013,0.1462
6/10/2013,0.14645
6/7/2013,0.1494
6/6/2013,0.1488
6/5/2013,0.1492
6/4/2013,0.1483
6/3/2013,0.1482
5/31/2013,0.1514
5/30/2013,0.1464
5/29/2013,0.1512
5/28/2013,0.1552
5/27/2013,0.1502
5/24/2013,0.1512
5/23/2013,0.1522
5/22/2013,0.1532
5/21/2013,0.1521
5/20/2013,0.1522
5/17/2013,0.1612
5/16/2013,0.1602
5/15/2013,0.1642
5/14/2013,0.1632
5/13/2013,0.1622
5/10/2013,0.1637
5/9/2013,0.1632
5/8/2013,0.1627
5/7/2013,0.1627
5/6/2013,0.1627
5/3/2013,0.1647
5/2/2013,0.1662
5/1/2013,0.1633
4/30/2013,0.1627
4/29/2013,0.1622
4/26/2013,0.1687
4/25/2013,0.1712
4/24/2013,0.1737
4/23/2013,0.1735
4/22/2013,0.1702
4/19/2013,0.1742
4/18/2013,0.1727
4/17/2013,0.1729
4/16/2013,0.1722
4/15/2013,0.1707
4/12/2013,0.1702
4/11/2013,0.1722
4/10/2013,0.1712
4/9/2013,0.1718
4/8/2013,0.1712
4/5/2013,0.1722
4/4/2013,0.1722
4/3/2013,0.1752
4/2/2013,0.1783
4/1/2013,0.1776
3/29/2013,0.1802
3/28/2013,0.1802
3/27/2013,0.1807
3/26/2013,0.1812
3/25/2013,0.1847
3/22/2013,0.1822
3/21/2013,0.1822
3/20/2013,0.1817
3/19/2013,0.1832
3/18/2013,0.1782
3/15/2013,0.1784
3/14/2013,0.1762
3/13/2013,0.1783
3/12/2013,0.1762
3/11/2013,0.1809
3/8/2013,0.1822
3/7/2013,0.1812
3/6/2013,0.1822
3/5/2013,0.1782
3/4/2013,0.1782
3/1/2013,0.1782
2/28/2013,0.1772
2/27/2013,0.1806
2/26/2013,0.1811
2/25/2013,0.1811
2/22/2013,0.1832
2/21/2013,0.184
2/20/2013,0.1838
2/19/2013,0.1847
2/18/2013,0.1842
2/15/2013,0.1832
2/14/2013,0.1787
2/13/2013,0.1807
2/12/2013,0.1807
2/11/2013,0.1767
2/8/2013,0.1747
2/7/2013,0.1747
2/6/2013,0.1707
2/5/2013,0.1692
2/4/2013,0.1727
2/1/2013,0.1702
1/31/2013,0.1712
1/30/2013,0.1712
1/29/2013,0.1717
1/28/2013,0.1757
1/25/2013,0.1772
1/24/2013,0.1722
1/23/2013,0.1682
1/22/2013,0.1662
1/21/2013,0.1792
1/18/2013,0.1737
1/17/2013,0.1812
1/16/2013,0.1797
1/15/2013,0.1802
1/14/2013,0.1772
1/11/2013,0.1747
1/10/2013,0.1742
1/9/2013,0.1797
1/8/2013,0.1837
1/7/2013,0.1837
1/4/2013,0.1857
1/3/2013,0.1857
1/2/2013,0.1872
1/1/2013,0.1872
12/31/2012,0.1872
12/28/2012,0.1912
12/27/2012,0.1932
12/26/2012,0.1927
12/25/2012,0.1952
12/24/2012,0.1942
12/21/2012,0.1947
12/20/2012,0.1917
12/19/2012,0.1972
12/18/2012,0.1972
12/17/2012,0.1822
12/14/2012,0.1807
12/13/2012,0.1817
12/12/2012,0.1837
12/11/2012,0.1837
12/10/2012,0.1842
12/7/2012,0.1839
12/6/2012,0.1852
12/5/2012,0.1887
12/4/2012,0.1832
12/3/2012,0.1877
11/30/2012,0.1882
11/29/2012,0.1877
11/28/2012,0.1897
11/27/2012,0.1887
11/26/2012,0.1897
11/23/2012,0.1867
11/22/2012,0.1882
11/21/2012,0.1867
11/20/2012,0.1857
11/19/2012,0.1842
11/16/2012,0.1887
11/15/2012,0.1897
11/14/2012,0.1867
11/13/2012,0.1867
11/12/2012,0.1887
11/9/2012,0.1862
11/8/2012,0.1837
11/7/2012,0.1892
11/6/2012,0.1937
11/5/2012,0.1917
11/2/2012,0.1927
11/1/2012,0.1962
10/31/2012,0.1922
10/30/2012,0.1927
10/29/2012,0.1932
10/26/2012,0.1917
10/25/2012,0.1982
10/24/2012,0.1882
10/23/2012,0.1827
10/22/2012,0.1827
10/19/2012,0.1807
10/18/2012,0.1857
10/17/2012,0.1867
10/16/2012,0.1857
10/15/2012,0.1817
10/12/2012,0.1797
10/11/2012,0.1782
10/10/2012,0.1807
10/9/2012,0.1807
10/8/2012,0.1822
10/5/2012,0.1807
10/4/2012,0.1797
10/3/2012,0.1777
10/2/2012,0.1777
10/1/2012,0.1787
9/28/2012,0.1767
9/27/2012,0.1797
9/26/2012,0.1822
9/25/2012,0.1797
9/24/2012,0.1777
9/21/2012,0.1777
9/20/2012,0.1797
9/19/2012,0.1847
9/18/2012,0.1802
9/17/2012,0.1757
9/14/2012,0.1767
9/13/2012,0.1687
9/12/2012,0.16895
9/11/2012,0.1665
9/10/2012,0.1687
9/7/2012,0.1712
9/6/2012,0.1727
9/5/2012,0.1667
9/4/2012,0.1627
9/3/2012,0.1672
8/31/2012,0.1647
8/30/2012,0.1707
8/29/2012,0.1712
8/28/2012,0.1752
8/27/2012,0.1737
8/24/2012,0.1727
8/23/2012,0.1767
8/22/2012,0.1797
8/21/2012,0.1832
8/20/2012,0.1817
8/17/2012,0.1827
8/16/2012,0.1817
8/15/2012,0.1827
8/14/2012,0.1797
8/13/2012,0.1832
8/10/2012,0.1842
8/9/2012,0.1852
8/8/2012,0.1862
8/7/2012,0.1817
8/6/2012,0.1827
8/3/2012,0.1847
8/2/2012,0.1792
8/1/2012,0.1862
7/31/2012,0.1767
7/30/2012,0.1742
7/27/2012,0.1852
7/26/2012,0.1872
7/25/2012,0.1827
7/24/2012,0.1837
7/23/2012,0.1832
7/20/2012,0.1837
7/19/2012,0.1817
7/18/2012,0.1852
7/17/2012,0.1952
7/16/2012,0.1927
7/13/2012,0.1872
7/12/2012,0.2007
7/11/2012,0.2027
7/10/2012,0.2067
7/9/2012,0.2072
7/6/2012,0.2067
7/5/2012,0.2157
7/4/2012,0.2192
7/3/2012,0.2192
7/2/2012,0.2157
6/29/2012,0.2172
6/28/2012,0.2177
6/27/2012,0.2172
6/26/2012,0.2182
6/25/2012,0.2162
6/22/2012,0.2177
6/21/2012,0.2152
6/20/2012,0.2117
6/19/2012,0.2077
6/18/2012,0.2012
6/15/2012,0.2022
6/14/2012,0.2107
6/13/2012,0.2117
6/12/2012,0.2127
6/11/2012,0.2097
6/8/2012,0.2002
6/7/2012,0.1987
6/6/2012,0.1997
6/5/2012,0.2002
6/4/2012,0.1977
6/1/2012,0.1977
5/31/2012,0.2022
5/30/2012,0.2017
5/29/2012,0.2037
5/28/2012,0.2022
5/25/2012,0.2042
5/24/2012,0.1992
5/23/2012,0.1987
5/22/2012,0.2012
5/21/2012,0.2047
5/18/2012,0.2067
5/17/2012,0.2082
5/16/2012,0.2022
5/15/2012,0.1987
5/14/2012,0.1972
5/11/2012,0.1932
5/10/2012,0.1892
5/9/2012,0.1887
5/8/2012,0.1902
5/7/2012,0.1857
5/4/2012,0.1842
5/3/2012,0.1842
5/2/2012,0.1822
5/1/2012,0.1822
4/30/2012,0.1772
4/27/2012,0.1762
4/26/2012,0.1787
4/25/2012,0.1767
4/24/2012,0.1762
4/23/2012,0.1717
4/20/2012,0.1767
4/19/2012,0.1787
4/18/2012,0.1817
4/17/2012,0.1817
4/16/2012,0.1817
4/13/2012,0.1827
4/12/2012,0.1832
4/11/2012,0.1832
4/10/2012,0.1837
4/9/2012,0.1832
4/6/2012,0.1832
4/5/2012,0.1837
4/4/2012,0.1822
4/3/2012,0.1802
4/2/2012,0.1722
3/30/2012,0.1677
3/29/2012,0.1712
3/28/2012,0.1707
3/27/2012,0.1707
3/26/2012,0.1742
3/23/2012,0.1762
3/22/2012,0.1757
3/21/2012,0.1787
3/20/2012,0.1877
3/19/2012,0.1777
3/16/2012,0.1737
3/15/2012,0.1747
3/14/2012,0.1727
3/13/2012,0.1687
3/12/2012,0.1652
3/9/2012,0.1617
3/8/2012,0.1592
3/7/2012,0.1562
3/6/2012,0.1527
3/5/2012,0.1527
3/2/2012,0.1517
3/1/2012,0.1537
2/29/2012,0.1577
2/28/2012,0.1567
2/27/2012,0.1592
2/24/2012,0.1562
2/23/2012,0.1577
2/22/2012,0.1537
2/21/2012,0.1502
2/20/2012,0.1552
2/17/2012,0.1527
2/16/2012,0.1637
2/15/2012,0.1627
2/14/2012,0.1697
2/13/2012,0.1727
2/10/2012,0.1702
2/9/2012,0.1617
2/8/2012,0.1537
2/7/2012,0.1517
2/6/2012,0.1527
2/3/2012,0.1517
2/2/2012,0.1487
2/1/2012,0.1447
1/31/2012,0.1357
1/30/2012,0.1327
1/27/2012,0.1307
1/26/2012,0.1292
1/25/2012,0.1327
1/24/2012,0.1317
1/23/2012,0.1292
1/20/2012,0.1317
1/19/2012,0.1277
1/18/2012,0.1297
1/17/2012,0.1252
1/16/2012,0.1227
1/13/2012,0.1237
1/12/2012,0.1242
1/11/2012,0.1207
1/10/2012,0.12145
1/9/2012,0.1207
1/6/2012,0.1212
1/5/2012,0.1192
1/4/2012,0.1217
1/3/2012,0.1237
1/2/2012,0.1272
12/30/2011,0.1242
12/29/2011,0.1272
12/28/2011,0.1267
12/27/2011,0.1262
12/26/2011,0.1262
12/23/2011,0.1272
12/22/2011,0.1267
12/21/2011,0.1247
12/20/2011,0.1277
12/19/2011,0.1292
12/16/2011,0.1257
12/15/2011,0.1277
12/14/2011,0.12895
12/13/2011,0.1287
12/12/2011,0.1302
12/9/2011,0.1307
12/8/2011,0.1322
12/7/2011,0.1297
12/6/2011,0.1352
12/5/2011,0.1377
12/2/2011,0.1372
12/1/2011,0.1377
11/30/2011,0.1457
11/29/2011,0.1452
11/28/2011,0.1477
11/25/2011,0.1542
11/24/2011,0.1442
11/23/2011,0.1427
11/22/2011,0.1402
11/21/2011,0.1417
11/18/2011,0.1392
11/17/2011,0.1417
11/16/2011,0.1302
11/15/2011,0.1267
11/14/2011,0.1277
11/11/2011,0.1272
11/10/2011,0.1257
11/9/2011,0.1252
11/8/2011,0.1277
11/7/2011,0.1277
11/4/2011,0.1277
11/3/2011,0.1267
11/2/2011,0.1257
11/1/2011,0.1262
10/31/2011,0.1237
10/28/2011,0.1257
10/27/2011,0.1277
10/26/2011,0.1232
10/25/2011,0.1217
10/24/2011,0.1207
10/21/2011,0.1252
10/20/2011,0.1227
10/19/2011,0.1227
10/18/2011,0.1207
10/17/2011,0.1217
10/14/2011,0.1227
10/13/2011,0.1227
10/12/2011,0.1227
10/11/2011,0.1247
10/10/2011,0.1282
10/7/2011,0.1297
10/6/2011,0.1287
10/5/2011,0.1292
10/4/2011,0.1287
10/3/2011,0.1317
9/30/2011,0.1292
9/29/2011,0.1267
9/28/2011,0.1292
9/27/2011,0.1307
9/26/2011,0.1287
9/23/2011,0.1292
9/22/2011,0.1282
9/21/2011,0.1307
9/20/2011,0.1097
9/19/2011,0.1057
9/16/2011,0.1082
9/15/2011,0.1087
9/14/2011,0.1132
9/13/2011,0.1182
9/12/2011,0.1247
9/9/2011,0.1192
9/8/2011,0.1192
9/7/2011,0.1267
9/6/2011,0.1262
9/5/2011,0.1272
9/2/2011,0.1277
9/1/2011,0.1287
8/31/2011,0.1287
8/30/2011,0.1262
8/29/2011,0.1217
8/26/2011,0.1187
8/25/2011,0.1237
8/24/2011,0.1272
8/23/2011,0.1277
8/22/2011,0.1272
8/19/2011,0.1292
8/18/2011,0.1247
8/17/2011,0.1357
8/16/2011,0.1357
8/15/2011,0.1372
8/12/2011,0.1407
8/11/2011,0.1327
8/10/2011,0.1267
8/9/2011,0.1252
8/8/2011,0.1267
8/5/2011,0.1282
8/4/2011,0.1177
8/3/2011,0.1467
8/2/2011,0.1537
8/1/2011,0.1717
7/29/2011,0.1667
7/28/2011,0.1617
7/27/2011,0.1582
7/26/2011,0.1482
7/25/2011,0.1417
7/22/2011,0.1427
7/21/2011,0.1467
7/20/2011,0.1437
7/19/2011,0.1447
7/18/2011,0.1327
7/15/2011,0.1347
7/14/2011,0.1347
7/13/2011,0.1397
7/12/2011,0.1487
7/11/2011,0.1457
7/8/2011,0.1477
7/7/2011,0.1517
7/6/2011,0.1517
7/5/2011,0.1577
7/4/2011,0.1592
7/1/2011,0.1607
6/30/2011,0.1602
6/29/2011,0.1597
6/28/2011,0.1602
6/27/2011,0.1537
6/24/2011,0.1527
6/23/2011,0.1537
6/22/2011,0.1577
6/21/2011,0.1612
6/20/2011,0.1587
6/17/2011,0.1627
6/16/2011,0.1612
6/15/2011,0.1567
6/14/2011,0.1537
6/13/2011,0.1557
6/10/2011,0.1517
6/9/2011,0.1527
6/8/2011,0.1522
6/7/2011,0.1522
6/6/2011,0.1507
6/3/2011,0.1497
6/2/2011,0.1492
6/1/2011,0.1502
5/31/2011,0.1477
5/30/2011,0.1462
5/27/2011,0.1522
5/26/2011,0.1462
5/25/2011,0.1552
5/24/2011,0.1487
5/23/2011,0.1437
5/20/2011,0.1422
5/19/2011,0.1422
5/18/2011,0.1462
5/17/2011,0.1387
5/16/2011,0.1407
5/13/2011,0.1407
5/12/2011,0.14095
5/11/2011,0.1402
5/10/2011,0.1397
5/9/2011,0.1422
5/6/2011,0.1472
5/5/2011,0.1422
5/4/2011,0.1412
5/3/2011,0.1472
5/2/2011,0.1492
4/29/2011,0.1572
4/28/2011,0.1597
4/27/2011,0.1587
4/26/2011,0.1592
4/25/2011,0.1622
4/22/2011,0.1642
4/21/2011,0.1632
4/20/2011,0.1582
4/19/2011,0.1572
4/18/2011,0.1577
4/15/2011,0.1522
4/14/2011,0.1507
4/13/2011,0.1512
4/12/2011,0.1567
4/11/2011,0.1637
4/8/2011,0.1592
4/7/2011,0.1637
4/6/2011,0.1562
4/5/2011,0.1652
4/4/2011,0.1597
4/1/2011,0.1632
3/31/2011,0.1717
3/30/2011,0.16995
3/29/2011,0.1717
3/28/2011,0.1797
3/25/2011,0.1797
3/24/2011,0.1847
3/23/2011,0.1897
3/22/2011,0.1867
3/21/2011,0.1842
3/18/2011,0.1812
3/17/2011,0.1797
3/16/2011,0.1787
3/15/2011,0.1777
3/14/2011,0.1777
3/11/2011,0.1767
3/10/2011,0.1767
3/9/2011,0.1797
3/8/2011,0.1797
3/7/2011,0.1827
3/4/2011,0.1837
3/3/2011,0.1837
3/2/2011,0.1837
3/1/2011,0.1837
2/28/2011,0.1827
2/25/2011,0.1857
2/24/2011,0.1817
2/23/2011,0.1827
2/22/2011,0.1827
2/21/2011,0.1862
2/18/2011,0.1847
2/17/2011,0.1867
2/16/2011,0.1887
2/15/2011,0.1927
2/14/2011,0.1937
2/11/2011,0.1917
2/10/2011,0.1977
2/9/2011,0.2007
2/8/2011,0.2007
2/7/2011,0.20295
2/4/2011,0.2017
2/3/2011,0.20145
2/2/2011,0.1997
2/1/2011,0.2017
1/31/2011,0.1987
1/28/2011,0.1957
1/27/2011,0.1997
1/26/2011,0.2047
1/25/2011,0.2037
1/24/2011,0.2027
1/21/2011,0.20295
1/20/2011,0.2057
1/19/2011,0.2057
1/18/2011,0.2077
1/17/2011,0.20795
1/14/2011,0.2067
1/13/2011,0.2097
1/12/2011,0.2127
1/11/2011,0.2127
1/10/2011,0.2157
1/7/2011,0.2187
1/6/2011,0.22245
1/5/2011,0.2197
1/4/2011,0.2212
1/3/2011,0.2227
12/31/2010,0.2232
12/30/2010,0.2237
12/29/2010,0.2012
12/28/2010,0.2227
12/27/2010,0.2252
12/24/2010,0.2202
12/23/2010,0.2222
12/22/2010,0.2232
12/21/2010,0.2257
12/20/2010,0.2202
12/17/2010,0.2192
12/16/2010,0.2202
12/15/2010,0.2207
12/14/2010,0.2202
12/13/2010,0.2142
12/10/2010,0.2162
12/9/2010,0.2162
12/8/2010,0.2197
12/7/2010,0.2202
12/6/2010,0.2197
12/3/2010,0.2272
12/2/2010,0.2362
12/1/2010,0.2352
11/30/2010,0.2352
11/29/2010,0.2282
11/26/2010,0.2347
11/25/2010,0.2312
11/24/2010,0.2237
11/23/2010,0.2257
11/22/2010,0.22495
11/19/2010,0.2217
11/18/2010,0.2202
11/17/2010,0.2207
11/16/2010,0.2212
11/15/2010,0.2197
11/12/2010,0.2192
11/11/2010,0.2172
11/10/2010,0.2142
11/9/2010,0.2147
11/8/2010,0.2212
11/5/2010,0.22445
11/4/2010,0.21645
11/3/2010,0.22195
11/2/2010,0.21495
11/1/2010,0.2147
10/29/2010,0.21545
10/28/2010,0.21545
10/27/2010,0.2207
10/26/2010,0.2142
10/25/2010,0.20995
10/22/2010,0.2157
10/21/2010,0.2092
10/20/2010,0.2112
10/19/2010,0.2127
10/18/2010,0.2132
10/15/2010,0.2127
10/14/2010,0.20995
10/13/2010,0.2072
10/12/2010,0.21545
10/11/2010,0.2102
10/8/2010,0.2112
10/7/2010,0.21395
10/6/2010,0.2177
10/5/2010,0.21945
10/4/2010,0.2242
10/1/2010,0.22595
9/30/2010,0.2227
9/29/2010,0.2217
9/28/2010,0.22395
9/27/2010,0.22845
9/24/2010,0.2297
9/23/2010,0.2282
9/22/2010,0.2282
9/21/2010,0.2282
9/20/2010,0.2307
9/17/2010,0.2282
9/16/2010,0.2282
9/15/2010,0.2272
9/14/2010,0.2252
9/13/2010,0.2252
9/10/2010,0.2357
9/9/2010,0.2292
9/8/2010,0.2302
9/7/2010,0.2282
9/6/2010,0.2242
9/3/2010,0.2257
9/2/2010,0.2232
9/1/2010,0.2252
8/31/2010,0.22745
8/30/2010,0.2217
8/27/2010,0.22145
8/26/2010,0.21145
8/25/2010,0.2172
8/24/2010,0.2182
8/23/2010,0.2172
8/20/2010,0.2162
8/19/2010,0.2132
8/18/2010,0.2162
8/17/2010,0.2177
8/16/2010,0.21195
8/13/2010,0.2092
8/12/2010,0.2132
8/11/2010,0.2142
8/10/2010,0.2162
8/9/2010,0.2122
8/6/2010,0.2147
8/5/2010,0.2167
8/4/2010,0.2172
8/3/2010,0.21845
8/2/2010,0.2272
7/30/2010,0.2332
7/29/2010,0.2342
7/28/2010,0.22745
7/27/2010,0.2312
7/26/2010,0.22595
7/23/2010,0.2242
7/22/2010,0.2252
7/21/2010,0.2212
7/20/2010,0.2252
7/19/2010,0.2292
7/16/2010,0.2262
7/15/2010,0.2237
7/14/2010,0.2287
7/13/2010,0.2312
7/12/2010,0.2317
7/9/2010,0.2332
7/8/2010,0.2382
7/7/2010,0.2322
7/6/2010,0.2382
7/5/2010,0.2372
7/2/2010,0.2352
7/1/2010,0.2442
6/30/2010,0.24095
6/29/2010,0.2457
6/28/2010,0.2362
6/25/2010,0.2372
6/24/2010,0.2452
6/23/2010,0.2482
6/22/2010,0.2547
6/21/2010,0.2512
6/18/2010,0.2532
6/17/2010,0.2572
6/16/2010,0.2542
6/15/2010,0.2562
6/14/2010,0.2512
6/11/2010,0.25295
6/10/2010,0.2482
6/9/2010,0.2562
6/8/2010,0.2562
6/7/2010,0.2552
6/4/2010,0.2647
6/3/2010,0.2712
6/2/2010,0.2692
6/1/2010,0.2682
5/31/2010,0.2617
5/28/2010,0.2742
5/27/2010,0.2702
5/26/2010,0.2712
5/25/2010,0.2642
5/24/2010,0.2657
5/21/2010,0.2667
5/20/2010,0.2722
5/19/2010,0.2712
5/18/2010,0.2682
5/17/2010,0.2637
5/14/2010,0.2652
5/13/2010,0.2647
5/12/2010,0.2622
5/11/2010,0.2712
5/10/2010,0.2722
5/7/2010,0.2872
5/6/2010,0.2922
5/5/2010,0.2772
5/4/2010,0.2767
5/3/2010,0.2652
4/30/2010,0.2727
4/29/2010,0.2687
4/28/2010,0.2662
4/27/2010,0.2672
4/26/2010,0.2702
4/23/2010,0.2722
4/22/2010,0.2662
4/21/2010,0.2642
4/20/2010,0.2652
4/19/2010,0.2602
4/16/2010,0.2592
4/15/2010,0.2637
4/14/2010,0.2632
4/13/2010,0.2602
4/12/2010,0.2602
4/9/2010,0.2552
4/8/2010,0.2542
4/7/2010,0.2527
4/6/2010,0.2527
4/5/2010,0.2562
4/2/2010,0.2452
4/1/2010,0.24445
3/31/2010,0.2427
3/30/2010,0.2427
3/29/2010,0.2412
3/26/2010,0.2462
3/25/2010,0.2452
3/24/2010,0.2447
3/23/2010,0.2382
3/22/2010,0.2402
3/19/2010,0.2552
3/18/2010,0.2502
3/17/2010,0.2337
3/16/2010,0.2392
3/15/2010,0.2387
3/12/2010,0.2362
3/11/2010,0.2242
3/10/2010,0.2192
3/9/2010,0.2162
3/8/2010,0.2237
3/5/2010,0.2232
3/4/2010,0.2177
3/3/2010,0.1972
3/2/2010,0.1922
3/1/2010,0.1962
2/26/2010,0.2042
2/25/2010,0.1977
2/24/2010,0.1992
2/23/2010,0.2042
2/22/2010,0.2012
2/19/2010,0.2072
2/18/2010,0.2102
2/17/2010,0.1927
2/16/2010,0.1872
2/15/2010,0.1932
2/12/2010,0.1942
2/11/2010,0.1902
2/10/2010,0.1902
2/9/2010,0.1922
2/8/2010,0.1942
2/5/2010,0.1882
2/4/2010,0.1902
2/3/2010,0.1932
2/2/2010,0.1892
2/1/2010,0.1852
1/29/2010,0.1857
1/28/2010,0.1902
1/27/2010,0.1887
1/26/2010,0.1867
1/25/2010,0.1872
1/22/2010,0.1887
1/21/2010,0.1857
1/20/2010,0.1812
1/19/2010,0.1817
1/18/2010,0.1812
1/15/2010,0.1782
1/14/2010,0.1832
1/13/2010,0.1872
1/12/2010,0.1817
1/11/2010,0.1832
1/8/2010,0.1827
1/7/2010,0.1852
1/6/2010,0.1867
1/5/2010,0.1952
1/4/2010,0.2022
1/1/2010,0.1987
12/31/2009,0.2022
12/30/2009,0.2097
12/29/2009,0.2107
12/28/2009,0.2202
12/25/2009,0.2052
12/24/2009,0.2062
12/23/2009,0.1962
12/22/2009,0.2002
12/21/2009,0.2002
12/18/2009,0.1992
12/17/2009,0.1962
12/16/2009,0.2037
12/15/2009,0.2172
12/14/2009,0.2062
12/11/2009,0.2002
12/10/2009,0.1932
12/9/2009,0.1927
12/8/2009,0.1942
12/7/2009,0.1902
12/4/2009,0.1942
12/3/2009,0.1882
12/2/2009,0.1857
12/1/2009,0.1857
11/30/2009,0.1872
11/27/2009,0.1732
11/26/2009,0.1797
11/25/2009,0.1757
11/24/2009,0.1717
11/23/2009,0.1717
11/20/2009,0.1692
11/19/2009,0.1722
11/18/2009,0.1777
11/17/2009,0.1792
11/16/2009,0.1802
11/13/2009,0.1822
11/12/2009,0.1817
11/11/2009,0.1812
11/10/2009,0.1862
11/9/2009,0.1872
11/6/2009,0.1832
11/5/2009,0.1822
11/4/2009,0.1872
11/3/2009,0.1942
11/2/2009,0.1892
10/30/2009,0.1912
10/29/2009,0.1902
10/28/2009,0.1912
10/27/2009,0.1972
10/26/2009,0.2042
10/23/2009,0.2042
10/22/2009,0.2002
10/21/2009,0.2032
10/20/2009,0.2092
10/19/2009,0.2152
10/16/2009,0.2027
10/15/2009,0.1952
10/14/2009,0.1962
10/13/2009,0.1922
10/12/2009,0.1982
10/9/2009,0.2007
10/8/2009,0.1942
10/7/2009,0.1932
10/6/2009,0.1962
10/5/2009,0.1947
10/2/2009,0.1952
10/1/2009,0.1927
9/30/2009,0.2017
9/29/2009,0.2042
9/28/2009,0.2067
9/25/2009,0.2102
9/24/2009,0.2077
9/23/2009,0.2147
9/22/2009,0.2227
9/21/2009,0.2227
9/18/2009,0.2267
9/17/2009,0.2252
9/16/2009,0.2182
9/15/2009,0.2237
9/14/2009,0.2172
9/11/2009,0.2092
9/10/2009,0.2192
9/9/2009,0.2132
9/8/2009,0.2192
9/7/2009,0.2132
9/4/2009,0.2137
9/3/2009,0.2242
9/2/2009,0.2152
9/1/2009,0.2177
8/31/2009,0.2192
8/28/2009,0.2182
8/27/2009,0.2202
8/26/2009,0.2252
8/25/2009,0.2272
8/24/2009,0.2262
8/21/2009,0.2312
8/20/2009,0.2252
8/19/2009,0.2242
8/18/2009,0.2277
8/17/2009,0.2302
8/14/2009,0.2212
8/13/2009,0.2242
8/12/2009,0.2282
8/11/2009,0.2302
8/10/2009,0.2332
8/7/2009,0.2332
8/6/2009,0.2387
8/5/2009,0.2392
8/4/2009,0.2412
8/3/2009,0.2427
7/31/2009,0.2412
7/30/2009,0.2392
7/29/2009,0.2372
7/28/2009,0.2372
7/27/2009,0.2342
7/24/2009,0.2362
7/23/2009,0.2372
7/22/2009,0.2332
7/21/2009,0.2342
7/20/2009,0.2377
7/17/2009,0.2312
7/16/2009,0.2322
7/15/2009,0.2382
7/14/2009,0.2352
7/13/2009,0.2342
7/10/2009,0.2342
7/9/2009,0.2392
7/8/2009,0.2402
7/7/2009,0.2392
7/6/2009,0.2432
7/3/2009,0.2412
7/2/2009,0.2512
7/1/2009,0.2632
6/30/2009,0.2562
6/29/2009,0.2622
6/26/2009,0.2562
6/25/2009,0.2592
6/24/2009,0.2762
6/23/2009,0.2782
6/22/2009,0.2782
6/19/2009,0.2802
6/18/2009,0.2772
6/17/2009,0.2682
6/16/2009,0.2582
6/15/2009,0.2552
6/12/2009,0.2512
6/11/2009,0.2612
6/10/2009,0.2652
6/9/2009,0.2642
6/8/2009,0.2802
6/5/2009,0.2852
6/4/2009,0.2582
6/3/2009,0.2512
6/2/2009,0.2402
6/1/2009,0.2512
5/29/2009,0.2402
5/28/2009,0.2462
5/27/2009,0.2522
5/26/2009,0.2532
5/25/2009,0.2472
5/22/2009,0.2472
5/21/2009,0.2432
5/20/2009,0.2412
5/19/2009,0.2452
5/18/2009,0.2472
5/15/2009,0.2382
5/14/2009,0.2442
5/13/2009,0.2402
5/12/2009,0.2422
5/11/2009,0.2402
5/8/2009,0.2372
5/7/2009,0.2502
5/6/2009,0.2462
5/5/2009,0.2432
5/4/2009,0.2522
5/1/2009,0.2552
4/30/2009,0.2332
4/29/2009,0.2357
4/28/2009,0.2392
4/27/2009,0.2342
4/24/2009,0.2382
4/23/2009,0.2422
4/22/2009,0.2417
4/21/2009,0.2362
4/20/2009,0.2382
4/17/2009,0.2362
4/16/2009,0.2322
4/15/2009,0.2322
4/14/2009,0.2322
4/13/2009,0.2307
4/10/2009,0.2422
4/9/2009,0.2402
4/8/2009,0.2472
4/7/2009,0.2457
4/6/2009,0.2582
4/3/2009,0.2582
4/2/2009,0.2622
4/1/2009,0.2622
3/31/2009,0.2582
3/30/2009,0.2692
3/27/2009,0.2822
3/26/2009,0.2722
3/25/2009,0.2792
3/24/2009,0.2792
3/23/2009,0.2722
3/20/2009,0.2592
3/19/2009,0.2702
3/18/2009,0.2602
3/17/2009,0.2712
3/16/2009,0.2722
3/13/2009,0.2782
3/12/2009,0.2882
3/11/2009,0.3022
3/10/2009,0.2992
3/9/2009,0.3022
3/6/2009,0.3042
3/5/2009,0.2862
3/4/2009,0.2932
3/3/2009,0.2957
3/2/2009,0.2872
2/27/2009,0.2877
2/26/2009,0.2872
2/25/2009,0.2827
2/24/2009,0.2777
2/23/2009,0.2762
2/20/2009,0.2692
2/19/2009,0.2802
2/18/2009,0.3042
2/17/2009,0.3082
2/16/2009,0.3082
2/13/2009,0.3082
2/12/2009,0.3057
2/11/2009,0.3072
2/10/2009,0.3017
2/9/2009,0.3107
2/6/2009,0.2977
2/5/2009,0.3057
2/4/2009,0.3012
2/3/2009,0.2867
2/2/2009,0.2902
1/30/2009,0.3062
1/29/2009,0.2727
1/28/2009,0.2647
1/27/2009,0.2662
1/26/2009,0.2822
1/23/2009,0.2947
1/22/2009,0.2642
1/21/2009,0.2402
1/20/2009,0.2307
1/19/2009,0.2262
1/16/2009,0.2292
1/15/2009,0.2327
1/14/2009,0.2132
1/13/2009,0.2132
1/12/2009,0.2152
1/9/2009,0.2227
1/8/2009,0.2267
1/7/2009,0.2262
1/6/2009,0.2182
1/5/2009,0.2352
1/2/2009,0.2282
1/1/2009,0.2182
12/31/2008,0.2537
12/30/2008,0.2202
12/29/2008,0.2232
12/26/2008,0.2632
12/25/2008,0.3212
12/24/2008,0.2452
12/23/2008,0.2627
12/22/2008,0.2477
12/19/2008,0.2462
12/18/2008,0.2307
12/17/2008,0.2362
12/16/2008,0.2102
12/15/2008,0.3707
12/12/2008,0.3412
12/11/2008,0.3022
12/10/2008,0.2957
12/9/2008,0.2872
12/8/2008,0.3327
12/5/2008,0.3242
12/4/2008,0.3612
12/3/2008,0.3907
12/2/2008,0.4077
12/1/2008,0.4322
11/28/2008,0.4752
11/27/2008,0.4597
11/26/2008,0.4462
11/25/2008,0.4597
11/24/2008,0.5252
11/21/2008,0.4987
11/20/2008,0.4487
11/19/2008,0.4922
11/18/2008,0.4977
11/17/2008,0.5237
11/14/2008,0.5447
11/13/2008,0.5907
11/12/2008,0.5137
11/11/2008,0.4982
11/10/2008,0.5352
11/7/2008,0.5722
11/6/2008,0.5947
11/5/2008,0.6217
11/4/2008,0.6192
11/3/2008,0.6712
10/31/2008,0.6792
10/30/2008,0.6907
10/29/2008,0.8187
10/28/2008,0.8887
10/27/2008,0.9217
10/24/2008,0.9482
10/23/2008,1.0317
10/22/2008,1.0472
10/21/2008,1.0932
10/20/2008,1.1957
10/17/2008,1.1592
10/16/2008,1.1477
10/15/2008,1.1372
10/14/2008,1.2302
10/13/2008,1.2562
10/10/2008,1.2147
10/9/2008,1.2482
10/8/2008,1.3167
10/7/2008,1.4722
10/6/2008,1.4507
10/3/2008,1.4867
10/2/2008,1.5452
10/1/2008,1.6797
9/30/2008,1.7737
9/29/2008,1.6007
9/26/2008,1.7262
9/25/2008,1.8432
9/24/2008,1.8512
9/23/2008,1.8862
9/22/2008,1.9472
9/19/2008,1.9752
9/18/2008,1.8562
9/17/2008,1.7792
9/16/2008,1.9032
9/15/2008,1.8027
9/12/2008,1.9932
9/11/2008,2.0182
9/10/2008,2.0117
9/9/2008,2.0302
9/8/2008,2.0457
9/5/2008,2.0482
9/4/2008,2.0677
9/3/2008,2.0577
9/2/2008,2.0657
9/1/2008,2.0707
8/29/2008,2.0687
8/28/2008,2.0782
8/27/2008,2.0797
8/26/2008,2.0707
8/25/2008,2.0737
8/22/2008,2.0837
8/21/2008,2.0742
8/20/2008,2.0702
8/19/2008,2.0712
8/18/2008,2.0727
8/15/2008,2.0747
8/14/2008,2.0762
8/13/2008,2.0812
8/12/2008,2.0817
8/11/2008,2.0847
8/8/2008,2.0792
8/7/2008,2.0817
8/6/2008,2.0877
8/5/2008,2.0917
8/4/2008,2.0957
8/1/2008,2.1047
7/31/2008,2.0947
7/30/2008,2.1017
7/29/2008,2.1142
7/28/2008,2.0922
7/25/2008,2.1087
7/24/2008,2.1002
7/23/2008,2.1157
7/22/2008,2.1022
7/21/2008,2.0897
7/18/2008,2.1012
7/17/2008,2.0802
7/16/2008,2.0777
7/15/2008,2.0677
7/14/2008,2.0862
7/11/2008,2.0967
7/10/2008,2.1007
7/9/2008,2.0957
7/8/2008,2.0987
7/7/2008,2.0972
7/4/2008,2.0987
7/3/2008,2.0992
7/2/2008,2.1172
7/1/2008,2.1092
6/30/2008,2.1157
6/27/2008,2.1072
6/26/2008,2.1072
6/25/2008,2.1202
6/24/2008,2.1357
6/23/2008,2.1362
6/20/2008,2.1347
6/19/2008,2.1342
6/18/2008,2.1307
6/17/2008,2.1407
6/16/2008,2.1997
6/13/2008,2.1752
6/12/2008,2.1887
6/11/2008,2.1222
6/10/2008,2.1372
6/9/2008,2.0952
6/6/2008,2.0527
6/5/2008,2.0527
6/4/2008,2.0557
6/3/2008,2.0407
6/2/2008,2.0427
5/30/2008,2.0457
5/29/2008,2.0507
5/28/2008,2.0377
5/27/2008,2.0327
5/26/2008,2.0187
5/23/2008,2.0237
5/22/2008,2.0277
5/21/2008,2.0307
5/20/2008,2.0227
5/19/2008,2.0177
5/16/2008,2.0247
5/15/2008,2.0237
5/14/2008,2.0332
5/13/2008,2.0357
5/12/2008,2.0257
5/9/2008,2.0227
5/8/2008,2.0207
5/7/2008,2.0247
5/6/2008,2.0287
5/5/2008,2.0357
5/2/2008,2.0277
5/1/2008,2.0222
4/30/2008,2.0152
4/29/2008,2.0737
4/28/2008,2.0807
4/25/2008,2.0857
4/24/2008,2.0757
4/23/2008,2.0787
4/22/2008,2.0867
4/21/2008,2.0602
4/18/2008,2.0592
4/17/2008,2.0062
4/16/2008,2.0027
4/15/2008,1.9922
4/14/2008,1.9632
4/11/2008,1.9552
4/10/2008,1.9632
4/9/2008,1.9817
4/8/2008,1.9857
4/7/2008,2.0132
4/4/2008,2.0057
4/3/2008,2.0407
4/2/2008,2.0657
4/1/2008,2.0567
3/31/2008,1.9957
3/28/2008,2.0137
3/27/2008,2.0222
3/26/2008,2.0407
3/25/2008,2.0547
3/24/2008,2.0722
3/21/2008,2.0397
3/20/2008,2.0397
3/19/2008,1.9777
3/18/2008,2.0102
3/17/2008,1.8052
3/14/2008,1.9812
3/13/2008,2.1872
3/12/2008,2.2667
3/11/2008,2.3032
3/10/2008,2.1727
3/7/2008,2.2082
3/6/2008,2.2127
3/5/2008,2.3512
3/4/2008,2.3247
3/3/2008,2.3257
2/29/2008,2.3272
2/28/2008,2.4487
2/27/2008,2.5292
2/26/2008,2.5932
2/25/2008,2.6252
2/22/2008,2.6027
2/21/2008,2.5782
2/20/2008,2.6397
2/19/2008,2.6227
2/18/2008,2.5877
2/15/2008,2.5772
2/14/2008,2.5742
2/13/2008,2.6147
2/12/2008,2.6242
2/11/2008,2.6192
2/8/2008,2.6217
2/7/2008,2.6567
2/6/2008,2.6302
2/5/2008,2.6467
2/4/2008,2.7732
2/1/2008,2.7722
1/31/2008,2.7817
1/30/2008,2.8397
1/29/2008,2.9597
1/28/2008,2.9272
1/25/2008,2.9647
1/24/2008,3.0372
1/23/2008,2.9187
1/22/2008,2.9477
1/21/2008,3.4432
1/18/2008,3.5137
1/17/2008,3.5717
1/16/2008,3.6752
1/15/2008,3.6562
1/14/2008,3.6482
1/11/2008,3.6782
1/10/2008,3.8082
1/9/2008,3.8772
1/8/2008,3.8932
1/7/2008,3.9127
1/4/2008,3.9217
1/3/2008,3.9957
1/2/2008,4.0327
1/1/2008,4.2162
12/31/2007,4.0797
12/28/2007,4.1107
12/27/2007,4.1272
12/26/2007,4.1472
12/25/2007,4.1567
12/24/2007,4.1457
12/21/2007,4.1532
12/20/2007,4.1087
12/19/2007,4.1287
12/18/2007,4.1467
12/17/2007,4.1502
12/14/2007,4.1777
12/13/2007,4.1482
12/12/2007,4.1417
12/11/2007,4.1382
12/10/2007,4.1492
12/7/2007,4.1532
12/6/2007,4.1392
12/5/2007,4.1387
12/4/2007,4.1267
12/3/2007,4.1572
11/30/2007,4.1662
11/29/2007,4.1832
11/28/2007,4.2572
11/27/2007,4.2832
11/26/2007,4.2332
11/23/2007,4.2787
11/22/2007,4.2617
11/21/2007,4.2717
11/20/2007,4.3282
11/19/2007,4.3132
11/16/2007,4.3412
11/15/2007,4.3372
11/14/2007,4.3832
11/13/2007,4.3932
11/12/2007,4.3557
11/9/2007,4.3577
11/8/2007,4.3702
11/7/2007,4.4012
11/6/2007,4.4402
11/5/2007,4.4447
11/2/2007,4.4402
11/1/2007,4.4502
10/31/2007,4.5042
10/30/2007,4.4927
10/29/2007,4.4782
10/26/2007,4.5832
10/25/2007,4.4432
10/24/2007,4.4532
10/23/2007,4.5207
10/22/2007,4.5367
10/19/2007,4.4922
10/18/2007,4.5722
10/17/2007,4.6352
10/16/2007,4.6757
10/15/2007,4.7132
10/12/2007,4.7172
10/11/2007,4.6897
10/10/2007,4.6882
10/9/2007,4.7097
10/8/2007,4.6802
10/5/2007,4.6882
10/4/2007,4.6272
10/3/2007,4.6482
10/2/2007,4.6422
10/1/2007,4.6352
9/28/2007,4.6272
9/27/2007,4.6157
9/26/2007,4.6347
9/25/2007,4.6377
9/24/2007,4.6737
9/21/2007,4.6627
9/20/2007,4.6507
9/19/2007,4.6762
9/18/2007,4.6737
9/17/2007,4.8352
9/14/2007,4.8442
9/13/2007,4.8262
9/12/2007,4.9082
9/11/2007,4.8052
9/10/2007,4.8682
9/7/2007,4.8162
9/6/2007,4.8872
9/5/2007,4.8462
9/4/2007,4.8737
9/3/2007,4.9217
8/31/2007,4.9267
8/30/2007,4.8857
8/29/2007,4.9512
8/28/2007,4.9447
8/27/2007,4.9762
8/24/2007,4.9642
8/23/2007,4.9642
8/22/2007,4.9552
8/21/2007,4.8487
8/20/2007,4.8722
8/17/2007,4.9432
8/16/2007,4.9482
8/15/2007,4.9677
8/14/2007,5.0752
8/13/2007,5.1312
8/10/2007,5.1322
8/9/2007,5.1417
8/8/2007,5.2862
8/7/2007,5.2827
8/6/2007,5.2512
8/3/2007,5.2152
8/2/2007,5.2767
8/1/2007,5.2772
7/31/2007,5.2797
7/30/2007,5.2882
7/27/2007,5.2617
7/26/2007,5.2712
7/25/2007,5.3182
7/24/2007,5.3182
7/23/2007,5.3152
7/20/2007,5.3077
7/19/2007,5.3202
7/18/2007,5.3202
7/17/2007,5.3182
7/16/2007,5.3182
7/13/2007,5.3157
7/12/2007,5.3182
7/11/2007,5.3232
7/10/2007,5.3127
7/9/2007,5.3167
7/6/2007,5.3197
7/5/2007,5.3232
7/4/2007,5.3167
7/3/2007,5.3167
7/2/2007,5.3137
6/29/2007,5.3202
6/28/2007,5.3237
6/27/2007,5.3152
6/26/2007,5.3202
6/25/2007,5.3102
6/22/2007,5.3152
6/21/2007,5.3227
6/20/2007,5.3237
6/19/2007,5.3237
6/18/2007,5.3242
6/15/2007,5.3252
6/14/2007,5.3257
6/13/2007,5.3317
6/12/2007,5.3237
6/11/2007,5.3247
6/8/2007,5.3202
6/7/2007,5.3202
6/6/2007,5.3202
6/5/2007,5.3232
6/4/2007,5.3232
6/1/2007,5.3232
5/31/2007,5.3267
5/30/2007,5.3232
5/29/2007,5.3252
5/28/2007,5.3222
5/25/2007,5.3167
5/24/2007,5.3227
5/23/2007,5.3232
5/22/2007,5.3182
5/21/2007,5.3197
5/18/2007,5.3217
5/17/2007,5.3182
5/16/2007,5.3622
5/15/2007,5.3207
5/14/2007,5.3207
5/11/2007,5.3247
5/10/2007,5.3167
5/9/2007,5.3247
5/8/2007,5.3152
5/7/2007,5.3152
5/4/2007,5.3182
5/3/2007,5.3172
5/2/2007,5.3157
5/1/2007,5.3152
4/30/2007,5.3167
4/27/2007,5.3152
4/26/2007,5.3152
4/25/2007,5.3137
4/24/2007,5.3107
4/23/2007,5.3102
4/20/2007,5.3182
4/19/2007,5.3102
4/18/2007,5.3102
4/17/2007,5.3182
4/16/2007,5.3182
4/13/2007,5.3222
4/12/2007,5.3187
4/11/2007,5.3152
4/10/2007,5.3177
4/9/2007,5.3182
4/6/2007,5.3177
4/5/2007,5.3132
4/4/2007,5.3102
4/3/2007,5.3132
4/2/2007,5.3097
3/30/2007,5.3152
3/29/2007,5.3052
3/28/2007,5.3182
3/27/2007,5.3132
3/26/2007,5.3132
3/23/2007,5.3117
3/22/2007,5.3117
3/21/2007,5.3132
3/20/2007,5.3147
3/19/2007,5.3137
3/16/2007,5.3057
3/15/2007,5.3097
3/14/2007,5.3077
3/13/2007,5.3052
3/12/2007,5.3152
3/9/2007,5.3152
3/8/2007,5.3017
3/7/2007,5.3032
3/6/2007,5.2982
3/5/2007,5.2882
3/2/2007,5.2852
3/1/2007,5.2962
2/28/2007,5.3072
2/27/2007,5.2872
2/26/2007,5.3232
2/23/2007,5.3237
2/22/2007,5.3237
2/21/2007,5.3267
2/20/2007,5.3232
2/19/2007,5.3237
2/16/2007,5.3237
2/15/2007,5.3247
2/14/2007,5.3227
2/13/2007,5.3227
2/12/2007,5.3262
2/9/2007,5.2922
2/8/2007,5.3232
2/7/2007,5.3232
2/6/2007,5.3232
2/5/2007,5.3232
2/2/2007,5.3252
2/1/2007,5.3252
1/31/2007,5.3202
1/30/2007,5.3202
1/29/2007,5.3202
1/26/2007,5.3217
1/25/2007,5.3202
1/24/2007,5.3182
1/23/2007,5.3217
1/22/2007,5.3197
1/19/2007,5.3202
1/18/2007,5.3212
1/17/2007,5.3217
1/16/2007,5.3232
1/15/2007,5.3157
1/12/2007,5.3157
1/11/2007,5.3177
1/10/2007,5.3157
1/9/2007,5.3142
1/8/2007,5.5802
1/5/2007,5.3137
1/4/2007,5.3152
1/3/2007,5.3182
1/2/2007,5.3132
1/1/2007,5.3187
