Security,USSW10 BGN Curncy
Start Date,9/30/2009 0:00
End Date,6/30/2023 0:00
Period,D
Pricing Source,
,
Date,PX_LAST
6/30/2023,3.8605
6/29/2023,3.856
6/28/2023,3.735
6/27/2023,3.7933
6/26/2023,3.758
6/23/2023,3.765
6/22/2023,3.816
6/21/2023,3.747
6/20/2023,3.7512
6/19/2023,3.7925
6/16/2023,3.7925
6/15/2023,3.7498
6/14/2023,3.81
6/13/2023,3.8313
6/12/2023,3.754
6/9/2023,3.7675
6/8/2023,3.7445
6/7/2023,3.8142
6/6/2023,3.6875
6/5/2023,3.7197
6/2/2023,3.7476
6/1/2023,3.631
5/31/2023,3.6765
5/30/2023,3.7185
5/26/2023,3.8334
5/25/2023,3.8452
5/24/2023,3.7587
5/23/2023,3.7113
5/22/2023,3.7282
5/19/2023,3.6829
5/18/2023,3.6481
5/17/2023,3.5584
5/16/2023,3.5315
5/15/2023,3.4986
5/12/2023,3.469
5/11/2023,3.3928
5/10/2023,3.4536
5/9/2023,3.5299
5/8/2023,3.5243
5/5/2023,3.4657
5/4/2023,3.408
5/3/2023,3.384
5/2/2023,3.4586
5/1/2023,3.5992
4/28/2023,3.4368
4/27/2023,3.5222
4/26/2023,3.4542
4/25/2023,3.4003
4/24/2023,3.4935
4/21/2023,3.5738
4/20/2023,3.5293
4/19/2023,3.5882
4/18/2023,3.5835
4/17/2023,3.5961
4/14/2023,3.5045
4/13/2023,3.4369
4/12/2023,3.3849
4/11/2023,3.43
4/10/2023,3.4258
4/7/2023,3.408
4/6/2023,3.3112
4/5/2023,3.3131
4/4/2023,3.3362
4/3/2023,3.4095
3/31/2023,3.4637
3/30/2023,3.5519
3/29/2023,3.5702
3/28/2023,3.5626
3/27/2023,3.5283
3/24/2023,3.375
3/23/2023,3.4299
3/22/2023,3.4673
3/21/2023,3.6439
3/20/2023,3.5117
3/17/2023,3.4665
3/16/2023,3.6281
3/15/2023,3.5239
3/14/2023,3.7372
3/13/2023,3.5868
3/10/2023,3.6878
3/9/2023,3.9062
3/8/2023,3.9975
3/7/2023,3.9707
3/6/2023,3.9682
3/3/2023,3.9759
3/2/2023,4.0744
3/1/2023,4.0104
2/28/2023,3.9336
2/27/2023,3.9255
2/24/2023,3.9558
2/23/2023,3.8802
2/22/2023,3.9252
2/21/2023,3.9553
2/17/2023,3.8181
2/16/2023,3.8615
2/15/2023,3.7995
2/14/2023,3.7385
2/13/2023,3.6904
2/10/2023,3.7199
2/9/2023,3.6457
2/8/2023,3.5904
2/7/2023,3.6557
2/6/2023,3.621
2/3/2023,3.522
2/2/2023,3.3914
2/1/2023,3.4119
1/31/2023,3.4876
1/30/2023,3.5231
1/27/2023,3.4875
1/26/2023,3.4786
1/25/2023,3.4169
1/24/2023,3.4188
1/23/2023,3.4774
1/20/2023,3.4435
1/19/2023,3.3572
1/18/2023,3.3467
1/17/2023,3.5137
1/13/2023,3.4708
1/12/2023,3.4135
1/11/2023,3.4975
1/10/2023,3.5625
1/9/2023,3.477
1/6/2023,3.5002
1/5/2023,3.6685
1/4/2023,3.6367
1/3/2023,3.6795
12/30/2022,3.8375
12/29/2022,3.7838
12/28/2022,3.848
12/27/2022,3.7922
12/23/2022,3.7187
12/22/2022,3.6537
12/21/2022,3.6303
12/20/2022,3.6343
12/19/2022,3.556
12/16/2022,3.472
12/15/2022,3.4383
12/14/2022,3.4635
12/13/2022,3.489
12/12/2022,3.5942
12/9/2022,3.5689
12/8/2022,3.4595
12/7/2022,3.393
12/6/2022,3.4935
12/5/2022,3.5448
12/2/2022,3.4495
12/1/2022,3.4658
11/30/2022,3.5663
11/29/2022,3.7118
11/28/2022,3.6555
11/25/2022,3.662
11/24/2022,3.67
11/23/2022,3.6685
11/22/2022,3.7233
11/21/2022,3.8217
11/18/2022,3.8152
11/17/2022,3.7478
11/16/2022,3.6567
11/15/2022,3.7588
11/14/2022,3.8473
11/11/2022,3.8205
11/10/2022,3.8202
11/9/2022,4.0958
11/8/2022,4.1367
11/7/2022,4.231
11/4/2022,4.2012
11/3/2022,4.193
11/2/2022,4.162
11/1/2022,4.1006
10/31/2022,4.0918
10/28/2022,4.0505
10/27/2022,3.9346
10/26/2022,4.0214
10/25/2022,4.131
10/24/2022,4.2546
10/21/2022,4.2304
10/20/2022,4.2506
10/19/2022,4.1357
10/18/2022,4.0004
10/17/2022,4.0067
10/14/2022,4.0214
10/13/2022,3.9464
10/12/2022,3.9221
10/11/2022,3.9622
10/7/2022,3.8966
10/6/2022,3.846
10/5/2022,3.7913
10/4/2022,3.6381
10/3/2022,3.6752
9/30/2022,3.877
9/29/2022,3.8437
9/28/2022,3.7746
9/27/2022,3.9295
9/26/2022,3.9416
9/23/2022,3.734
9/22/2022,3.7666
9/21/2022,3.6004
9/20/2022,3.6318
9/19/2022,3.5638
9/16/2022,3.5245
9/15/2022,3.5256
9/14/2022,3.479
9/13/2022,3.4722
9/12/2022,3.4287
9/9/2022,3.3887
9/8/2022,3.3941
9/7/2022,3.3444
9/6/2022,3.4307
9/2/2022,3.2878
9/1/2022,3.3483
8/31/2022,3.2804
8/30/2022,3.1991
8/29/2022,3.1929
8/26/2022,3.1258
8/25/2022,3.113
8/24/2022,3.1919
8/23/2022,3.1308
8/22/2022,3.0817
8/19/2022,3.0294
8/18/2022,2.9304
8/17/2022,2.9533
8/16/2022,2.845
8/15/2022,2.8305
8/12/2022,2.8832
8/11/2022,2.9414
8/10/2022,2.8312
8/9/2022,2.8326
8/8/2022,2.8164
8/5/2022,2.8913
8/4/2022,2.7571
8/3/2022,2.7786
8/2/2022,2.8245
8/1/2022,2.6391
7/29/2022,2.7256
7/28/2022,2.7547
7/27/2022,2.8672
7/26/2022,2.8865
7/25/2022,2.8741
7/22/2022,2.8254
7/21/2022,2.9534
7/20/2022,3.0983
7/19/2022,3.0885
7/18/2022,3.0546
7/15/2022,2.9918
7/14/2022,3.0411
7/13/2022,3.0125
7/12/2022,3.0492
7/11/2022,3.0763
7/8/2022,3.1727
7/7/2022,3.0867
7/6/2022,3.0131
7/5/2022,2.8855
7/1/2022,2.9634
6/30/2022,3.0938
6/29/2022,3.1729
6/28/2022,3.2495
6/27/2022,3.2747
6/24/2022,3.2163
6/23/2022,3.1653
6/22/2022,3.2343
6/21/2022,3.3476
6/17/2022,3.2906
6/16/2022,3.2432
6/15/2022,3.3459
6/14/2022,3.542
6/13/2022,3.4356
6/10/2022,3.2215
6/9/2022,3.1139
6/8/2022,3.0949
6/7/2022,3.0567
6/6/2022,3.1296
6/3/2022,3.0175
6/2/2022,2.9894
6/1/2022,2.98
5/31/2022,2.93
5/27/2022,2.8182
5/26/2022,2.8247
5/25/2022,2.8142
5/24/2022,2.8085
5/23/2022,2.9025
5/20/2022,2.8425
5/19/2022,2.9077
5/18/2022,2.9535
5/17/2022,3.0542
5/16/2022,2.9551
5/13/2022,2.998
5/12/2022,2.9403
5/11/2022,2.9963
5/10/2022,3.0545
5/9/2022,3.0885
5/6/2022,3.195
5/5/2022,3.1077
5/4/2022,3.0265
5/3/2022,3.052
5/2/2022,3.0649
4/29/2022,3.0237
4/28/2022,2.9173
4/27/2022,2.9048
4/26/2022,2.7845
4/25/2022,2.8719
4/22/2022,2.9518
4/21/2022,2.9611
4/20/2022,2.8849
4/19/2022,3.0019
4/18/2022,2.9015
4/15/2022,2.8757
4/14/2022,2.8788
4/13/2022,2.7522
4/12/2022,2.7725
4/11/2022,2.8472
4/8/2022,2.758
4/7/2022,2.6971
4/6/2022,2.6428
4/5/2022,2.5918
4/4/2022,2.4435
4/1/2022,2.4485
3/31/2022,2.4065
3/30/2022,2.4234
3/29/2022,2.4794
3/28/2022,2.5473
3/25/2022,2.5571
3/24/2022,2.4566
3/23/2022,2.371
3/22/2022,2.4721
3/21/2022,2.3968
3/18/2022,2.2629
3/17/2022,2.2766
3/16/2022,2.3022
3/15/2022,2.2418
3/14/2022,2.224
3/11/2022,2.0802
3/10/2022,2.0752
3/9/2022,2.0423
3/8/2022,1.929
3/7/2022,1.8562
3/4/2022,1.8175
3/3/2022,1.9334
3/2/2022,1.9646
3/1/2022,1.8031
2/28/2022,1.9162
2/25/2022,2.048
2/24/2022,2.0535
2/23/2022,2.0765
2/22/2022,2.0255
2/21/2022,1.9964
2/18/2022,2.0068
2/17/2022,2.0395
2/16/2022,2.1187
2/15/2022,2.1249
2/14/2022,2.0717
2/11/2022,2.0185
2/10/2022,2.1109
2/9/2022,2.0142
2/8/2022,2.0308
2/7/2022,1.985
2/4/2022,1.9784
2/3/2022,1.8942
2/2/2022,1.8408
2/1/2022,1.8518
1/31/2022,1.8438
1/28/2022,1.8423
1/27/2022,1.8633
1/26/2022,1.9269
1/25/2022,1.8344
1/24/2022,1.8298
1/21/2022,1.8196
1/20/2022,1.8618
1/19/2022,1.9136
1/18/2022,1.9384
1/17/2022,1.8504
1/14/2022,1.8489
1/13/2022,1.7628
1/12/2022,1.8034
1/11/2022,1.8055
1/10/2022,1.8375
1/7/2022,1.83
1/6/2022,1.7858
1/5/2022,1.7629
1/4/2022,1.6982
1/3/2022,1.6843
12/31/2021,1.581
12/30/2021,1.5782
12/29/2021,1.623
12/28/2021,1.5545
12/27/2021,1.5505
12/24/2021,1.571
12/23/2021,1.5686
12/22/2021,1.5376
12/21/2021,1.5417
12/20/2021,1.4949
12/17/2021,1.4665
12/16/2021,1.474
12/15/2021,1.533
12/14/2021,1.5267
12/13/2021,1.5032
12/10/2021,1.5742
12/9/2021,1.5806
12/8/2021,1.5969
12/7/2021,1.5694
12/6/2021,1.5282
12/3/2021,1.437
12/2/2021,1.5168
12/1/2021,1.478
11/30/2021,1.522
11/29/2021,1.5559
11/26/2021,1.5301
11/25/2021,1.692
11/24/2021,1.6883
11/23/2021,1.7237
11/22/2021,1.6845
11/19/2021,1.594
11/18/2021,1.627
11/17/2021,1.638
11/16/2021,1.6822
11/15/2021,1.6638
11/12/2021,1.6175
11/11/2021,1.5822
11/10/2021,1.5845
11/9/2021,1.4727
11/8/2021,1.5173
11/5/2021,1.4772
11/4/2021,1.5624
11/3/2021,1.6395
11/2/2021,1.5811
11/1/2021,1.5726
10/29/2021,1.562
10/28/2021,1.5738
10/27/2021,1.5684
10/26/2021,1.6423
10/25/2021,1.6605
10/22/2021,1.6509
10/21/2021,1.7138
10/20/2021,1.6663
10/19/2021,1.6449
10/18/2021,1.6047
10/15/2021,1.5756
10/14/2021,1.5245
10/13/2021,1.5504
10/12/2021,1.5985
10/11/2021,1.633
10/8/2021,1.6356
10/7/2021,1.5936
10/6/2021,1.533
10/5/2021,1.5349
10/4/2021,1.49
10/1/2021,1.4798
9/30/2021,1.5075
9/29/2021,1.5343
9/28/2021,1.5626
9/27/2021,1.5158
9/24/2021,1.482
9/23/2021,1.4595
9/22/2021,1.3313
9/21/2021,1.3482
9/20/2021,1.3435
9/17/2021,1.4036
9/16/2021,1.377
9/15/2021,1.3347
9/14/2021,1.3137
9/13/2021,1.3519
9/10/2021,1.3702
9/9/2021,1.3273
9/8/2021,1.3678
9/7/2021,1.3911
9/6/2021,1.3414
9/3/2021,1.3403
9/2/2021,1.3016
9/1/2021,1.3142
8/31/2021,1.3254
8/30/2021,1.2991
8/27/2021,1.3263
8/26/2021,1.3649
8/25/2021,1.3578
8/24/2021,1.3074
8/23/2021,1.2622
8/20/2021,1.2678
8/19/2021,1.258
8/18/2021,1.2755
8/17/2021,1.2765
8/16/2021,1.2711
8/13/2021,1.2824
8/12/2021,1.3632
8/11/2021,1.344
8/10/2021,1.3618
8/9/2021,1.3391
8/6/2021,1.3213
8/5/2021,1.2486
8/4/2021,1.2045
8/3/2021,1.193
8/2/2021,1.207
7/30/2021,1.2512
7/29/2021,1.2973
7/28/2021,1.2533
7/27/2021,1.2455
7/26/2021,1.2943
7/23/2021,1.2777
7/22/2021,1.2838
7/21/2021,1.2924
7/20/2021,1.2155
7/19/2021,1.1645
7/16/2021,1.2805
7/15/2021,1.2872
7/14/2021,1.3426
7/13/2021,1.414
7/12/2021,1.3606
7/9/2021,1.364
7/8/2021,1.2831
7/7/2021,1.3025
7/6/2021,1.3257
7/5/2021,1.4114
7/2/2021,1.4045
7/1/2021,1.4419
6/30/2021,1.4426
6/29/2021,1.447
6/28/2021,1.4475
6/25/2021,1.486
6/24/2021,1.462
6/23/2021,1.4623
6/22/2021,1.4312
6/21/2021,1.4518
6/18/2021,1.3993
6/17/2021,1.4763
6/16/2021,1.5529
6/15/2021,1.465
6/14/2021,1.4694
6/11/2021,1.4315
6/10/2021,1.4103
6/9/2021,1.4646
6/8/2021,1.5083
6/7/2021,1.5389
6/4/2021,1.5278
6/3/2021,1.5988
6/2/2021,1.561
6/1/2021,1.5831
5/31/2021,1.566
5/28/2021,1.566
5/27/2021,1.5709
5/26/2021,1.538
5/25/2021,1.5203
5/24/2021,1.572
5/21/2021,1.5933
5/20/2021,1.599
5/19/2021,1.6337
5/18/2021,1.6025
5/17/2021,1.6072
5/14/2021,1.5965
5/13/2021,1.6038
5/12/2021,1.6642
5/11/2021,1.5945
5/10/2021,1.5754
5/7/2021,1.5592
5/6/2021,1.5609
5/5/2021,1.561
5/4/2021,1.5869
5/3/2021,1.5975
4/30/2021,1.629
4/29/2021,1.6377
4/28/2021,1.6117
4/27/2021,1.6135
4/26/2021,1.5599
4/23/2021,1.5577
4/22/2021,1.5396
4/21/2021,1.5494
4/20/2021,1.5503
4/19/2021,1.5869
4/16/2021,1.5664
4/15/2021,1.5666
4/14/2021,1.6247
4/13/2021,1.62
4/12/2021,1.6833
4/9/2021,1.6881
4/8/2021,1.6461
4/7/2021,1.7074
4/6/2021,1.6936
4/5/2021,1.7411
4/2/2021,1.7585
4/1/2021,1.7134
3/31/2021,1.7817
3/30/2021,1.7365
3/29/2021,1.736
3/26/2021,1.709
3/25/2021,1.665
3/24/2021,1.6363
3/23/2021,1.6362
3/22/2021,1.7125
3/19/2021,1.7464
3/18/2021,1.6995
3/17/2021,1.6575
3/16/2021,1.6232
3/15/2021,1.619
3/12/2021,1.6449
3/11/2021,1.5602
3/10/2021,1.5263
3/9/2021,1.5453
3/8/2021,1.6255
3/5/2021,1.6199
3/4/2021,1.6349
3/3/2021,1.5498
3/2/2021,1.4596
3/1/2021,1.4964
2/26/2021,1.47
2/25/2021,1.5727
2/24/2021,1.4365
2/23/2021,1.4248
2/22/2021,1.4497
2/19/2021,1.4237
2/18/2021,1.3748
2/17/2021,1.3464
2/16/2021,1.405
2/15/2021,1.3228
2/12/2021,1.2857
2/11/2021,1.2332
2/10/2021,1.1997
2/9/2021,1.2327
2/8/2021,1.2503
2/5/2021,1.2405
2/4/2021,1.2121
2/3/2021,1.2019
2/2/2021,1.1533
2/1/2021,1.1291
1/29/2021,1.1094
1/28/2021,1.087
1/27/2021,1.0562
1/26/2021,1.0689
1/25/2021,1.0626
1/22/2021,1.1129
1/21/2021,1.12
1/20/2021,1.0858
1/19/2021,1.0933
1/18/2021,1.0951
1/15/2021,1.0855
1/14/2021,1.1349
1/13/2021,1.0927
1/12/2021,1.1387
1/11/2021,1.1503
1/8/2021,1.1256
1/7/2021,1.0777
1/6/2021,1.0252
1/5/2021,0.9525
1/4/2021,0.914
1/1/2021,0.9253
12/31/2020,0.9253
12/30/2020,0.9356
12/29/2020,0.9521
12/28/2020,0.9403
12/25/2020,0.9359
12/24/2020,0.9359
12/23/2020,0.9513
12/22/2020,0.9245
12/21/2020,0.9374
12/18/2020,0.9494
12/17/2020,0.9353
12/16/2020,0.9201
12/15/2020,0.9117
12/14/2020,0.8978
12/11/2020,0.8926
12/10/2020,0.9072
12/9/2020,0.9415
12/8/2020,0.9275
12/7/2020,0.9291
12/4/2020,0.9727
12/3/2020,0.901
12/2/2020,0.9291
12/1/2020,0.9205
11/30/2020,0.8442
11/27/2020,0.844
11/26/2020,0.8672
11/25/2020,0.8845
11/24/2020,0.8826
11/23/2020,0.8527
11/20/2020,0.8231
11/19/2020,0.8317
11/18/2020,0.8716
11/17/2020,0.8565
11/16/2020,0.9065
11/13/2020,0.8943
11/12/2020,0.8767
11/11/2020,0.9502
11/10/2020,0.9703
11/9/2020,0.9345
11/6/2020,0.84
11/5/2020,0.7905
11/4/2020,0.7879
11/3/2020,0.9034
11/2/2020,0.8544
10/30/2020,0.895
10/29/2020,0.8465
10/28/2020,0.8013
10/27/2020,0.7965
10/26/2020,0.8305
10/23/2020,0.8729
10/22/2020,0.8826
10/21/2020,0.8517
10/20/2020,0.8158
10/19/2020,0.8003
10/16/2020,0.7791
10/15/2020,0.7701
10/14/2020,0.7603
10/13/2020,0.7636
10/12/2020,0.7959
10/9/2020,0.8091
10/8/2020,0.8182
10/7/2020,0.8121
10/6/2020,0.7621
10/5/2020,0.7973
10/2/2020,0.7243
10/1/2020,0.7054
9/30/2020,0.7098
9/29/2020,0.6847
9/28/2020,0.6901
9/25/2020,0.6867
9/24/2020,0.689
9/23/2020,0.6873
9/22/2020,0.6817
9/21/2020,0.675
9/18/2020,0.7025
9/17/2020,0.6938
9/16/2020,0.703
9/15/2020,0.6882
9/14/2020,0.6795
9/11/2020,0.6765
9/10/2020,0.6851
9/9/2020,0.7039
9/8/2020,0.6811
9/7/2020,0.7149
9/4/2020,0.7245
9/3/2020,0.654
9/2/2020,0.6645
9/1/2020,0.6776
8/31/2020,0.7097
8/28/2020,0.7286
8/27/2020,0.753
8/26/2020,0.6915
8/25/2020,0.6803
8/24/2020,0.6455
8/21/2020,0.6298
8/20/2020,0.6439
8/19/2020,0.6639
8/18/2020,0.6539
8/17/2020,0.6775
8/14/2020,0.7072
8/13/2020,0.7
8/12/2020,0.6703
8/11/2020,0.6445
8/10/2020,0.5943
8/7/2020,0.577
8/6/2020,0.5376
8/5/2020,0.5445
8/4/2020,0.506
8/3/2020,0.5483
7/31/2020,0.5214
7/30/2020,0.5409
7/29/2020,0.568
7/28/2020,0.5745
7/27/2020,0.6066
7/24/2020,0.5822
7/23/2020,0.5689
7/22/2020,0.5825
7/21/2020,0.5874
7/20/2020,0.5899
7/17/2020,0.615
7/16/2020,0.6
7/15/2020,0.6111
7/14/2020,0.6039
7/13/2020,0.6015
7/10/2020,0.6322
7/9/2020,0.595
7/8/2020,0.6375
7/7/2020,0.6106
7/6/2020,0.6502
7/3/2020,0.649
7/2/2020,0.649
7/1/2020,0.6561
6/30/2020,0.639
6/29/2020,0.6092
6/26/2020,0.6272
6/25/2020,0.676
6/24/2020,0.6693
6/23/2020,0.7015
6/22/2020,0.694
6/19/2020,0.6755
6/18/2020,0.6846
6/17/2020,0.7116
6/16/2020,0.7362
6/15/2020,0.7119
6/12/2020,0.6965
6/11/2020,0.6636
6/10/2020,0.7277
6/9/2020,0.8135
6/8/2020,0.8594
6/5/2020,0.8814
6/4/2020,0.8174
6/3/2020,0.7375
6/2/2020,0.6756
6/1/2020,0.6531
5/29/2020,0.6506
5/28/2020,0.6855
5/27/2020,0.6732
5/26/2020,0.6904
5/25/2020,0.66
5/22/2020,0.6596
5/21/2020,0.6629
5/20/2020,0.6656
5/19/2020,0.6715
5/18/2020,0.708
5/15/2020,0.6263
5/14/2020,0.5914
5/13/2020,0.6162
5/12/2020,0.6283
5/11/2020,0.6585
5/8/2020,0.6439
5/7/2020,0.608
5/6/2020,0.6667
5/5/2020,0.6569
5/4/2020,0.6306
5/1/2020,0.6195
4/30/2020,0.6452
4/29/2020,0.638
4/28/2020,0.6235
4/27/2020,0.6786
4/24/2020,0.6323
4/23/2020,0.6389
4/22/2020,0.663
4/21/2020,0.6378
4/20/2020,0.6723
4/17/2020,0.7128
4/16/2020,0.7027
4/15/2020,0.6999
4/14/2020,0.8236
4/13/2020,0.8426
4/10/2020,0.808
4/9/2020,0.8092
4/8/2020,0.8253
4/7/2020,0.7693
4/6/2020,0.7163
4/3/2020,0.6522
4/2/2020,0.6572
4/1/2020,0.6793
3/31/2020,0.7161
3/30/2020,0.7285
3/27/2020,0.6403
3/26/2020,0.7634
3/25/2020,0.8074
3/24/2020,0.7555
3/23/2020,0.7129
3/20/2020,0.7661
3/19/2020,1.0096
3/18/2020,1.072
3/17/2020,0.994
3/16/2020,0.7518
3/13/2020,0.9633
3/12/2020,0.772
3/11/2020,0.8721
3/10/2020,0.8333
3/9/2020,0.6226
3/6/2020,0.8408
3/5/2020,0.918
3/4/2020,1.0471
3/3/2020,0.9843
3/2/2020,1.154
2/28/2020,1.1175
2/27/2020,1.2065
2/26/2020,1.2872
2/25/2020,1.2886
2/24/2020,1.3021
2/21/2020,1.3978
2/20/2020,1.4539
2/19/2020,1.5101
2/18/2020,1.5012
2/17/2020,1.5339
2/14/2020,1.5318
2/13/2020,1.5687
2/12/2020,1.5894
2/11/2020,1.5473
2/10/2020,1.5169
2/7/2020,1.54
2/6/2020,1.6031
2/5/2020,1.6115
2/4/2020,1.5548
2/3/2020,1.4835
1/31/2020,1.4525
1/30/2020,1.5361
1/29/2020,1.5362
1/28/2020,1.6042
1/27/2020,1.5508
1/24/2020,1.6343
1/23/2020,1.6834
1/22/2020,1.7257
1/21/2020,1.737
1/20/2020,1.78
1/17/2020,1.7804
1/16/2020,1.7658
1/15/2020,1.7464
1/14/2020,1.7715
1/13/2020,1.7945
1/10/2020,1.7687
1/9/2020,1.7996
1/8/2020,1.8172
1/7/2020,1.765
1/6/2020,1.7498
1/3/2020,1.7521
1/2/2020,1.8468
1/1/2020,1.893
12/31/2019,1.895
12/30/2019,1.8482
12/27/2019,1.8399
12/26/2019,1.8528
12/25/2019,1.8643
12/24/2019,1.8613
12/23/2019,1.887
12/20/2019,1.8773
12/19/2019,1.8713
12/18/2019,1.8657
12/17/2019,1.8339
12/16/2019,1.818
12/13/2019,1.756
12/12/2019,1.8355
12/11/2019,1.7205
12/10/2019,1.7685
12/9/2019,1.7524
12/6/2019,1.7688
12/5/2019,1.7412
12/4/2019,1.7003
12/3/2019,1.6411
12/2/2019,1.7434
11/29/2019,1.7006
11/28/2019,1.687
11/27/2019,1.6872
11/26/2019,1.6554
11/25/2019,1.666
11/22/2019,1.6714
11/21/2019,1.6631
11/20/2019,1.6441
11/19/2019,1.6772
11/18/2019,1.7136
11/15/2019,1.7364
11/14/2019,1.7228
11/13/2019,1.789
11/12/2019,1.8435
11/11/2019,1.849
11/8/2019,1.849
11/7/2019,1.8336
11/6/2019,1.7443
11/5/2019,1.775
11/4/2019,1.6975
11/1/2019,1.6279
10/31/2019,1.602
10/30/2019,1.6876
10/29/2019,1.7545
10/28/2019,1.7602
10/25/2019,1.712
10/24/2019,1.6894
10/23/2019,1.6895
10/22/2019,1.6929
10/21/2019,1.737
10/18/2019,1.6896
10/17/2019,1.678
10/16/2019,1.665
10/15/2019,1.7005
10/14/2019,1.6533
10/11/2019,1.6535
10/10/2019,1.581
10/9/2019,1.4948
10/8/2019,1.4395
10/7/2019,1.4792
10/4/2019,1.4471
10/3/2019,1.4378
10/2/2019,1.5068
10/1/2019,1.5413
9/30/2019,1.5638
9/27/2019,1.5731
9/26/2019,1.5697
9/25/2019,1.6072
9/24/2019,1.5169
9/23/2019,1.6072
9/20/2019,1.6078
9/19/2019,1.6582
9/18/2019,1.6695
9/17/2019,1.688
9/16/2019,1.7272
9/13/2019,1.7855
9/12/2019,1.6552
9/11/2019,1.6228
9/10/2019,1.621
9/9/2019,1.5336
9/6/2019,1.4458
9/5/2019,1.4471
9/4/2019,1.3524
9/3/2019,1.3352
9/2/2019,1.382
8/30/2019,1.3817
8/29/2019,1.3918
8/28/2019,1.3794
8/27/2019,1.3847
8/26/2019,1.4557
8/23/2019,1.4504
8/22/2019,1.5315
8/21/2019,1.4954
8/20/2019,1.4589
8/19/2019,1.505
8/16/2019,1.4454
8/15/2019,1.4138
8/14/2019,1.4713
8/13/2019,1.604
8/12/2019,1.5362
8/9/2019,1.6304
8/8/2019,1.594
8/7/2019,1.6058
8/6/2019,1.6037
8/5/2019,1.5894
8/2/2019,1.7683
8/1/2019,1.8168
7/31/2019,1.9455
7/30/2019,1.9729
7/29/2019,1.9833
7/26/2019,1.9978
7/25/2019,1.9969
7/24/2019,1.971
7/23/2019,2.012
7/22/2019,1.9801
7/19/2019,1.9888
7/18/2019,1.95
7/17/2019,1.9791
7/16/2019,2.039
7/15/2019,2.025
7/12/2019,2.065
7/11/2019,2.0864
7/10/2019,2.0097
7/9/2019,2.003
7/8/2019,1.9909
7/5/2019,1.987
7/4/2019,1.903
7/3/2019,1.904
7/2/2019,1.9327
7/1/2019,1.9865
6/28/2019,1.964
6/27/2019,1.9548
6/26/2019,1.978
6/25/2019,1.9085
6/24/2019,1.9436
6/21/2019,1.988
6/20/2019,1.9697
6/19/2019,1.959
6/18/2019,2.0014
6/17/2019,2.0415
6/14/2019,2.0115
6/13/2019,2.039
6/12/2019,2.0805
6/11/2019,2.1136
6/10/2019,2.1278
6/7/2019,2.0749
6/6/2019,2.1108
6/5/2019,2.1172
6/4/2019,2.1022
6/3/2019,2.027
5/31/2019,2.0833
5/30/2019,2.174
5/29/2019,2.2159
5/28/2019,2.2191
5/27/2019,2.269
5/24/2019,2.2673
5/23/2019,2.2696
5/22/2019,2.335
5/21/2019,2.3806
5/20/2019,2.3686
5/17/2019,2.3451
5/16/2019,2.3497
5/15/2019,2.3294
5/14/2019,2.375
5/13/2019,2.3723
5/10/2019,2.452
5/9/2019,2.4276
5/8/2019,2.4648
5/7/2019,2.441
5/6/2019,2.4512
5/3/2019,2.5122
5/2/2019,2.5326
5/1/2019,2.4983
4/30/2019,2.4897
4/29/2019,2.5108
4/26/2019,2.4862
4/25/2019,2.5215
4/24/2019,2.5035
4/23/2019,2.5481
4/22/2019,2.5729
4/19/2019,2.5522
4/18/2019,2.553
4/17/2019,2.587
4/16/2019,2.5813
4/15/2019,2.5465
4/12/2019,2.5492
4/11/2019,2.482
4/10/2019,2.4465
4/9/2019,2.4865
4/8/2019,2.5081
4/5/2019,2.4817
4/4/2019,2.4986
4/3/2019,2.5048
4/2/2019,2.4641
4/1/2019,2.5018
3/29/2019,2.4085
3/28/2019,2.3914
3/27/2019,2.343
3/26/2019,2.3862
3/25/2019,2.3551
3/22/2019,2.4233
3/21/2019,2.5322
3/20/2019,2.538
3/19/2019,2.621
3/18/2019,2.6194
3/15/2019,2.6065
3/14/2019,2.6433
3/13/2019,2.6352
3/12/2019,2.6177
3/11/2019,2.6609
3/8/2019,2.6499
3/7/2019,2.6603
3/6/2019,2.7115
3/5/2019,2.7314
3/4/2019,2.7291
3/1/2019,2.7599
2/28/2019,2.7275
2/27/2019,2.6895
2/26/2019,2.6417
2/25/2019,2.6678
2/22/2019,2.6661
2/21/2019,2.7015
2/20/2019,2.6672
2/19/2019,2.6582
2/18/2019,2.6964
2/15/2019,2.6939
2/14/2019,2.686
2/13/2019,2.7267
2/12/2019,2.7108
2/11/2019,2.6794
2/8/2019,2.6613
2/7/2019,2.6845
2/6/2019,2.7215
2/5/2019,2.7243
2/4/2019,2.749
2/1/2019,2.7125
1/31/2019,2.6582
1/30/2019,2.7075
1/29/2019,2.7405
1/28/2019,2.7736
1/25/2019,2.7894
1/24/2019,2.7499
1/23/2019,2.7722
1/22/2019,2.773
1/21/2019,2.8225
1/18/2019,2.8225
1/17/2019,2.7842
1/16/2019,2.756
1/15/2019,2.7408
1/14/2019,2.7285
1/11/2019,2.7249
1/10/2019,2.7655
1/9/2019,2.739
1/8/2019,2.7569
1/7/2019,2.7239
1/4/2019,2.6989
1/3/2019,2.5744
1/2/2019,2.6515
1/1/2019,2.711
12/31/2018,2.7085
12/28/2018,2.7402
12/27/2018,2.7877
12/26/2018,2.8238
12/25/2018,2.762
12/24/2018,2.762
12/21/2018,2.8293
12/20/2018,2.8456
12/19/2018,2.775
12/18/2018,2.8408
12/17/2018,2.8928
12/14/2018,2.9234
12/13/2018,2.9474
12/12/2018,2.9455
12/11/2018,2.9144
12/10/2018,2.8889
12/7/2018,2.8918
12/6/2018,2.9655
12/5/2018,2.9752
12/4/2018,2.9772
12/3/2018,3.028
11/30/2018,3.036
11/29/2018,3.0716
11/28/2018,3.0943
11/27/2018,3.1117
11/26/2018,3.1152
11/23/2018,3.106
11/22/2018,3.1308
11/21/2018,3.1312
11/20/2018,3.1288
11/19/2018,3.1212
11/16/2018,3.126
11/15/2018,3.1765
11/14/2018,3.189
11/13/2018,3.2003
11/12/2018,3.243
11/9/2018,3.2436
11/8/2018,3.2923
11/7/2018,3.2922
11/6/2018,3.2858
11/5/2018,3.2631
11/2/2018,3.2746
11/1/2018,3.1991
10/31/2018,3.2101
10/30/2018,3.1921
10/29/2018,3.1517
10/26/2018,3.1374
10/25/2018,3.182
10/24/2018,3.1739
10/23/2018,3.2363
10/22/2018,3.2603
10/19/2018,3.2608
10/18/2018,3.25
10/17/2018,3.266
10/16/2018,3.2248
10/15/2018,3.2071
10/12/2018,3.2055
10/11/2018,3.1992
10/10/2018,3.2087
10/9/2018,3.2545
10/8/2018,3.27
10/5/2018,3.273
10/4/2018,3.2361
10/3/2018,3.2273
10/2/2018,3.1198
10/1/2018,3.1365
9/28/2018,3.1203
9/27/2018,3.1143
9/26/2018,3.1117
9/25/2018,3.1529
9/24/2018,3.1447
9/21/2018,3.125
9/20/2018,3.1283
9/19/2018,3.1201
9/18/2018,3.1143
9/17/2018,3.0531
9/14/2018,3.0645
9/13/2018,3.0405
9/12/2018,3.0307
9/11/2018,3.0457
9/10/2018,2.994
9/7/2018,3.004
9/6/2018,2.937
9/5/2018,2.9635
9/4/2018,2.9647
9/3/2018,2.928
8/31/2018,2.9305
8/30/2018,2.9305
8/29/2018,2.9587
8/28/2018,2.9549
8/27/2018,2.9236
8/24/2018,2.8889
8/23/2018,2.9003
8/22/2018,2.8953
8/21/2018,2.901
8/20/2018,2.895
8/17/2018,2.9344
8/16/2018,2.9371
8/15/2018,2.928
8/14/2018,2.9685
8/13/2018,2.9398
8/10/2018,2.934
8/9/2018,2.9845
8/8/2018,3.0161
8/7/2018,3.0341
8/6/2018,3.0108
8/3/2018,3.0235
8/2/2018,3.0571
8/1/2018,3.0771
7/31/2018,3.0279
7/30/2018,3.0366
7/27/2018,3.0145
7/26/2018,3.0274
7/25/2018,3.0275
7/24/2018,3.0046
7/23/2018,3.007
7/20/2018,2.9563
7/19/2018,2.9069
7/18/2018,2.9389
7/17/2018,2.9261
7/16/2018,2.9215
7/13/2018,2.8945
7/12/2018,2.9172
7/11/2018,2.9237
7/10/2018,2.9265
7/9/2018,2.9375
7/6/2018,2.9034
7/5/2018,2.913
7/4/2018,2.9115
7/3/2018,2.9112
7/2/2018,2.9482
6/29/2018,2.9347
6/28/2018,2.9093
6/27/2018,2.8985
6/26/2018,2.9475
6/25/2018,2.9485
6/22/2018,2.9635
6/21/2018,2.9636
6/20/2018,3.0019
6/19/2018,2.9651
6/18/2018,2.9833
6/15/2018,2.9843
6/14/2018,3.002
6/13/2018,3.0336
6/12/2018,3.0236
6/11/2018,3.0155
6/8/2018,3.0081
6/7/2018,2.9814
6/6/2018,3.0292
6/5/2018,2.9881
6/4/2018,3.0005
6/1/2018,2.9584
5/31/2018,2.9121
5/30/2018,2.896
5/29/2018,2.8187
5/28/2018,2.9972
5/25/2018,2.968
5/24/2018,3.01
5/23/2018,3.0279
5/22/2018,3.0895
5/21/2018,3.097
5/18/2018,3.0904
5/17/2018,3.1439
5/16/2018,3.132
5/15/2018,3.1045
5/14/2018,3.031
5/11/2018,3.0015
5/10/2018,3.011
5/9/2018,3.0351
5/8/2018,3.0142
5/7/2018,2.9891
5/4/2018,2.9841
5/3/2018,2.979
5/2/2018,2.9985
5/1/2018,2.9932
4/30/2018,2.9865
4/27/2018,2.9891
4/26/2018,3.0119
4/25/2018,3.0574
4/24/2018,3.0254
4/23/2018,3.0035
4/20/2018,2.9953
4/19/2018,2.9391
4/18/2018,2.9005
4/17/2018,2.8645
4/16/2018,2.8603
4/13/2018,2.8641
4/12/2018,2.8765
4/11/2018,2.8195
4/10/2018,2.8309
4/9/2018,2.8056
4/6/2018,2.805
4/5/2018,2.867
4/4/2018,2.8365
4/3/2018,2.8055
4/2/2018,2.7647
3/30/2018,2.7765
3/29/2018,2.7765
3/28/2018,2.8078
3/27/2018,2.7939
3/26/2018,2.886
3/23/2018,2.844
3/22/2018,2.8683
3/21/2018,2.9265
3/20/2018,2.9331
3/19/2018,2.8947
3/16/2018,2.8901
3/15/2018,2.8687
3/14/2018,2.8619
3/13/2018,2.8912
3/12/2018,2.9055
3/9/2018,2.9196
3/8/2018,2.8868
3/7/2018,2.903
3/6/2018,2.9035
3/5/2018,2.8904
3/2/2018,2.876
3/1/2018,2.817
2/28/2018,2.8775
2/27/2018,2.9125
2/26/2018,2.8635
2/23/2018,2.8753
2/22/2018,2.9365
2/21/2018,2.9765
2/20/2018,2.903
2/19/2018,2.896
2/16/2018,2.8945
2/15/2018,2.9237
2/14/2018,2.918
2/13/2018,2.8362
2/12/2018,2.8719
2/9/2018,2.8599
2/8/2018,2.8395
2/7/2018,2.855
2/6/2018,2.8288
2/5/2018,2.719
2/2/2018,2.8771
2/1/2018,2.827
1/31/2018,2.7347
1/30/2018,2.7399
1/29/2018,2.7185
1/26/2018,2.6846
1/25/2018,2.6357
1/24/2018,2.676
1/23/2018,2.6436
1/22/2018,2.696
1/19/2018,2.7173
1/18/2018,2.639
1/17/2018,2.5979
1/16/2018,2.545
1/15/2018,2.538
1/12/2018,2.5405
1/11/2018,2.5279
1/10/2018,2.5395
1/9/2018,2.5418
1/8/2018,2.4685
1/5/2018,2.4701
1/4/2018,2.4459
1/3/2018,2.433
1/2/2018,2.444
1/1/2018,2.397
12/29/2017,2.397
12/28/2017,2.419
12/27/2017,2.3955
12/26/2017,2.4485
12/25/2017,2.4595
12/22/2017,2.4612
12/21/2017,2.4683
12/20/2017,2.4754
12/19/2017,2.4448
12/18/2017,2.3847
12/15/2017,2.3438
12/14/2017,2.3456
12/13/2017,2.3453
12/12/2017,2.4081
12/11/2017,2.4003
12/8/2017,2.3882
12/7/2017,2.3786
12/6/2017,2.3594
12/5/2017,2.3675
12/4/2017,2.3891
12/1/2017,2.3645
11/30/2017,2.4053
11/29/2017,2.381
11/28/2017,2.3214
11/27/2017,2.3205
11/24/2017,2.3409
11/23/2017,2.3236
11/22/2017,2.32
11/21/2017,2.3598
11/20/2017,2.3643
11/17/2017,2.3385
11/16/2017,2.3699
11/15/2017,2.3119
11/14/2017,2.3556
11/13/2017,2.393
11/10/2017,2.3793
11/9/2017,2.3238
11/8/2017,2.309
11/7/2017,2.2925
11/6/2017,2.292
11/3/2017,2.313
11/2/2017,2.3285
11/1/2017,2.353
10/31/2017,2.3512
10/30/2017,2.3465
10/27/2017,2.3805
10/26/2017,2.4355
10/25/2017,2.409
10/24/2017,2.4004
10/23/2017,2.3414
10/20/2017,2.3617
10/19/2017,2.2974
10/18/2017,2.3235
10/17/2017,2.2828
10/16/2017,2.2762
10/13/2017,2.2357
10/12/2017,2.2768
10/11/2017,2.3034
10/10/2017,2.3159
10/9/2017,2.317
10/6/2017,2.316
10/5/2017,2.3032
10/4/2017,2.283
10/3/2017,2.2816
10/2/2017,2.2998
9/29/2017,2.2902
9/28/2017,2.2681
9/27/2017,2.2699
9/26/2017,2.198
9/25/2017,2.1855
9/22/2017,2.219
9/21/2017,2.2485
9/20/2017,2.235
9/19/2017,2.2085
9/18/2017,2.1989
9/15/2017,2.173
9/14/2017,2.1556
9/13/2017,2.1479
9/12/2017,2.12
9/11/2017,2.0865
9/8/2017,2.0128
9/7/2017,2.0021
9/6/2017,2.065
9/5/2017,2.0097
9/4/2017,2.117
9/1/2017,2.1171
8/31/2017,2.066
8/30/2017,2.0781
8/29/2017,2.07
8/28/2017,2.0955
8/25/2017,2.1086
8/24/2017,2.1345
8/23/2017,2.1045
8/22/2017,2.1563
8/21/2017,2.1263
8/18/2017,2.1437
8/17/2017,2.1358
8/16/2017,2.1755
8/15/2017,2.2237
8/14/2017,2.1746
8/11/2017,2.15
8/10/2017,2.162
8/9/2017,2.2135
8/8/2017,2.225
8/7/2017,2.213
8/4/2017,2.2294
8/3/2017,2.1933
8/2/2017,2.2342
8/1/2017,2.209
7/31/2017,2.2485
7/28/2017,2.2467
7/27/2017,2.2744
7/26/2017,2.2485
7/25/2017,2.2985
7/24/2017,2.219
7/21/2017,2.208
7/20/2017,2.228
7/19/2017,2.2341
7/18/2017,2.2025
7/17/2017,2.2575
7/14/2017,2.2815
7/13/2017,2.295
7/12/2017,2.2727
7/11/2017,2.3145
7/10/2017,2.3365
7/7/2017,2.3538
7/6/2017,2.346
7/5/2017,2.3065
7/4/2017,2.321
7/3/2017,2.321
6/30/2017,2.2805
6/29/2017,2.24
6/28/2017,2.2006
6/27/2017,2.1772
6/26/2017,2.1193
6/23/2017,2.116
6/22/2017,2.101
6/21/2017,2.1289
6/20/2017,2.137
6/19/2017,2.17
6/16/2017,2.1215
6/15/2017,2.1405
6/14/2017,2.1066
6/13/2017,2.1855
6/12/2017,2.1605
6/9/2017,2.158
6/8/2017,2.151
6/7/2017,2.1325
6/6/2017,2.101
6/5/2017,2.1297
6/2/2017,2.1058
6/1/2017,2.156
5/31/2017,2.146
5/30/2017,2.1516
5/29/2017,2.197
5/26/2017,2.2004
5/25/2017,2.2054
5/24/2017,2.1937
5/23/2017,2.2217
5/22/2017,2.1927
5/19/2017,2.173
5/18/2017,2.156
5/17/2017,2.1465
5/16/2017,2.2466
5/15/2017,2.2548
5/12/2017,2.2511
5/11/2017,2.309
5/10/2017,2.325
5/9/2017,2.3278
5/8/2017,2.3261
5/5/2017,2.2899
5/4/2017,2.3033
5/3/2017,2.2697
5/2/2017,2.2449
5/1/2017,2.2838
4/28/2017,2.2543
4/27/2017,2.2674
4/26/2017,2.281
4/25/2017,2.3154
4/24/2017,2.2487
4/21/2017,2.2155
4/20/2017,2.2027
4/19/2017,2.165
4/18/2017,2.1277
4/17/2017,2.2125
4/14/2017,2.2105
4/13/2017,2.2105
4/12/2017,2.2032
4/11/2017,2.2572
4/10/2017,2.331
4/7/2017,2.3569
4/6/2017,2.3189
4/5/2017,2.316
4/4/2017,2.346
4/3/2017,2.3076
3/31/2017,2.3837
3/30/2017,2.412
3/29/2017,2.3612
3/28/2017,2.3946
3/27/2017,2.3482
3/24/2017,2.3955
3/23/2017,2.4007
3/22/2017,2.37
3/21/2017,2.3825
3/20/2017,2.4277
3/17/2017,2.473
3/16/2017,2.5034
3/15/2017,2.4658
3/14/2017,2.5712
3/13/2017,2.5981
3/10/2017,2.5508
3/9/2017,2.5717
3/8/2017,2.5145
3/7/2017,2.4662
3/6/2017,2.463
3/3/2017,2.455
3/2/2017,2.4567
3/1/2017,2.4208
2/28/2017,2.3738
2/27/2017,2.3435
2/24/2017,2.2875
2/23/2017,2.3507
2/22/2017,2.3875
2/21/2017,2.408
2/20/2017,2.376
2/17/2017,2.375
2/16/2017,2.39
2/15/2017,2.4288
2/14/2017,2.402
2/13/2017,2.3701
2/10/2017,2.337
2/9/2017,2.3214
2/8/2017,2.2549
2/7/2017,2.3267
2/6/2017,2.3432
2/3/2017,2.3878
2/2/2017,2.3874
2/1/2017,2.3835
1/31/2017,2.364
1/30/2017,2.3965
1/27/2017,2.3981
1/26/2017,2.4143
1/25/2017,2.4125
1/24/2017,2.3609
1/23/2017,2.3021
1/20/2017,2.3643
1/19/2017,2.3715
1/18/2017,2.314
1/17/2017,2.2076
1/16/2017,2.275
1/13/2017,2.28
1/12/2017,2.2418
1/11/2017,2.2509
1/10/2017,2.2517
1/9/2017,2.2335
1/6/2017,2.293
1/5/2017,2.211
1/4/2017,2.2875
1/3/2017,2.306
1/2/2017,2.335
12/30/2016,2.3367
12/29/2016,2.371
12/28/2016,2.403
12/27/2016,2.4525
12/26/2016,2.436
12/23/2016,2.4354
12/22/2016,2.45
12/21/2016,2.439
12/20/2016,2.4614
12/19/2016,2.447
12/16/2016,2.497
12/15/2016,2.498
12/14/2016,2.4445
12/13/2016,2.3293
12/12/2016,2.3414
12/9/2016,2.3352
12/8/2016,2.271
12/7/2016,2.1898
12/6/2016,2.2443
12/5/2016,2.241
12/2/2016,2.2265
12/1/2016,2.2863
11/30/2016,2.2143
11/29/2016,2.1237
11/28/2016,2.1477
11/25/2016,2.1838
11/24/2016,2.172
11/23/2016,2.1705
11/22/2016,2.1335
11/21/2016,2.1486
11/18/2016,2.2035
11/17/2016,2.149
11/16/2016,2.0805
11/15/2016,2.0834
11/14/2016,2.1373
11/11/2016,2.0185
11/10/2016,2.02
11/9/2016,1.927
11/8/2016,1.7205
11/7/2016,1.69
11/4/2016,1.6388
11/3/2016,1.6707
11/2/2016,1.663
11/1/2016,1.687
10/31/2016,1.684
10/28/2016,1.706
10/27/2016,1.7065
10/26/2016,1.6448
10/25/2016,1.5976
10/24/2016,1.6027
10/21/2016,1.5748
10/20/2016,1.5954
10/19/2016,1.5755
10/18/2016,1.5715
10/17/2016,1.599
10/14/2016,1.6291
10/13/2016,1.5774
10/12/2016,1.6055
10/11/2016,1.6045
10/10/2016,1.5591
10/7/2016,1.556
10/6/2016,1.5826
10/5/2016,1.552
10/4/2016,1.5375
10/3/2016,1.4776
9/30/2016,1.4558
9/29/2016,1.42
9/28/2016,1.4225
9/27/2016,1.4079
9/26/2016,1.4265
9/23/2016,1.463
9/22/2016,1.4589
9/21/2016,1.5037
9/20/2016,1.535
9/19/2016,1.546
9/16/2016,1.525
9/15/2016,1.521
9/14/2016,1.5285
9/13/2016,1.565
9/12/2016,1.507
9/9/2016,1.5245
9/8/2016,1.4471
9/7/2016,1.3898
9/6/2016,1.3893
9/5/2016,1.456
9/2/2016,1.4618
9/1/2016,1.439
8/31/2016,1.4472
8/30/2016,1.428
8/29/2016,1.4148
8/26/2016,1.4882
8/25/2016,1.4353
8/24/2016,1.4123
8/23/2016,1.4005
8/22/2016,1.4005
8/19/2016,1.4422
8/18/2016,1.413
8/17/2016,1.4225
8/16/2016,1.4385
8/15/2016,1.4355
8/12/2016,1.398
8/11/2016,1.4429
8/10/2016,1.3967
8/9/2016,1.4385
8/8/2016,1.4882
8/5/2016,1.4795
8/4/2016,1.3966
8/3/2016,1.4379
8/2/2016,1.449
8/1/2016,1.418
7/29/2016,1.352
7/28/2016,1.4005
7/27/2016,1.4039
7/26/2016,1.4653
7/25/2016,1.488
7/22/2016,1.4783
7/21/2016,1.4699
7/20/2016,1.4581
7/19/2016,1.422
7/18/2016,1.4375
7/15/2016,1.41
7/14/2016,1.3901
7/13/2016,1.334
7/12/2016,1.3895
7/11/2016,1.3193
7/8/2016,1.2468
7/7/2016,1.2865
7/6/2016,1.2762
7/5/2016,1.2935
7/4/2016,1.3475
7/1/2016,1.347
6/30/2016,1.365
6/29/2016,1.4018
6/28/2016,1.3485
6/27/2016,1.3135
6/24/2016,1.438
6/23/2016,1.626
6/22/2016,1.5649
6/21/2016,1.5872
6/20/2016,1.568
6/17/2016,1.4875
6/16/2016,1.4485
6/15/2016,1.445
6/14/2016,1.4843
6/13/2016,1.481
6/10/2016,1.5165
6/9/2016,1.5582
6/8/2016,1.5725
6/7/2016,1.5885
6/6/2016,1.6167
6/3/2016,1.57
6/2/2016,1.6733
6/1/2016,1.7
5/31/2016,1.703
5/30/2016,1.71
5/27/2016,1.7103
5/26/2016,1.689
5/25/2016,1.7225
5/24/2016,1.7218
5/23/2016,1.6956
5/20/2016,1.698
5/19/2016,1.71
5/18/2016,1.705
5/17/2016,1.6435
5/16/2016,1.6199
5/13/2016,1.5708
5/12/2016,1.6133
5/11/2016,1.5805
5/10/2016,1.6038
5/9/2016,1.5913
5/6/2016,1.6295
5/5/2016,1.6018
5/4/2016,1.646
5/3/2016,1.6793
5/2/2016,1.7567
4/29/2016,1.716
4/28/2016,1.702
4/27/2016,1.724
4/26/2016,1.7881
4/25/2016,1.776
4/22/2016,1.7509
4/21/2016,1.722
4/20/2016,1.7122
4/19/2016,1.6474
4/18/2016,1.6261
4/15/2016,1.6077
4/14/2016,1.6502
4/13/2016,1.6241
4/12/2016,1.6403
4/11/2016,1.6018
4/8/2016,1.6025
4/7/2016,1.5612
4/6/2016,1.6286
4/5/2016,1.591
4/4/2016,1.6345
4/1/2016,1.6495
3/31/2016,1.638
3/30/2016,1.681
3/29/2016,1.6761
3/28/2016,1.7595
3/25/2016,1.7665
3/24/2016,1.771
3/23/2016,1.7365
3/22/2016,1.788
3/21/2016,1.755
3/18/2016,1.706
3/17/2016,1.7345
3/16/2016,1.7468
3/15/2016,1.8211
3/14/2016,1.8025
3/11/2016,1.8278
3/10/2016,1.768
3/9/2016,1.715
3/8/2016,1.6767
3/7/2016,1.7545
3/4/2016,1.7255
3/3/2016,1.6825
3/2/2016,1.6813
3/1/2016,1.6585
2/29/2016,1.5747
2/26/2016,1.5928
2/25/2016,1.5498
2/24/2016,1.5915
2/23/2016,1.5683
2/22/2016,1.6075
2/19/2016,1.606
2/18/2016,1.5978
2/17/2016,1.6725
2/16/2016,1.617
2/15/2016,1.603
2/12/2016,1.602
2/11/2016,1.4868
2/10/2016,1.54
2/9/2016,1.627
2/8/2016,1.674
2/5/2016,1.7515
2/4/2016,1.7386
2/3/2016,1.7453
2/2/2016,1.7198
2/1/2016,1.8253
1/29/2016,1.7955
1/28/2016,1.8618
1/27/2016,1.88
1/26/2016,1.8613
1/25/2016,1.8719
1/22/2016,1.916
1/21/2016,1.902
1/20/2016,1.8453
1/19/2016,1.906
1/18/2016,1.888
1/15/2016,1.8882
1/14/2016,1.931
1/13/2016,1.9455
1/12/2016,1.9548
1/11/2016,2.0228
1/8/2016,1.9833
1/7/2016,2.0438
1/6/2016,2.0788
1/5/2016,2.1431
1/4/2016,2.171
1/1/2016,2.1865
12/31/2015,2.185
12/30/2015,2.214
12/29/2015,2.2314
12/28/2015,2.1663
12/25/2015,2.171
12/24/2015,2.1719
12/23/2015,2.1873
12/22/2015,2.1763
12/21/2015,2.1378
12/18/2015,2.146
12/17/2015,2.148
12/16/2015,2.2078
12/15/2015,2.1697
12/14/2015,2.125
12/11/2015,2.0763
12/10/2015,2.162
12/9/2015,2.118
12/8/2015,2.114
12/7/2015,2.124
12/4/2015,2.162
12/3/2015,2.1947
12/2/2015,2.0672
12/1/2015,2.0187
11/30/2015,2.067
11/27/2015,2.0845
11/26/2015,2.0985
11/25/2015,2.0981
11/24/2015,2.1061
11/23/2015,2.0988
11/20/2015,2.093
11/19/2015,2.082
11/18/2015,2.1308
11/17/2015,2.1343
11/16/2015,2.151
11/13/2015,2.1493
11/12/2015,2.203
11/11/2015,2.2355
11/10/2015,2.235
11/9/2015,2.24
11/6/2015,2.224
11/5/2015,2.1152
11/4/2015,2.1033
11/3/2015,2.116
11/2/2015,2.09
10/30/2015,2.0615
10/29/2015,2.096
10/28/2015,2.0343
10/27/2015,1.976
10/26/2015,1.9923
10/23/2015,2.0382
10/22/2015,1.9951
10/21/2015,1.99
10/20/2015,2.0315
10/19/2015,1.9908
10/16/2015,1.997
10/15/2015,1.97
10/14/2015,1.909
10/13/2015,2.0125
10/12/2015,2.072
10/9/2015,2.0715
10/8/2015,2.09
10/7/2015,2.05
10/6/2015,2.0215
10/5/2015,2.0518
10/2/2015,1.9812
10/1/2015,2.0237
9/30/2015,2.0027
9/29/2015,1.9969
9/28/2015,2.0555
9/25/2015,2.143
9/24/2015,2.125
9/23/2015,2.1505
9/22/2015,2.1385
9/21/2015,2.206
9/18/2015,2.1651
9/17/2015,2.2113
9/16/2015,2.308
9/15/2015,2.3075
9/14/2015,2.2145
9/11/2015,2.2145
9/10/2015,2.236
9/9/2015,2.2105
9/8/2015,2.214
9/7/2015,2.1734
9/4/2015,2.1725
9/3/2015,2.221
9/2/2015,2.2337
9/1/2015,2.1945
8/31/2015,2.2737
8/28/2015,2.2395
8/27/2015,2.253
8/26/2015,2.2293
8/25/2015,2.137
8/24/2015,2.0741
8/21/2015,2.114
8/20/2015,2.1501
8/19/2015,2.2038
8/18/2015,2.266
8/17/2015,2.2435
8/14/2015,2.274
8/13/2015,2.2635
8/12/2015,2.232
8/11/2015,2.2255
8/10/2015,2.31
8/7/2015,2.2545
8/6/2015,2.313
8/5/2015,2.36
8/4/2015,2.3094
8/3/2015,2.2345
7/31/2015,2.2665
7/30/2015,2.345
7/29/2015,2.3669
7/28/2015,2.332
7/27/2015,2.302
7/24/2015,2.346
7/23/2015,2.3538
7/22/2015,2.413
7/21/2015,2.41
7/20/2015,2.458
7/17/2015,2.4384
7/16/2015,2.4345
7/15/2015,2.4351
7/14/2015,2.4821
7/13/2015,2.5419
7/10/2015,2.492
7/9/2015,2.4246
7/8/2015,2.311
7/7/2015,2.38
7/6/2015,2.4075
7/3/2015,2.4945
7/2/2015,2.4932
7/1/2015,2.523
6/30/2015,2.464
6/29/2015,2.4325
6/26/2015,2.5625
6/25/2015,2.5075
6/24/2015,2.461
6/23/2015,2.4945
6/22/2015,2.4531
6/19/2015,2.3395
6/18/2015,2.4155
6/17/2015,2.3969
6/16/2015,2.398
6/15/2015,2.436
6/12/2015,2.471
6/11/2015,2.4575
6/10/2015,2.562
6/9/2015,2.5163
6/8/2015,2.4604
6/5/2015,2.492
6/4/2015,2.391
6/3/2015,2.4452
6/2/2015,2.339
6/1/2015,2.262
5/29/2015,2.2145
5/28/2015,2.2195
5/27/2015,2.2075
5/26/2015,2.22
5/22/2015,2.283
5/21/2015,2.248
5/20/2015,2.2925
5/19/2015,2.3345
5/18/2015,2.2921
5/15/2015,2.2
5/14/2015,2.287
5/13/2015,2.35
5/12/2015,2.3172
5/11/2015,2.348
5/8/2015,2.2235
5/7/2015,2.259
5/6/2015,2.3255
5/5/2015,2.2705
5/4/2015,2.2341
5/1/2015,2.2025
4/30/2015,2.123
4/29/2015,2.118
4/28/2015,2.085
4/27/2015,2.0035
4/24/2015,1.9875
4/23/2015,2.0285
4/22/2015,2.0575
4/21/2015,1.9875
4/20/2015,1.973
4/17/2015,1.956
4/16/2015,1.978
4/15/2015,1.974
4/14/2015,1.9815
4/13/2015,2.013
4/10/2015,2.041
4/9/2015,2.056
4/8/2015,1.998
4/7/2015,1.9885
4/6/2015,2.008
4/3/2015,1.9523
4/2/2015,2.0155
4/1/2015,1.9637
3/31/2015,2.0245
3/30/2015,2.0415
3/27/2015,2.0525
3/26/2015,2.086
3/25/2015,2.0195
3/24/2015,1.9673
3/23/2015,2.0057
3/20/2015,2.0295
3/19/2015,2.0513
3/18/2015,2.007
3/17/2015,2.153
3/16/2015,2.18
3/13/2015,2.228
3/12/2015,2.23
3/11/2015,2.227
3/10/2015,2.247
3/9/2015,2.2975
3/6/2015,2.3565
3/5/2015,2.2395
3/4/2015,2.2395
3/3/2015,2.2405
3/2/2015,2.2065
2/27/2015,2.12
2/26/2015,2.1572
2/25/2015,2.1005
2/24/2015,2.1155
2/23/2015,2.1925
2/20/2015,2.241
2/19/2015,2.246
2/18/2015,2.2108
2/17/2015,2.265
2/16/2015,2.175
2/13/2015,2.176
2/12/2015,2.1172
2/11/2015,2.1485
2/10/2015,2.1345
2/9/2015,2.116
2/6/2015,2.0965
2/5/2015,1.9572
2/4/2015,1.8905
2/3/2015,1.9324
2/2/2015,1.8
1/30/2015,1.7873
1/29/2015,1.8886
1/28/2015,1.862
1/27/2015,1.9705
1/26/2015,1.969
1/23/2015,1.9397
1/22/2015,1.9995
1/21/2015,2.006
1/20/2015,1.9155
1/19/2015,1.953
1/16/2015,1.954
1/15/2015,1.833
1/14/2015,1.969
1/13/2015,2.013
1/12/2015,2.0245
1/9/2015,2.066
1/8/2015,2.1385
1/7/2015,2.0832
1/6/2015,2.0458
1/5/2015,2.143
1/2/2015,2.2238
1/1/2015,2.285
12/31/2014,2.285
12/30/2014,2.2985
12/29/2014,2.315
12/26/2014,2.368
12/25/2014,2.3869
12/24/2014,2.39
12/23/2014,2.388
12/22/2014,2.2885
12/19/2014,2.2915
12/18/2014,2.335
12/17/2014,2.2623
12/16/2014,2.189
12/15/2014,2.247
12/12/2014,2.21
12/11/2014,2.29
12/10/2014,2.281
12/9/2014,2.3307
12/8/2014,2.377
12/5/2014,2.4205
12/4/2014,2.3525
12/3/2014,2.4095
12/2/2014,2.4215
12/1/2014,2.3661
11/28/2014,2.3
11/27/2014,2.373
11/26/2014,2.374
11/25/2014,2.382
11/24/2014,2.4305
11/21/2014,2.432
11/20/2014,2.46
11/19/2014,2.48
11/18/2014,2.436
11/17/2014,2.464
11/14/2014,2.4488
11/13/2014,2.462
11/12/2014,2.501
11/11/2014,2.494
11/10/2014,2.494
11/7/2014,2.438
11/6/2014,2.529
11/5/2014,2.49
11/4/2014,2.4755
11/3/2014,2.483
10/31/2014,2.481
10/30/2014,2.4485
10/29/2014,2.4575
10/28/2014,2.438
10/27/2014,2.407
10/24/2014,2.414
10/23/2014,2.415
10/22/2014,2.3505
10/21/2014,2.3625
10/20/2014,2.3344
10/17/2014,2.3495
10/16/2014,2.3222
10/15/2014,2.2958
10/14/2014,2.345
10/10/2014,2.4173
10/9/2014,2.4515
10/8/2014,2.47
10/7/2014,2.501
10/6/2014,2.5765
10/3/2014,2.5917
10/2/2014,2.576
10/1/2014,2.5385
9/30/2014,2.64
9/29/2014,2.6229
9/26/2014,2.6543
9/25/2014,2.636
9/24/2014,2.6921
9/23/2014,2.651
9/22/2014,2.685
9/19/2014,2.708
9/18/2014,2.752
9/17/2014,2.76
9/16/2014,2.737
9/15/2014,2.73
9/12/2014,2.744
9/11/2014,2.6845
9/10/2014,2.677
9/9/2014,2.6325
9/8/2014,2.596
9/5/2014,2.579
9/4/2014,2.5731
9/3/2014,2.5163
9/2/2014,2.55
9/1/2014,2.4939
8/29/2014,2.497
8/28/2014,2.4905
8/27/2014,2.5035
8/26/2014,2.538
8/25/2014,2.5235
8/22/2014,2.553
8/21/2014,2.558
8/20/2014,2.581
8/19/2014,2.555
8/18/2014,2.545
8/15/2014,2.4915
8/14/2014,2.546
8/13/2014,2.5675
8/12/2014,2.6034
8/11/2014,2.5871
8/8/2014,2.5795
8/7/2014,2.5659
8/6/2014,2.6174
8/5/2014,2.6285
8/4/2014,2.6225
8/1/2014,2.634
7/31/2014,2.6978
7/30/2014,2.687
7/29/2014,2.5905
7/28/2014,2.6115
7/25/2014,2.5895
7/24/2014,2.6265
7/23/2014,2.59
7/22/2014,2.5855
7/21/2014,2.59
7/18/2014,2.599
7/17/2014,2.5692
7/16/2014,2.6375
7/15/2014,2.656
7/14/2014,2.6564
7/11/2014,2.628
7/10/2014,2.648
7/9/2014,2.651
7/8/2014,2.654
7/7/2014,2.709
7/4/2014,2.734
7/3/2014,2.737
7/2/2014,2.729
7/1/2014,2.666
6/30/2014,2.631
6/27/2014,2.64
6/26/2014,2.637
6/25/2014,2.66
6/24/2014,2.676
6/23/2014,2.715
6/20/2014,2.696
6/19/2014,2.711
6/18/2014,2.6803
6/17/2014,2.745
6/16/2014,2.6975
6/13/2014,2.7045
6/12/2014,2.6975
6/11/2014,2.7445
6/10/2014,2.7585
6/9/2014,2.721
6/6/2014,2.705
6/5/2014,2.704
6/4/2014,2.72
6/3/2014,2.7107
6/2/2014,2.637
5/30/2014,2.5875
5/29/2014,2.567
5/28/2014,2.539
5/27/2014,2.6075
5/26/2014,2.625
5/23/2014,2.623
5/22/2014,2.646
5/21/2014,2.6255
5/20/2014,2.612
5/19/2014,2.645
5/16/2014,2.623
5/15/2014,2.5843
5/14/2014,2.6335
5/13/2014,2.6945
5/12/2014,2.741
5/9/2014,2.7063
5/8/2014,2.694
5/7/2014,2.696
5/6/2014,2.7095
5/5/2014,2.7298
5/2/2014,2.7036
5/1/2014,2.732
4/30/2014,2.754
4/29/2014,2.7925
4/28/2014,2.8051
4/25/2014,2.7735
4/24/2014,2.789
4/23/2014,2.8035
4/22/2014,2.818
4/21/2014,2.8245
4/18/2014,2.842
4/17/2014,2.845
4/16/2014,2.757
4/15/2014,2.751
4/14/2014,2.7657
4/11/2014,2.743
4/10/2014,2.769
4/9/2014,2.803
4/8/2014,2.799
4/7/2014,2.8205
4/4/2014,2.839
4/3/2014,2.919
4/2/2014,2.923
4/1/2014,2.878
3/31/2014,2.8415
3/28/2014,2.841
3/27/2014,2.803
3/26/2014,2.813
3/25/2014,2.8689
3/24/2014,2.8465
3/21/2014,2.859
3/20/2014,2.893
3/19/2014,2.8895
3/18/2014,2.788
3/17/2014,2.808
3/14/2014,2.769
3/13/2014,2.7545
3/12/2014,2.832
3/11/2014,2.8695
3/10/2014,2.8775
3/7/2014,2.8935
3/6/2014,2.848
3/5/2014,2.813
3/4/2014,2.8115
3/3/2014,2.725
2/28/2014,2.761
2/27/2014,2.748
2/26/2014,2.7638
2/25/2014,2.7957
2/24/2014,2.834
2/21/2014,2.829
2/20/2014,2.8568
2/19/2014,2.85
2/18/2014,2.8178
2/17/2014,2.854
2/14/2014,2.851
2/13/2014,2.835
2/12/2014,2.886
2/11/2014,2.85
2/10/2014,2.79
2/7/2014,2.814
2/6/2014,2.8385
2/5/2014,2.809
2/4/2014,2.773
2/3/2014,2.7205
1/31/2014,2.7855
1/30/2014,2.83
1/29/2014,2.815
1/28/2014,2.8772
1/27/2014,2.871
1/24/2014,2.8385
1/23/2014,2.8981
1/22/2014,2.977
1/21/2014,2.9335
1/20/2014,2.93
1/17/2014,2.9305
1/16/2014,2.9508
1/15/2014,2.9895
1/14/2014,2.9635
1/13/2014,2.91
1/10/2014,2.9515
1/9/2014,3.0505
1/8/2014,3.065
1/7/2014,3.01
1/6/2014,3.026
1/3/2014,3.0665
1/2/2014,3.061
1/1/2014,3.099
12/31/2013,3.0975
12/30/2013,3.031
12/27/2013,3.057
12/26/2013,3.057
12/25/2013,3.049
12/24/2013,3.05
12/23/2013,2.9958
12/20/2013,2.953
12/19/2013,2.9945
12/18/2013,2.9495
12/17/2013,2.889
12/16/2013,2.935
12/13/2013,2.926
12/12/2013,2.939
12/11/2013,2.9165
12/10/2013,2.87
12/9/2013,2.8995
12/6/2013,2.9225
12/5/2013,2.944
12/4/2013,2.9085
12/3/2013,2.873
12/2/2013,2.8845
11/29/2013,2.832
11/28/2013,2.816
11/27/2013,2.818
11/26/2013,2.7825
11/25/2013,2.7945
11/22/2013,2.81
11/21/2013,2.83
11/20/2013,2.8398
11/19/2013,2.7578
11/18/2013,2.727
11/15/2013,2.7675
11/14/2013,2.7765
11/13/2013,2.8105
11/12/2013,2.893
11/11/2013,2.867
11/8/2013,2.8735
11/7/2013,2.735
11/6/2013,2.776
11/5/2013,2.813
11/4/2013,2.749
11/1/2013,2.766
10/31/2013,2.7
10/30/2013,2.682
10/29/2013,2.653
10/28/2013,2.671
10/25/2013,2.6635
10/24/2013,2.6731
10/23/2013,2.6515
10/22/2013,2.6575
10/21/2013,2.745
10/18/2013,2.7235
10/17/2013,2.7295
10/16/2013,2.7995
10/15/2013,2.859
10/14/2013,2.821
10/11/2013,2.82
10/10/2013,2.8175
10/9/2013,2.8085
10/8/2013,2.7765
10/7/2013,2.7845
10/4/2013,2.8115
10/3/2013,2.7705
10/2/2013,2.783
10/1/2013,2.8085
9/30/2013,2.764
9/27/2013,2.7805
9/26/2013,2.801
9/25/2013,2.779
9/24/2013,2.8088
9/23/2013,2.8515
9/20/2013,2.8915
9/19/2013,2.909
9/18/2013,2.841
9/17/2013,2.997
9/16/2013,3.0205
9/13/2013,3.051
9/12/2013,3.068
9/11/2013,3.0765
9/10/2013,3.1255
9/9/2013,3.085
9/6/2013,3.1175
9/5/2013,3.1847
9/4/2013,3.076
9/3/2013,3.034
9/2/2013,2.98
8/30/2013,2.981
8/29/2013,2.9515
8/28/2013,2.9535
8/27/2013,2.8955
8/26/2013,2.971
8/23/2013,3.008
8/22/2013,3.085
8/21/2013,3.086
8/20/2013,3.0005
8/19/2013,3.061
8/16/2013,2.9945
8/15/2013,2.93
8/14/2013,2.8795
8/13/2013,2.8895
8/12/2013,2.7915
8/9/2013,2.7468
8/8/2013,2.7655
8/7/2013,2.781
8/6/2013,2.8285
8/5/2013,2.811
8/2/2013,2.7717
8/1/2013,2.8945
7/31/2013,2.7705
7/30/2013,2.802
7/29/2013,2.7955
7/26/2013,2.7635
7/25/2013,2.772
7/24/2013,2.785
7/23/2013,2.706
7/22/2013,2.6895
7/19/2013,2.6905
7/18/2013,2.732
7/17/2013,2.695
7/16/2013,2.745
7/15/2013,2.7545
7/12/2013,2.8055
7/11/2013,2.7905
7/10/2013,2.8395
7/9/2013,2.8615
7/8/2013,2.8825
7/5/2013,2.994
7/4/2013,2.734
7/3/2013,2.7185
7/2/2013,2.693
7/1/2013,2.695
6/28/2013,2.697
6/27/2013,2.674
6/26/2013,2.751
6/25/2013,2.832
6/24/2013,2.763
6/21/2013,2.762
6/20/2013,2.643
6/19/2013,2.5615
6/18/2013,2.3685
6/17/2013,2.3575
6/14/2013,2.308
6/13/2013,2.327
6/12/2013,2.4235
6/11/2013,2.3845
6/10/2013,2.4185
6/7/2013,2.368
6/6/2013,2.2702
6/5/2013,2.283
6/4/2013,2.342
6/3/2013,2.3025
5/31/2013,2.305
5/30/2013,2.28
5/29/2013,2.276
5/28/2013,2.3345
5/27/2013,2.156
5/24/2013,2.16
5/23/2013,2.1535
5/22/2013,2.171
5/21/2013,2.055
5/20/2013,2.098
5/17/2013,2.087
5/16/2013,2.009
5/15/2013,2.071
5/14/2013,2.116
5/13/2013,2.0635
5/10/2013,2.041
5/9/2013,1.958
5/8/2013,1.949
5/7/2013,1.9562
5/6/2013,1.941
5/3/2013,1.918
5/2/2013,1.809
5/1/2013,1.821
4/30/2013,1.848
4/29/2013,1.843
4/26/2013,1.844
4/25/2013,1.884
4/24/2013,1.88
4/23/2013,1.893
4/22/2013,1.866
4/19/2013,1.873
4/18/2013,1.851
4/17/2013,1.863
4/16/2013,1.8965
4/15/2013,1.852
4/12/2013,1.897
4/11/2013,1.958
4/10/2013,1.97
4/9/2013,1.929
4/8/2013,1.9348
4/5/2013,1.885
4/4/2013,1.931
4/3/2013,1.972
4/2/2013,2.0155
4/1/2013,1.99
3/29/2013,2.007
3/28/2013,2.007
3/27/2013,2.004
3/26/2013,2.0653
3/25/2013,2.058
3/22/2013,2.058
3/21/2013,2.037
3/20/2013,2.0765
3/19/2013,2.016
3/18/2013,2.058
3/15/2013,2.0835
3/14/2013,2.12
3/13/2013,2.1035
3/12/2013,2.102
3/11/2013,2.141
3/8/2013,2.1275
3/7/2013,2.078
3/6/2013,2.019
3/5/2013,1.979
3/4/2013,1.961
3/1/2013,1.936
2/28/2013,1.9665
2/27/2013,1.992
2/26/2013,1.9705
2/25/2013,1.942
2/22/2013,2.04
2/21/2013,2.051
2/20/2013,2.085
2/19/2013,2.101
2/18/2013,2.07
2/15/2013,2.0676
2/14/2013,2.065
2/13/2013,2.1185
2/12/2013,2.0654
2/11/2013,2.049
2/8/2013,2.034
2/7/2013,2.0427
2/6/2013,2.0455
2/5/2013,2.086
2/4/2013,2.045
2/1/2013,2.1
1/31/2013,2.063
1/30/2013,2.066
1/29/2013,2.0625
1/28/2013,2.0222
1/25/2013,2.012
1/24/2013,1.9085
1/23/2013,1.881
1/22/2013,1.895
1/21/2013,1.89
1/18/2013,1.8951
1/17/2013,1.925
1/16/2013,1.854
1/15/2013,1.869
1/14/2013,1.877
1/11/2013,1.9024
1/10/2013,1.9242
1/9/2013,1.885
1/8/2013,1.891
1/7/2013,1.927
1/4/2013,1.927
1/3/2013,1.946
1/2/2013,1.8775
1/1/2013,1.823
12/31/2012,1.816
12/28/2012,1.762
12/27/2012,1.8
12/26/2012,1.812
12/25/2012,1.8254
12/24/2012,1.8369
12/21/2012,1.82
12/20/2012,1.8471
12/19/2012,1.8494
12/18/2012,1.8675
12/17/2012,1.8225
12/14/2012,1.755
12/13/2012,1.775
12/12/2012,1.744
12/11/2012,1.7028
12/10/2012,1.6748
12/7/2012,1.6774
12/6/2012,1.643
12/5/2012,1.6409
12/4/2012,1.6537
12/3/2012,1.667
11/30/2012,1.6648
11/29/2012,1.6585
11/28/2012,1.669
11/27/2012,1.67
11/26/2012,1.7022
11/23/2012,1.7283
11/22/2012,1.7118
11/21/2012,1.7155
11/20/2012,1.705
11/19/2012,1.659
11/16/2012,1.6288
11/15/2012,1.6383
11/14/2012,1.629
11/13/2012,1.64
11/9/2012,1.6455
11/8/2012,1.6345
11/7/2012,1.694
11/6/2012,1.793
11/5/2012,1.7175
11/2/2012,1.7456
11/1/2012,1.768
10/31/2012,1.738
10/30/2012,1.7618
10/29/2012,1.7618
10/26/2012,1.7857
10/25/2012,1.865
10/24/2012,1.8198
10/23/2012,1.803
10/22/2012,1.845
10/19/2012,1.796
10/18/2012,1.864
10/17/2012,1.8495
10/16/2012,1.759
10/15/2012,1.7195
10/12/2012,1.712
10/11/2012,1.718
10/10/2012,1.729
10/9/2012,1.7709
10/8/2012,1.808
10/5/2012,1.81
10/4/2012,1.7495
10/3/2012,1.681
10/2/2012,1.6985
10/1/2012,1.701
9/28/2012,1.704
9/27/2012,1.7101
9/26/2012,1.6655
9/25/2012,1.7005
9/24/2012,1.7275
9/21/2012,1.767
9/20/2012,1.772
9/19/2012,1.7926
9/18/2012,1.8445
9/17/2012,1.8798
9/14/2012,1.895
9/13/2012,1.791
9/12/2012,1.849
9/11/2012,1.7989
9/10/2012,1.755
9/7/2012,1.7765
9/6/2012,1.784
9/5/2012,1.6945
9/4/2012,1.676
8/31/2012,1.6595
8/30/2012,1.7317
8/29/2012,1.7489
8/28/2012,1.725
8/27/2012,1.749
8/24/2012,1.7925
8/23/2012,1.785
8/22/2012,1.795
8/21/2012,1.9075
8/20/2012,1.915
8/17/2012,1.922
8/16/2012,1.953
8/15/2012,1.9314
8/14/2012,1.84
8/13/2012,1.77
8/10/2012,1.769
8/9/2012,1.799
8/8/2012,1.7874
8/7/2012,1.771
8/6/2012,1.709
8/3/2012,1.7139
8/2/2012,1.6363
8/1/2012,1.657
7/31/2012,1.589
7/30/2012,1.621
7/27/2012,1.668
7/26/2012,1.5737
7/25/2012,1.538
7/24/2012,1.5305
7/23/2012,1.5635
7/20/2012,1.5925
7/19/2012,1.6386
7/18/2012,1.633
7/17/2012,1.6555
7/16/2012,1.6185
7/13/2012,1.616
7/12/2012,1.5955
7/11/2012,1.643
7/10/2012,1.6375
7/9/2012,1.6525
7/6/2012,1.702
7/5/2012,1.7475
7/4/2012,1.7703
7/3/2012,1.771
7/2/2012,1.7395
6/29/2012,1.7745
6/28/2012,1.714
6/27/2012,1.7525
6/26/2012,1.7625
6/25/2012,1.7405
6/22/2012,1.8101
6/21/2012,1.7775
6/20/2012,1.808
6/19/2012,1.776
6/18/2012,1.7295
6/15/2012,1.729
6/14/2012,1.7995
6/13/2012,1.76
6/12/2012,1.8313
6/11/2012,1.7765
6/8/2012,1.8265
6/7/2012,1.8225
6/6/2012,1.828
6/5/2012,1.772
6/4/2012,1.737
6/1/2012,1.67
5/31/2012,1.7385
5/30/2012,1.785
5/29/2012,1.8925
5/28/2012,1.889
5/25/2012,1.8889
5/24/2012,1.921
5/23/2012,1.8755
5/22/2012,1.904
5/21/2012,1.8665
5/18/2012,1.849
5/17/2012,1.836
5/16/2012,1.899
5/15/2012,1.9245
5/14/2012,1.925
5/11/2012,1.9885
5/10/2012,2.0075
5/9/2012,1.9861
5/8/2012,1.9935
5/7/2012,2.01
5/4/2012,2.017
5/3/2012,2.0585
5/2/2012,2.0555
5/1/2012,2.072
4/30/2012,2.0395
4/27/2012,2.0666
4/26/2012,2.07
4/25/2012,2.1075
4/24/2012,2.1007
4/23/2012,2.059
4/20/2012,2.079
4/19/2012,2.0849
4/18/2012,2.0865
4/17/2012,2.1055
4/16/2012,2.0915
4/13/2012,2.0982
4/12/2012,2.1565
4/11/2012,2.1415
4/10/2012,2.096
4/9/2012,2.141
4/6/2012,2.1479
4/5/2012,2.289
4/4/2012,2.3245
4/3/2012,2.389
4/2/2012,2.27
3/30/2012,2.287
3/29/2012,2.229
3/28/2012,2.2655
3/27/2012,2.2415
3/26/2012,2.318
3/23/2012,2.3075
3/22/2012,2.3515
3/21/2012,2.3695
3/20/2012,2.441
3/19/2012,2.4495
3/16/2012,2.355
3/15/2012,2.3445
3/14/2012,2.322
3/13/2012,2.1947
3/12/2012,2.101
3/9/2012,2.106
3/8/2012,2.0935
3/7/2012,2.06
3/6/2012,2.029
3/5/2012,2.089
3/2/2012,2.059
3/1/2012,2.1145
2/29/2012,2.0615
2/28/2012,2.0385
2/27/2012,2.0289
2/24/2012,2.0816
2/23/2012,2.0925
2/22/2012,2.0915
2/21/2012,2.147
2/20/2012,2.0725
2/17/2012,2.082
2/16/2012,2.0605
2/15/2012,2.0085
2/14/2012,2.017
2/13/2012,2.057
2/10/2012,2.07
2/9/2012,2.1175
2/8/2012,2.1015
2/7/2012,2.0865
2/6/2012,2.017
2/3/2012,2.0305
2/2/2012,1.9245
2/1/2012,1.9275
1/31/2012,1.9155
1/30/2012,1.9695
1/27/2012,2.0085
1/26/2012,2.041
1/25/2012,2.104
1/24/2012,2.1755
1/23/2012,2.172
1/20/2012,2.153
1/19/2012,2.106
1/18/2012,2.034
1/17/2012,1.9975
1/16/2012,2.001
1/13/2012,2.011
1/12/2012,2.0612
1/11/2012,2.0505
1/10/2012,2.106
1/9/2012,2.0955
1/6/2012,2.096
1/5/2012,2.131
1/4/2012,2.1165
1/3/2012,2.1055
1/2/2012,2.039
12/30/2011,2.036
12/29/2011,2.0635
12/28/2011,2.0815
12/27/2011,2.1685
12/26/2011,2.193
12/23/2011,2.1903
12/22/2011,2.1135
12/21/2011,2.128
12/20/2011,2.0925
12/19/2011,1.997
12/16/2011,2.0295
12/15/2011,2.0715
12/14/2011,2.0486
12/13/2011,2.1115
12/12/2011,2.1565
12/9/2011,2.1878
12/8/2011,2.101
12/7/2011,2.1555
12/6/2011,2.2225
12/5/2011,2.1895
12/2/2011,2.2085
12/1/2011,2.2555
11/30/2011,2.217
11/29/2011,2.169
11/28/2011,2.1655
11/25/2011,2.16
11/24/2011,2.0948
11/23/2011,2.094
11/22/2011,2.1055
11/21/2011,2.1383
11/18/2011,2.1828
11/17/2011,2.1561
11/16/2011,2.203
11/15/2011,2.241
11/14/2011,2.2465
11/11/2011,2.213
11/10/2011,2.227
11/9/2011,2.1615
11/8/2011,2.242
11/7/2011,2.199
11/4/2011,2.193
11/3/2011,2.2405
11/2/2011,2.154
11/1/2011,2.167
10/31/2011,2.283
10/28/2011,2.463
10/27/2011,2.5498
10/26/2011,2.396
10/25/2011,2.3023
10/24/2011,2.427
10/21/2011,2.417
10/20/2011,2.3822
10/19/2011,2.3535
10/18/2011,2.376
10/17/2011,2.351
10/14/2011,2.435
10/13/2011,2.3568
10/12/2011,2.3715
10/11/2011,2.337
10/10/2011,2.2703
10/7/2011,2.277
10/6/2011,2.198
10/5/2011,2.122
10/4/2011,2.058
10/3/2011,1.9744
9/30/2011,2.108
9/29/2011,2.1745
9/28/2011,2.1555
9/27/2011,2.1495
9/26/2011,2.0852
9/23/2011,2.0168
9/22/2011,1.909
9/21/2011,2.071
9/20/2011,2.1427
9/19/2011,2.154
9/16/2011,2.239
9/15/2011,2.266
9/14/2011,2.187
9/13/2011,2.2025
9/12/2011,2.1657
9/9/2011,2.143
9/8/2011,2.1695
9/7/2011,2.2365
9/6/2011,2.195
9/5/2011,2.1855
9/2/2011,2.187
9/1/2011,2.323
8/31/2011,2.402
8/30/2011,2.363
8/29/2011,2.415
8/26/2011,2.356
8/25/2011,2.417
8/24/2011,2.4678
8/23/2011,2.3088
8/22/2011,2.2595
8/19/2011,2.2012
8/18/2011,2.183
8/17/2011,2.279
8/16/2011,2.348
8/15/2011,2.449
8/12/2011,2.4182
8/11/2011,2.4995
8/10/2011,2.314
8/9/2011,2.467
8/8/2011,2.553
8/5/2011,2.73
8/4/2011,2.559
8/3/2011,2.7405
8/2/2011,2.7348
8/1/2011,2.862
7/29/2011,2.925
7/28/2011,3.0535
7/27/2011,3.0763
7/26/2011,3.049
7/25/2011,3.09
7/22/2011,3.06
7/21/2011,3.132
7/20/2011,3.0635
7/19/2011,3.031
7/18/2011,3.046
7/15/2011,3.044
7/14/2011,3.092
7/13/2011,3.036
7/12/2011,3.04
7/11/2011,3.081
7/8/2011,3.17
7/7/2011,3.2786
7/6/2011,3.246
7/5/2011,3.251
7/4/2011,3.301
7/1/2011,3.303
6/30/2011,3.279
6/29/2011,3.227
6/28/2011,3.1495
6/27/2011,3.0614
6/24/2011,3.0095
6/23/2011,3.0396
6/22/2011,3.1005
6/21/2011,3.1245
6/20/2011,3.1015
6/17/2011,3.092
6/16/2011,3.0858
6/15/2011,3.1005
6/14/2011,3.2031
6/13/2011,3.0915
6/10/2011,3.077
6/9/2011,3.1025
6/8/2011,3.057
6/7/2011,3.1209
6/6/2011,3.1225
6/3/2011,3.1105
6/2/2011,3.1505
6/1/2011,3.0542
5/31/2011,3.1615
5/30/2011,3.161
5/27/2011,3.1718
5/26/2011,3.149
5/25/2011,3.2215
5/24/2011,3.203
5/23/2011,3.2245
5/20/2011,3.2355
5/19/2011,3.2619
5/18/2011,3.261
5/17/2011,3.189
5/16/2011,3.2205
5/13/2011,3.249
5/12/2011,3.2945
5/11/2011,3.251
5/10/2011,3.3038
5/9/2011,3.2415
5/6/2011,3.2401
5/5/2011,3.241
5/4/2011,3.3005
5/3/2011,3.3306
5/2/2011,3.3541
4/29/2011,3.366
4/28/2011,3.3856
4/27/2011,3.4328
4/26/2011,3.379
4/25/2011,3.4434
4/22/2011,3.4755
4/21/2011,3.487
4/20/2011,3.4898
4/19/2011,3.4382
4/18/2011,3.4448
4/15/2011,3.502
4/14/2011,3.5944
4/13/2011,3.5439
4/12/2011,3.5842
4/11/2011,3.6784
4/8/2011,3.6807
4/7/2011,3.646
4/6/2011,3.6513
4/5/2011,3.594
4/4/2011,3.5275
4/1/2011,3.548
3/31/2011,3.574
3/30/2011,3.5405
3/29/2011,3.6005
3/28/2011,3.5497
3/25/2011,3.5515
3/24/2011,3.5196
3/23/2011,3.4653
3/22/2011,3.44
3/21/2011,3.441
3/18/2011,3.37
3/17/2011,3.3675
3/16/2011,3.3078
3/15/2011,3.425
3/14/2011,3.4792
3/11/2011,3.5163
3/10/2011,3.4738
3/9/2011,3.5692
3/8/2011,3.6502
3/7/2011,3.6275
3/4/2011,3.614
3/3/2011,3.6895
3/2/2011,3.597
3/1/2011,3.516
2/28/2011,3.5408
2/25/2011,3.5389
2/24/2011,3.568
2/23/2011,3.6018
2/22/2011,3.5763
2/21/2011,3.6795
2/18/2011,3.6863
2/17/2011,3.674
2/16/2011,3.725
2/15/2011,3.7085
2/14/2011,3.7338
2/11/2011,3.7493
2/10/2011,3.8166
2/9/2011,3.7701
2/8/2011,3.8464
2/7/2011,3.743
2/4/2011,3.7378
2/3/2011,3.661
2/2/2011,3.5805
2/1/2011,3.5423
1/31/2011,3.4716
1/28/2011,3.4224
1/27/2011,3.4765
1/26/2011,3.499
1/25/2011,3.4165
1/24/2011,3.4827
1/21/2011,3.4788
1/20/2011,3.5176
1/19/2011,3.4068
1/18/2011,3.4325
1/17/2011,3.3985
1/14/2011,3.3955
1/13/2011,3.367
1/12/2011,3.434
1/11/2011,3.4191
1/10/2011,3.3622
1/7/2011,3.4052
1/6/2011,3.4795
1/5/2011,3.546
1/4/2011,3.3992
1/3/2011,3.4048
12/31/2010,3.3795
12/30/2010,3.452
12/29/2010,3.4301
12/28/2010,3.5592
12/27/2010,3.412
12/24/2010,3.47
12/23/2010,3.4705
12/22/2010,3.433
12/21/2010,3.3905
12/20/2010,3.425
12/17/2010,3.43
12/16/2010,3.543
12/15/2010,3.6663
12/14/2010,3.5735
12/13/2010,3.376
12/10/2010,3.432
12/9/2010,3.3035
12/8/2010,3.3965
12/7/2010,3.2809
12/6/2010,3.0893
12/3/2010,3.1708
12/2/2010,3.164
12/1/2010,3.1305
11/30/2010,2.961
11/29/2010,2.9705
11/26/2010,3.0246
11/25/2010,2.914
11/24/2010,3.057
11/23/2010,2.916
11/22/2010,2.952
11/19/2010,3.0325
11/18/2010,3.0465
11/17/2010,3.03
11/16/2010,2.9855
11/15/2010,3.0843
11/12/2010,2.929
11/11/2010,2.7793
11/10/2010,2.7915
11/9/2010,2.831
11/8/2010,2.69
11/5/2010,2.6665
11/4/2010,2.6289
11/3/2010,2.677
11/2/2010,2.6945
11/1/2010,2.7134
10/29/2010,2.683
10/28/2010,2.7435
10/27/2010,2.8055
10/26/2010,2.7303
10/25/2010,2.6463
10/22/2010,2.622
10/21/2010,2.6045
10/20/2010,2.538
10/19/2010,2.5448
10/18/2010,2.5768
10/15/2010,2.636
10/14/2010,2.592
10/13/2010,2.5003
10/12/2010,2.5175
10/11/2010,2.498
10/8/2010,2.4985
10/7/2010,2.4875
10/6/2010,2.4973
10/5/2010,2.5668
10/4/2010,2.5535
10/1/2010,2.59
9/30/2010,2.574
9/29/2010,2.5375
9/28/2010,2.485
9/27/2010,2.5597
9/24/2010,2.647
9/23/2010,2.5955
9/22/2010,2.5979
9/21/2010,2.599
9/20/2010,2.723
9/17/2010,2.7575
9/16/2010,2.77
9/15/2010,2.72
9/14/2010,2.6588
9/13/2010,2.732
9/10/2010,2.7791
9/9/2010,2.739
9/8/2010,2.617
9/7/2010,2.5558
9/6/2010,2.676
9/3/2010,2.682
9/2/2010,2.6268
9/1/2010,2.5815
8/31/2010,2.483
8/30/2010,2.547
8/27/2010,2.6735
8/26/2010,2.487
8/25/2010,2.555
8/24/2010,2.508
8/23/2010,2.6129
8/20/2010,2.6286
8/19/2010,2.5928
8/18/2010,2.651
8/17/2010,2.629
8/16/2010,2.5593
8/13/2010,2.651
8/12/2010,2.748
8/11/2010,2.68
8/10/2010,2.7615
8/9/2010,2.821
8/6/2010,2.8295
8/5/2010,2.8905
8/4/2010,2.926
8/3/2010,2.8733
8/2/2010,2.92
7/30/2010,2.894
7/29/2010,2.9643
7/28/2010,2.966
7/27/2010,3.0425
7/26/2010,2.9949
7/23/2010,3.01
7/22/2010,2.9438
7/21/2010,2.8927
7/20/2010,2.9704
7/19/2010,2.988
7/16/2010,2.9449
7/15/2010,3.017
7/14/2010,3.0838
7/13/2010,3.1602
7/12/2010,3.1202
7/9/2010,3.1091
7/8/2010,3.0878
7/7/2010,3.0363
7/6/2010,3.012
7/5/2010,3.005
7/2/2010,3.0625
7/1/2010,3.0245
6/30/2010,3.0009
6/29/2010,3.0093
6/28/2010,3.075
6/25/2010,3.1775
6/24/2010,3.2108
6/23/2010,3.1768
6/22/2010,3.204
6/21/2010,3.2775
6/18/2010,3.2788
6/17/2010,3.249
6/16/2010,3.3295
6/15/2010,3.378
6/14/2010,3.3408
6/11/2010,3.335
6/10/2010,3.4193
6/9/2010,3.2783
6/8/2010,3.2945
6/7/2010,3.2563
6/4/2010,3.3175
6/3/2010,3.4608
6/2/2010,3.436
6/1/2010,3.3588
5/31/2010,3.385
5/28/2010,3.381
5/27/2010,3.449
5/26/2010,3.276
5/25/2010,3.2515
5/24/2010,3.284
5/21/2010,3.2835
5/20/2010,3.2745
5/19/2010,3.427
5/18/2010,3.4098
5/17/2010,3.5275
5/14/2010,3.492
5/13/2010,3.57
5/12/2010,3.6143
5/11/2010,3.5705
5/10/2010,3.5745
5/7/2010,3.4763
5/6/2010,3.4559
5/5/2010,3.5555
5/4/2010,3.6045
5/3/2010,3.698
4/30/2010,3.659
4/29/2010,3.7105
4/28/2010,3.7578
4/27/2010,3.702
4/26/2010,3.812
4/23/2010,3.8135
4/22/2010,3.7643
4/21/2010,3.723
4/20/2010,3.7883
4/19/2010,3.785
4/16/2010,3.7435
4/15/2010,3.8025
4/14/2010,3.821
4/13/2010,3.768
4/12/2010,3.803
4/9/2010,3.868
4/8/2010,3.872
4/7/2010,3.831
4/6/2010,3.935
4/5/2010,4.0215
4/2/2010,3.955
4/1/2010,3.8723
3/31/2010,3.82
3/30/2010,3.8118
3/29/2010,3.818
3/26/2010,3.7895
3/25/2010,3.812
3/24/2010,3.7629
3/23/2010,3.6638
3/22/2010,3.69
3/19/2010,3.7353
3/18/2010,3.715
3/17/2010,3.6725
3/16/2010,3.6945
3/15/2010,3.7345
3/12/2010,3.749
3/11/2010,3.7655
3/10/2010,3.7505
3/9/2010,3.739
3/8/2010,3.7703
3/5/2010,3.725
3/4/2010,3.6345
3/3/2010,3.6593
3/2/2010,3.672
3/1/2010,3.6881
2/26/2010,3.7015
2/25/2010,3.71
2/24/2010,3.7795
2/23/2010,3.781
2/22/2010,3.8861
2/19/2010,3.878
2/18/2010,3.907
2/17/2010,3.832
2/16/2010,3.757
2/15/2010,3.79
2/12/2010,3.7895
2/11/2010,3.8138
2/10/2010,3.796
2/9/2010,3.741
2/8/2010,3.6578
2/5/2010,3.6673
2/4/2010,3.716
2/3/2010,3.8155
2/2/2010,3.7603
2/1/2010,3.7765
1/29/2010,3.709
1/28/2010,3.759
1/27/2010,3.772
1/26/2010,3.7413
1/25/2010,3.7415
1/22/2010,3.7355
1/21/2010,3.694
1/20/2010,3.753
1/19/2010,3.796
1/18/2010,3.8309
1/15/2010,3.7838
1/14/2010,3.8395
1/13/2010,3.8952
1/12/2010,3.8132
1/11/2010,3.9175
1/8/2010,3.9442
1/7/2010,3.9435
1/6/2010,3.9255
1/5/2010,3.855
1/4/2010,3.934
1/1/2010,3.95
12/31/2009,4.008
12/30/2009,3.93
12/29/2009,3.9495
12/28/2009,3.998
12/25/2009,3.9482
12/24/2009,3.9495
12/23/2009,3.908
12/22/2009,3.9189
12/21/2009,3.8285
12/18/2009,3.6729
12/17/2009,3.6203
12/16/2009,3.7454
12/15/2009,3.7338
12/14/2009,3.6769
12/11/2009,3.6835
12/10/2009,3.619
12/9/2009,3.5605
12/8/2009,3.5203
12/7/2009,3.5727
12/4/2009,3.6198
12/3/2009,3.4995
12/2/2009,3.4198
12/1/2009,3.3915
11/30/2009,3.2963
11/27/2009,3.293
11/26/2009,3.368
11/25/2009,3.3595
11/24/2009,3.3985
11/23/2009,3.467
11/20/2009,3.481
11/19/2009,3.4468
11/18/2009,3.4548
11/17/2009,3.418
11/16/2009,3.4325
11/13/2009,3.5355
11/12/2009,3.571
11/11/2009,3.6288
11/10/2009,3.6112
11/9/2009,3.6402
11/6/2009,3.6565
11/5/2009,3.6936
11/4/2009,3.6975
11/3/2009,3.6445
11/2/2009,3.5978
10/30/2009,3.5625
10/29/2009,3.663
10/28/2009,3.586
10/27/2009,3.6308
10/26/2009,3.7495
10/23/2009,3.669
10/22/2009,3.6009
10/21/2009,3.5645
10/20/2009,3.5184
10/19/2009,3.5637
10/16/2009,3.5973
10/15/2009,3.6359
10/14/2009,3.582
10/13/2009,3.5166
10/12/2009,3.5444
10/9/2009,3.5565
10/8/2009,3.4015
10/7/2009,3.3625
10/6/2009,3.4353
10/5/2009,3.3928
10/2/2009,3.382
10/1/2009,3.3305
9/30/2009,3.4593
