Security,USSFCT30 BGN Curncy
Start Date,10/16/2020 0:00
End Date,7/22/2025 0:00
Period,D
Pricing Source,BGN
,
Date,PX_LAST
7/22/2025,-84.35
7/21/2025,-84.9866
7/18/2025,-86.625
7/17/2025,-86.125
7/16/2025,-87.25
7/15/2025,-87.1089
7/14/2025,-87.0205
7/11/2025,-86.75
7/10/2025,-85.2634
7/9/2025,-86.0389
7/8/2025,-86.375
7/7/2025,-87.125
7/3/2025,-85.7549
7/2/2025,-86.375
7/1/2025,-85.6298
6/30/2025,-87.625
6/27/2025,-88.62
6/26/2025,-89.625
6/25/2025,-89.825
6/24/2025,-90.1265
6/23/2025,-89.375
6/20/2025,-88.2435
6/19/2025,-87.91
6/18/2025,-87.9085
6/17/2025,-86.6363
6/16/2025,-87.375
6/13/2025,-87.5
6/12/2025,-85.0219
6/11/2025,-85.25
6/10/2025,-85
6/9/2025,-85.2613
6/6/2025,-85.75
6/5/2025,-84.875
6/4/2025,-85.75
6/3/2025,-87.75
6/2/2025,-88.98
5/30/2025,-89.0832
5/29/2025,-88.875
5/28/2025,-89.75
5/27/2025,-89.9838
5/23/2025,-91.3616
5/22/2025,-89.8906
5/21/2025,-91.985
5/20/2025,-88.4776
5/19/2025,-87.625
5/16/2025,-86.2037
5/15/2025,-86.0249
5/14/2025,-85.875
5/13/2025,-85.508
5/12/2025,-83.9952
5/9/2025,-85.8696
5/8/2025,-86.8678
5/7/2025,-88.3719
5/6/2025,-89.905
5/5/2025,-89.01
5/2/2025,-88.8652
5/1/2025,-87.9693
4/30/2025,-87.0524
4/29/2025,-85.3054
4/28/2025,-84.9387
4/25/2025,-85.625
4/24/2025,-85.3301
4/23/2025,-87.8818
4/22/2025,-90.51
4/21/2025,-93.0171
4/17/2025,-89
4/16/2025,-88
4/15/2025,-87.375
4/14/2025,-85.8433
4/11/2025,-89.375
4/10/2025,-92.175
4/9/2025,-88.0552
4/8/2025,-97.0518
4/7/2025,-89.5
4/4/2025,-83.6468
4/3/2025,-82.1538
4/2/2025,-77.4
4/1/2025,-77.46
3/31/2025,-78.447
3/28/2025,-79.54
3/27/2025,-79.1207
3/26/2025,-79.2788
3/25/2025,-77.75
3/24/2025,-77.3635
3/21/2025,-76.875
3/20/2025,-75.75
3/19/2025,-73.75
3/18/2025,-73.75
3/17/2025,-73.5144
3/14/2025,-74.375
3/13/2025,-75.4838
3/12/2025,-76.4332
3/11/2025,-77.61
3/10/2025,-78.375
3/7/2025,-77.8101
3/6/2025,-77.125
3/5/2025,-76.87
3/4/2025,-77.504
3/3/2025,-75.8831
2/28/2025,-75.75
2/27/2025,-75.5395
2/26/2025,-74.4758
2/25/2025,-75.1
2/24/2025,-73.65
2/21/2025,-72.8032
2/20/2025,-72.75
2/19/2025,-71.125
2/18/2025,-72.25
2/14/2025,-71.2732
2/13/2025,-69.52
2/12/2025,-71.6
2/11/2025,-75.16
2/10/2025,-75.5321
2/7/2025,-74.75
2/6/2025,-76.3992
2/5/2025,-79
2/4/2025,-81.6343
2/3/2025,-81.5
1/31/2025,-81.375
1/30/2025,-81.26
1/29/2025,-81.9134
1/28/2025,-82.0356
1/27/2025,-82
1/24/2025,-82
1/23/2025,-82.9186
1/22/2025,-81.9048
1/21/2025,-81.225
1/17/2025,-81.125
1/16/2025,-81.25
1/15/2025,-82.105
1/14/2025,-82.6023
1/13/2025,-83.5
1/10/2025,-84.75
1/9/2025,-84
1/8/2025,-83.7623
1/7/2025,-83.5
1/6/2025,-83.434
1/3/2025,-85.0309
1/2/2025,-84.75
12/31/2024,-85.125
12/30/2024,-83.8
12/27/2024,-82.832
12/26/2024,-83.25
12/24/2024,-83.625
12/23/2024,-83.875
12/20/2024,-84.9944
12/19/2024,-84.7541
12/18/2024,-83.895
12/17/2024,-82.3886
12/16/2024,-83.0268
12/13/2024,-83.915
12/12/2024,-82.7928
12/11/2024,-82.4858
12/10/2024,-81.8068
12/9/2024,-80.7692
12/6/2024,-79.892
12/5/2024,-79.125
12/4/2024,-79.3303
12/3/2024,-79.5014
12/2/2024,-79
11/29/2024,-79.53
11/28/2024,-80
11/27/2024,-80
11/26/2024,-79.3557
11/25/2024,-81.3594
11/22/2024,-84.4237
11/21/2024,-84.1884
11/20/2024,-83.7943
11/19/2024,-83.3091
11/18/2024,-83.734
11/15/2024,-83.675
11/14/2024,-82.575
11/13/2024,-83.2881
11/12/2024,-81.5
11/8/2024,-79.25
11/7/2024,-80.7407
11/6/2024,-82.3962
11/5/2024,-84.125
11/4/2024,-84.125
11/1/2024,-84.375
10/31/2024,-83.5136
10/30/2024,-82.5
10/29/2024,-82.25
10/28/2024,-82.7747
10/25/2024,-82.41
10/24/2024,-82.1378
10/23/2024,-82.125
10/22/2024,-82.0045
10/21/2024,-81.75
10/18/2024,-81.4137
10/17/2024,-81.5307
10/16/2024,-80.75
10/15/2024,-81.625
10/11/2024,-82.125
10/10/2024,-81.99
10/9/2024,-81.8704
10/8/2024,-82
10/7/2024,-81.87
10/4/2024,-82.5
10/3/2024,-82.185
10/2/2024,-81.875
10/1/2024,-81.6399
9/30/2024,-81.875
9/27/2024,-81
9/26/2024,-81.5
9/25/2024,-81.875
9/24/2024,-81.146
9/23/2024,-80.8671
9/20/2024,-80.739
9/19/2024,-81
9/18/2024,-80.63
9/17/2024,-80.75
9/16/2024,-81.1303
9/13/2024,-81.625
9/12/2024,-81.9916
9/11/2024,-81.875
9/10/2024,-82
9/9/2024,-82.1366
9/6/2024,-81.75
9/5/2024,-81.75
9/4/2024,-81.875
9/3/2024,-81.75
8/30/2024,-82
8/29/2024,-80.875
8/28/2024,-80.125
8/27/2024,-80.125
8/26/2024,-80.6173
8/23/2024,-79.8871
8/22/2024,-80.5
8/21/2024,-80.125
8/20/2024,-80.8545
8/19/2024,-81.005
8/16/2024,-80.625
8/15/2024,-80.7826
8/14/2024,-81.005
8/13/2024,-81.8787
8/12/2024,-82.375
8/9/2024,-82.875
8/8/2024,-83.2641
8/7/2024,-82.7984
8/6/2024,-81.6789
8/5/2024,-81.1545
8/2/2024,-80.633
8/1/2024,-79.875
7/31/2024,-79.75
7/30/2024,-81.125
7/29/2024,-80.875
7/26/2024,-81.5
7/25/2024,-82.4375
7/24/2024,-82.39
7/23/2024,-80.1162
7/22/2024,-79.875
7/19/2024,-79.375
7/18/2024,-78.7698
7/17/2024,-78.375
7/16/2024,-78.5
7/15/2024,-79.534
7/12/2024,-78.76
7/11/2024,-79.365
7/10/2024,-78.5
7/9/2024,-79
7/8/2024,-79.125
7/5/2024,-80.375
7/3/2024,-79.9
7/2/2024,-80.1241
7/1/2024,-80.0285
6/28/2024,-80
6/27/2024,-78.24
6/26/2024,-77.875
6/25/2024,-77.74
6/24/2024,-77.5041
6/21/2024,-76.66
6/20/2024,-76.5
6/19/2024,-77.245
6/18/2024,-77.25
6/17/2024,-76.625
6/14/2024,-77.125
6/13/2024,-77
6/12/2024,-75
6/11/2024,-75.375
6/10/2024,-75.625
6/7/2024,-75.4434
6/6/2024,-75.125
6/5/2024,-75.264
6/4/2024,-74.58
6/3/2024,-74.255
5/31/2024,-74.875
5/30/2024,-74.625
5/29/2024,-74
5/28/2024,-73.385
5/24/2024,-73.25
5/23/2024,-72.8785
5/22/2024,-72.875
5/21/2024,-73.25
5/20/2024,-73.5
5/17/2024,-73.5
5/16/2024,-72.875
5/15/2024,-73.9067
5/14/2024,-75.25
5/13/2024,-75.375
5/10/2024,-75.625
5/9/2024,-76.25
5/8/2024,-76.125
5/7/2024,-76.25
5/6/2024,-76.75
5/3/2024,-76.265
5/2/2024,-76.125
5/1/2024,-75.5
4/30/2024,-75.65
4/29/2024,-75.75
4/26/2024,-75.75
4/25/2024,-76.1392
4/24/2024,-76.4935
4/23/2024,-76.5
4/22/2024,-76.5
4/19/2024,-76.625
4/18/2024,-76.5
4/17/2024,-76.2549
4/16/2024,-76.375
4/15/2024,-76.75
4/12/2024,-75.3601
4/11/2024,-75.275
4/10/2024,-75.5
4/9/2024,-74.8769
4/8/2024,-74.7769
4/5/2024,-75.18
4/4/2024,-74.175
4/3/2024,-74.375
4/2/2024,-74.4967
4/1/2024,-73.26
3/28/2024,-72.875
3/27/2024,-72.64
3/26/2024,-72.5
3/25/2024,-72.25
3/22/2024,-73.125
3/21/2024,-73.625
3/20/2024,-73.625
3/19/2024,-74.155
3/18/2024,-74.63
3/15/2024,-75
3/14/2024,-74.875
3/13/2024,-74.7546
3/12/2024,-74.25
3/11/2024,-73.875
3/8/2024,-73.8607
3/7/2024,-74.0162
3/6/2024,-73.61
3/5/2024,-74.27
3/4/2024,-74.01
3/1/2024,-73.49
2/29/2024,-73
2/28/2024,-73.13
2/27/2024,-72.88
2/26/2024,-72.635
2/23/2024,-72.11
2/22/2024,-72.11
2/21/2024,-72.3936
2/20/2024,-72.5
2/16/2024,-73
2/15/2024,-72.3125
2/14/2024,-72.8
2/13/2024,-72.9992
2/12/2024,-72.875
2/9/2024,-72.5
2/8/2024,-72.16
2/7/2024,-72.5524
2/6/2024,-72.75
2/5/2024,-71.625
2/2/2024,-70.8993
2/1/2024,-71
1/31/2024,-71.375
1/30/2024,-70.23
1/29/2024,-70.125
1/26/2024,-70.74
1/25/2024,-70.5
1/24/2024,-70.603
1/23/2024,-70.646
1/22/2024,-69.875
1/19/2024,-70.313
1/18/2024,-71
1/17/2024,-71.375
1/16/2024,-71.625
1/12/2024,-71.64
1/11/2024,-69.875
1/10/2024,-69.5
1/9/2024,-68.591
1/8/2024,-68.5
1/5/2024,-70.11
1/4/2024,-69.25
1/3/2024,-69.5
1/2/2024,-72.25
12/29/2023,-71.17
12/28/2023,-70
12/27/2023,-69.139
12/26/2023,-69.75
12/22/2023,-69.85
12/21/2023,-70.375
12/20/2023,-69.7495
12/19/2023,-69.2335
12/18/2023,-69.021
12/15/2023,-68.5
12/14/2023,-68.492
12/13/2023,-68.25
12/12/2023,-68.822
12/11/2023,-68.03
12/8/2023,-66.9093
12/7/2023,-66.75
12/6/2023,-66.24
12/5/2023,-66.49
12/4/2023,-67.1466
12/1/2023,-66.88
11/30/2023,-68.452
11/29/2023,-69.5
11/28/2023,-68.66
11/27/2023,-67.49
11/24/2023,-67.125
11/23/2023,-66.77
11/22/2023,-66.75
11/21/2023,-66.9989
11/20/2023,-67.36
11/17/2023,-67.25
11/16/2023,-67.125
11/15/2023,-67.125
11/14/2023,-67.5
11/13/2023,-68
11/10/2023,-68.89
11/9/2023,-69.73
11/8/2023,-69.75
11/7/2023,-70.875
11/6/2023,-71.02
11/3/2023,-69.8471
11/2/2023,-69.75
11/1/2023,-70
10/31/2023,-71.88
10/30/2023,-72.36
10/27/2023,-71.28
10/26/2023,-70.5
10/25/2023,-70.8951
10/24/2023,-69.74
10/23/2023,-71.02
10/20/2023,-71.345
10/19/2023,-71.75
10/18/2023,-70.05
10/17/2023,-70.1875
10/16/2023,-70.375
10/13/2023,-70.125
10/12/2023,-69.8917
10/11/2023,-69.25
10/10/2023,-68.5023
10/6/2023,-68.53
10/5/2023,-69.126
10/4/2023,-68.75
10/3/2023,-69.75
10/2/2023,-69.375
9/29/2023,-69.53
9/28/2023,-69
9/27/2023,-69.52
9/26/2023,-69.25
9/25/2023,-68.625
9/22/2023,-68.15
9/21/2023,-67.8478
9/20/2023,-67.63
9/19/2023,-67.4
9/18/2023,-67.75
9/15/2023,-68.5
9/14/2023,-67.66
9/13/2023,-67
9/12/2023,-67.5
9/11/2023,-67.375
9/8/2023,-67.02
9/7/2023,-67.25
9/6/2023,-67.26
9/5/2023,-67.875
9/1/2023,-67.75
8/31/2023,-67.25
8/30/2023,-66.63
8/29/2023,-66.25
8/28/2023,-65.93
8/25/2023,-65.877
8/24/2023,-66.193
8/23/2023,-66.985
8/22/2023,-67.25
8/21/2023,-67
8/18/2023,-67.3125
8/17/2023,-68.03
8/16/2023,-68.875
8/15/2023,-68.05
8/14/2023,-67.375
8/11/2023,-67.62
8/10/2023,-68.5
8/9/2023,-68.75
8/8/2023,-69.25
8/7/2023,-68.875
8/4/2023,-67.3506
8/3/2023,-65.8477
8/2/2023,-66.6369
8/1/2023,-65.375
7/31/2023,-65.2457
7/28/2023,-64.9192
7/27/2023,-65.5
7/26/2023,-64.39
7/25/2023,-64.6085
7/24/2023,-64.36
7/21/2023,-65.125
7/20/2023,-66.15
7/19/2023,-66.375
7/18/2023,-67.5
7/17/2023,-67.12
7/14/2023,-66.5
7/13/2023,-66.36
7/12/2023,-67.01
7/11/2023,-67.5
7/10/2023,-66.52
7/7/2023,-66.3665
7/6/2023,-66.5
7/5/2023,-66.375
7/3/2023,-66.07
6/30/2023,-66.625
6/29/2023,-67.375
6/28/2023,-65.64
6/27/2023,-65.75
6/26/2023,-65.23
6/23/2023,-65.71
6/22/2023,-65.87
6/21/2023,-65.625
6/20/2023,-65.65
6/16/2023,-66.4025
6/15/2023,-66
6/14/2023,-67
6/13/2023,-68.375
6/12/2023,-68.875
6/9/2023,-67.8742
6/8/2023,-68.38
6/7/2023,-69.37
6/6/2023,-69.625
6/5/2023,-68.39
6/2/2023,-67.25
6/1/2023,-68.389
5/31/2023,-68.875
5/30/2023,-69.5
5/26/2023,-69.375
5/25/2023,-70.375
5/24/2023,-70.625
5/23/2023,-70
5/22/2023,-70.14
5/19/2023,-70.875
5/18/2023,-71.12
5/17/2023,-72.375
5/16/2023,-72.75
5/15/2023,-73.25
5/12/2023,-72.25
5/11/2023,-71.875
5/10/2023,-71.67
5/9/2023,-72.1
5/8/2023,-71.5
5/5/2023,-69.88
5/4/2023,-69.25
5/3/2023,-67.4
5/2/2023,-68.88
5/1/2023,-69.25
4/28/2023,-70
4/27/2023,-70.625
4/26/2023,-70.375
4/25/2023,-70.125
4/24/2023,-69.375
4/21/2023,-69.5
4/20/2023,-70
4/19/2023,-70.25
4/18/2023,-69.8
4/17/2023,-71.25
4/14/2023,-71.65
4/13/2023,-71.875
4/12/2023,-72.125
4/11/2023,-70.45
4/10/2023,-69.74
4/7/2023,-68.875
4/6/2023,-68.75
4/5/2023,-69.375
4/4/2023,-70.86
4/3/2023,-71
3/31/2023,-72.375
3/30/2023,-73.625
3/29/2023,-74.58
3/28/2023,-76.375
3/27/2023,-75.75
3/24/2023,-74.875
3/23/2023,-74.57
3/22/2023,-72.01
3/21/2023,-73.5
3/20/2023,-73.65
3/17/2023,-72.42
3/16/2023,-70.64
3/15/2023,-68.25
3/14/2023,-68.75
3/13/2023,-72.625
3/10/2023,-72
3/9/2023,-70.14
3/8/2023,-68.875
3/7/2023,-68.5
3/6/2023,-67.5
3/3/2023,-66.5
3/2/2023,-67
3/1/2023,-67.25
2/28/2023,-67.9
2/27/2023,-67.875
2/24/2023,-67.63
2/23/2023,-67.9375
2/22/2023,-67.7
2/21/2023,-68.5625
2/17/2023,-68.91
2/16/2023,-68.125
2/15/2023,-68.18
2/14/2023,-67.5
2/13/2023,-66.26
2/10/2023,-66.69
2/9/2023,-65.75
2/8/2023,-65.38
2/7/2023,-65
2/6/2023,-65.625
2/3/2023,-64.36
2/2/2023,-63.25
2/1/2023,-65.125
1/31/2023,-67.47
1/30/2023,-65.77
1/27/2023,-65.5
1/26/2023,-65.89
1/25/2023,-67.12
1/24/2023,-68.4
1/23/2023,-69.15
1/20/2023,-69
1/19/2023,-68.25
1/18/2023,-65.5
1/17/2023,-66.89
1/13/2023,-67.375
1/12/2023,-67.855
1/11/2023,-71.36
1/10/2023,-74.125
1/9/2023,-74.125
1/6/2023,-74.52
1/5/2023,-74.375
1/4/2023,-74.63
1/3/2023,-77.625
12/30/2022,-76.3125
12/29/2022,-73.625
12/28/2022,-72.73
12/27/2022,-73.875
12/23/2022,-70.21
12/22/2022,-69.25
12/21/2022,-70
12/20/2022,-72.69
12/19/2022,-69.33
12/16/2022,-67.33
12/15/2022,-66.5
12/14/2022,-66.85
12/13/2022,-65.25
12/12/2022,-63.75
12/9/2022,-63.625
12/8/2022,-64.5
12/7/2022,-65.875
12/6/2022,-68.73
12/5/2022,-67.35
12/2/2022,-68.375
12/1/2022,-70.5
11/30/2022,-73.125
11/29/2022,-73.25
11/28/2022,-72.9
11/25/2022,-72.55
11/24/2022,-72.625
11/23/2022,-72.625
11/22/2022,-74
11/21/2022,-72
11/18/2022,-72.5
11/17/2022,-72.35
11/16/2022,-73
11/15/2022,-72.625
11/14/2022,-73.875
11/11/2022,-77.2
11/10/2022,-77.25
11/9/2022,-77.925
11/8/2022,-78.375
11/7/2022,-77.75
11/4/2022,-74.895
11/3/2022,-73.75
11/2/2022,-73.375
11/1/2022,-72.38
10/31/2022,-75.125
10/28/2022,-75.5
10/27/2022,-76.75
10/26/2022,-76.775
10/25/2022,-76.05
10/24/2022,-77.38
10/21/2022,-76.05
10/20/2022,-73.5
10/19/2022,-75.365
10/18/2022,-75.6
10/17/2022,-75.625
10/14/2022,-76.25
10/13/2022,-76.22
10/12/2022,-72.125
10/11/2022,-74.5625
10/7/2022,-72.9375
10/6/2022,-71.875
10/5/2022,-70.75
10/4/2022,-74.35
10/3/2022,-72.195
9/30/2022,-71.125
9/29/2022,-69.327
9/28/2022,-69.8
9/27/2022,-75
9/26/2022,-67.75
9/23/2022,-64.546
9/22/2022,-60.575
9/21/2022,-58.875
9/20/2022,-59.125
9/19/2022,-57.75
9/16/2022,-58.5
9/15/2022,-57.69
9/14/2022,-58.875
9/13/2022,-59.5
9/12/2022,-60.125
9/9/2022,-60.125
9/8/2022,-60.059
9/7/2022,-60.1
9/6/2022,-60.25
9/2/2022,-58.457
9/1/2022,-56.95
8/31/2022,-56.33
8/30/2022,-55.615
8/29/2022,-56.304
8/26/2022,-56.7
8/25/2022,-56.875
8/24/2022,-57.125
8/23/2022,-57.875
8/22/2022,-59.425
8/19/2022,-60.125
8/18/2022,-60.586
8/17/2022,-59.571
8/16/2022,-60.5
8/15/2022,-60.25
8/12/2022,-59.3
8/11/2022,-59.876
8/10/2022,-59.05
8/9/2022,-58
8/8/2022,-58.117
8/5/2022,-57.875
8/4/2022,-57.01
8/3/2022,-56.353
8/2/2022,-55.943
8/1/2022,-57.15
7/29/2022,-56.125
7/28/2022,-54.412
7/27/2022,-53.388
7/26/2022,-52.75
7/25/2022,-53.5
7/22/2022,-52.76
7/21/2022,-52.972
7/20/2022,-53.913
7/19/2022,-55.25
7/18/2022,-55.51
7/15/2022,-54.875
7/14/2022,-53.75
7/13/2022,-52.625
7/12/2022,-53.1
7/11/2022,-53.25
7/8/2022,-53.63
7/7/2022,-54.25
7/6/2022,-54.5
7/5/2022,-52
7/1/2022,-51.75
6/30/2022,-51.905
6/29/2022,-51.5
6/28/2022,-52.457
6/27/2022,-52.41
6/24/2022,-51.875
6/23/2022,-52.8125
6/22/2022,-53.505
6/21/2022,-55.229
6/17/2022,-56.5
6/16/2022,-60.125
6/15/2022,-56.75
6/14/2022,-55.625
6/13/2022,-53.25
6/10/2022,-52.25
6/9/2022,-50.625
6/8/2022,-50.11
6/7/2022,-49.3125
6/6/2022,-48.46
6/3/2022,-49.375
6/2/2022,-48.95
6/1/2022,-49.625
5/31/2022,-49.38
5/27/2022,-50.32
5/26/2022,-50.333
5/25/2022,-51.369
5/24/2022,-53.375
5/23/2022,-55.523
5/20/2022,-55.29
5/19/2022,-54.5
5/18/2022,-53.99
5/17/2022,-53.34
5/16/2022,-53.161
5/13/2022,-51.9375
5/12/2022,-52
5/11/2022,-53.875
5/10/2022,-54.375
5/9/2022,-55.2
5/6/2022,-54.3
5/5/2022,-53.776
5/4/2022,-51.89
5/3/2022,-51.78
5/2/2022,-51.825
4/29/2022,-50.0295
4/28/2022,-48.375
4/27/2022,-49.624
4/26/2022,-50.63
4/25/2022,-51.125
4/22/2022,-50.75
4/21/2022,-49.937
4/20/2022,-48.625
4/19/2022,-48.375
4/18/2022,-50.5
4/14/2022,-48.15
4/13/2022,-46.458
4/12/2022,-46.625
4/11/2022,-44.53
4/8/2022,-45.55
4/7/2022,-48
4/6/2022,-48.875
4/5/2022,-49.125
4/4/2022,-50.125
4/1/2022,-48.71
3/31/2022,-47.625
3/30/2022,-45.625
3/29/2022,-45.015
3/28/2022,-45.25
3/25/2022,-44.375
3/24/2022,-44.12
3/23/2022,-45.1
3/22/2022,-45
3/21/2022,-44.165
3/18/2022,-44.69
3/17/2022,-47.25
3/16/2022,-47.25
3/15/2022,-51.25
3/14/2022,-53
3/11/2022,-54.75
3/10/2022,-56.131
3/9/2022,-55.36
3/8/2022,-57.734
3/7/2022,-57.711
3/4/2022,-55.4
3/3/2022,-51.15
3/2/2022,-50.125
3/1/2022,-51.25
2/28/2022,-48.5
2/25/2022,-47.863
2/24/2022,-47.5
2/23/2022,-46.45
2/22/2022,-46.09
2/18/2022,-46.235
2/17/2022,-46.97
2/16/2022,-46.695
2/15/2022,-48.101
2/14/2022,-47.785
2/11/2022,-48.671
2/10/2022,-47.555
2/9/2022,-46.574
2/8/2022,-46.5
2/7/2022,-46.152
2/4/2022,-45.69
2/3/2022,-45.125
2/2/2022,-44.47
2/1/2022,-44.875
1/31/2022,-44.75
1/28/2022,-43.493
1/27/2022,-43.385
1/26/2022,-45.006
1/25/2022,-45.0625
1/24/2022,-45.447
1/21/2022,-45.11
1/20/2022,-45.24
1/19/2022,-46.658
1/18/2022,-45.47
1/14/2022,-45.4
1/13/2022,-44.625
1/12/2022,-44.625
1/11/2022,-43.758
1/10/2022,-43.754
1/7/2022,-45.27
1/6/2022,-44.448
1/5/2022,-46.825
1/4/2022,-47.875
1/3/2022,-47.163
12/31/2021,-45
12/30/2021,-45.125
12/29/2021,-44.375
12/28/2021,-44.125
12/27/2021,-43.675
12/24/2021,-43.61
12/23/2021,-43.625
12/22/2021,-42.52
12/21/2021,-44.21
12/20/2021,-45.66
12/17/2021,-45.87
12/16/2021,-46.257
12/15/2021,-44.245
12/14/2021,-42.51
12/13/2021,-42.72
12/10/2021,-43.49
12/9/2021,-44
12/8/2021,-44.1875
12/7/2021,-40.902
12/6/2021,-40.56
12/3/2021,-40.24
12/2/2021,-42.54
12/1/2021,-42.932
11/30/2021,-43.1
11/29/2021,-44.25
11/26/2021,-44.625
11/25/2021,-44.35
11/24/2021,-44.285
11/23/2021,-44.63
11/22/2021,-44.405
11/19/2021,-46.24
11/18/2021,-46.94
11/17/2021,-46.7
11/16/2021,-47.78
11/15/2021,-46.625
11/12/2021,-45.25
11/11/2021,-46
11/10/2021,-46
11/9/2021,-47.375
11/8/2021,-48.05
11/5/2021,-48.875
11/4/2021,-48.65
11/3/2021,-47.46
11/2/2021,-48.06
11/1/2021,-48.84
10/29/2021,-48.4
10/28/2021,-49.42
10/27/2021,-46.2
10/26/2021,-45.6875
10/25/2021,-47.125
10/22/2021,-48.375
10/21/2021,-49.375
10/20/2021,-49.925
10/19/2021,-49.775
10/18/2021,-50.125
10/15/2021,-50.81
10/14/2021,-51.075
10/13/2021,-50.04
10/12/2021,-50.375
10/8/2021,-51.575
10/7/2021,-51.7
10/6/2021,-52.6
10/5/2021,-53.275
10/4/2021,-53.3861
10/1/2021,-53.131
9/30/2021,-52.225
9/29/2021,-51.974
9/28/2021,-51.4491
9/27/2021,-51.075
9/24/2021,-51.1001
9/23/2021,-50.9639
9/22/2021,-50.83
9/21/2021,-51.5
9/20/2021,-51.07
9/17/2021,-49.6887
9/16/2021,-50.29
9/15/2021,-50.94
9/14/2021,-51.7
9/13/2021,-52.62
9/10/2021,-52.375
9/9/2021,-52.25
9/8/2021,-52.125
9/7/2021,-54
9/3/2021,-54.33
9/2/2021,-54.25
9/1/2021,-53.7473
8/31/2021,-54.03
8/30/2021,-53.2698
8/27/2021,-53.2483
8/26/2021,-54.04
8/25/2021,-54.625
8/24/2021,-55.44
8/23/2021,-55.25
8/20/2021,-54.65
8/19/2021,-54.56
8/18/2021,-54.45
8/17/2021,-55.875
8/16/2021,-57.6
8/13/2021,-56.76
8/12/2021,-56.12
8/11/2021,-56.25
8/10/2021,-56.3
8/9/2021,-55.27
8/6/2021,-53.675
8/5/2021,-52.85
8/4/2021,-53
8/3/2021,-53.06
8/2/2021,-51.75
7/30/2021,-51.13
7/29/2021,-50.63
7/28/2021,-52.5
7/27/2021,-54.38
7/26/2021,-54.38
7/23/2021,-54.5
7/22/2021,-53.75
7/21/2021,-55.25
7/20/2021,-57.25
7/19/2021,-58.25
7/16/2021,-57
7/15/2021,-56.25
7/14/2021,-54.375
7/13/2021,-54.25
7/12/2021,-54.75
7/9/2021,-55
7/8/2021,-56.75
7/7/2021,-57
7/6/2021,-58.5
7/5/2021,-57.75
7/2/2021,-57.75
7/1/2021,-58
6/30/2021,-58.625
6/29/2021,-58.25
6/28/2021,-58.75
6/25/2021,-60
6/24/2021,-58
6/23/2021,-59.75
6/22/2021,-61.25
6/21/2021,-60
6/18/2021,-58.25
6/17/2021,-56.25
6/16/2021,-56.75
6/15/2021,-59.5
6/14/2021,-58.25
6/11/2021,-57.75
6/10/2021,-57.5
6/9/2021,-56.75
6/8/2021,-56.75
6/7/2021,-56.75
6/4/2021,-56.25
6/3/2021,-56
6/2/2021,-55
6/1/2021,-54.75
5/31/2021,-57.25
5/28/2021,-57.25
5/27/2021,-56.5
5/26/2021,-56.75
5/25/2021,-57.25
5/24/2021,-57
5/21/2021,-56.5
5/20/2021,-56.75
5/19/2021,-58.25
5/18/2021,-59.25
5/17/2021,-59.25
5/14/2021,-58.5
5/13/2021,-62
5/12/2021,-58.25
5/11/2021,-57.5
5/10/2021,-57.75
5/7/2021,-55.75
5/6/2021,-54.75
5/5/2021,-54
5/4/2021,-54
5/3/2021,-54.25
4/30/2021,-53
4/29/2021,-53
4/28/2021,-54.5
4/27/2021,-55.5
4/26/2021,-55
4/23/2021,-54
4/22/2021,-58.75
4/21/2021,-54.75
4/20/2021,-55.25
4/19/2021,-56.75
4/16/2021,-55
4/15/2021,-55
4/14/2021,-55
4/13/2021,-52.75
4/12/2021,-50.75
4/9/2021,-49.25
4/8/2021,-52
4/7/2021,-51.75
4/6/2021,-51
4/5/2021,-49.25
4/2/2021,-50.125
4/1/2021,-49
3/31/2021,-49
3/30/2021,-49.25
3/29/2021,-51
3/26/2021,-50.75
3/25/2021,-53
3/24/2021,-52
3/23/2021,-53.5
3/22/2021,-53.75
3/19/2021,-52.25
3/18/2021,-57.25
3/17/2021,-56.75
3/16/2021,-58.25
3/15/2021,-57
3/12/2021,-57.25
3/11/2021,-57
3/10/2021,-58
3/9/2021,-56
3/8/2021,-54.25
3/5/2021,-52.25
3/4/2021,-51.5
3/3/2021,-52
3/2/2021,-51.5
3/1/2021,-50.25
2/26/2021,-53.5
2/25/2021,-57.75
2/24/2021,-54.25
2/23/2021,-50.75
2/22/2021,-49.25
2/19/2021,-47.25
2/18/2021,-46.75
2/17/2021,-46.5
2/16/2021,-45.25
2/15/2021,-47
2/12/2021,-47
2/11/2021,-45.75
2/10/2021,-46
2/9/2021,-46.25
2/8/2021,-45.75
2/5/2021,-46.25
2/4/2021,-47.75
2/3/2021,-49.25
2/2/2021,-50.25
2/1/2021,-50.5
1/29/2021,-49.75
1/28/2021,-50.25
1/27/2021,-50.5
1/26/2021,-49.75
1/25/2021,-49.25
1/22/2021,-49.75
1/21/2021,-50.75
1/20/2021,-51.25
1/19/2021,-51.125
1/15/2021,-49.5
1/14/2021,-49.25
1/13/2021,-48
1/12/2021,-49.75
1/11/2021,-50.75
1/8/2021,-50.5
1/7/2021,-51.75
1/6/2021,-52.5
1/5/2021,-52
12/30/2020,-48.25
12/28/2020,-47.25
12/24/2020,-47.25
12/23/2020,-49
12/22/2020,-49.5
12/21/2020,-50.75
12/18/2020,-51
12/17/2020,-51.25
12/16/2020,-51
12/15/2020,-51.5
12/14/2020,-50.25
12/11/2020,-52.75
12/10/2020,-52.75
12/9/2020,-51.5
12/8/2020,-51.75
12/7/2020,-53.5
12/4/2020,-54.75
12/3/2020,-53.75
12/2/2020,-55.875
12/1/2020,-53
11/30/2020,-55
11/27/2020,-57
11/25/2020,-56.5
11/24/2020,-56
11/20/2020,-56.25
11/19/2020,-56.75
11/18/2020,-56.75
11/17/2020,-58
11/16/2020,-58.25
11/13/2020,-59
11/12/2020,-59.25
11/11/2020,-60.5
11/10/2020,-60.5
11/9/2020,-60.5
11/6/2020,-58.5
11/5/2020,-58.875
11/4/2020,-58.25
11/2/2020,-61.5
10/30/2020,-60.5
10/29/2020,-60.25
10/28/2020,-60.25
10/27/2020,-55.5
10/26/2020,-54.75
10/23/2020,-59.75
10/22/2020,-60.25
10/21/2020,-60.5
10/20/2020,-60.75
10/19/2020,-62
10/16/2020,-62.375
